:020000040800F2
:1000000000000220456D0008A9140008AB14000888
:10001000AD140008AF140008B1140008000000007F
:10002000000000000000000000000000B314000801
:10003000B514000800000000B7140008B914000847
:10004000956D0008956D0008956D0008956D000888
:10005000956D0008956D0008956D0008956D000878
:10006000956D0008956D0008956D0008BD14000899
:10007000956D0008956D0008956D0008956D000858
:10008000CD140008956D0008956D0008956D000869
:10009000956D0008956D0008956D0008956D000838
:1000A000956D0008DD140008956D0008956D000839
:1000B000956D0008956D0008956D0008956D000818
:1000C000956D0008956D0008956D0008956D000808
:1000D000956D0008956D0008956D0008956D0008F8
:1000E000956D0008956D0008956D0008956D0008E8
:1000F000956D0008ED140008956D0008956D0008D9
:10010000956D0008956D0008956D0008FD140008B8
:10011000956D0008956D0008956D0008956D0008B7
:10012000956D0008956D0008956D0008956D0008A7
:10013000956D00080000000000000000956D0008AB
:10014000956D0008956D0008956D00080D15000867
:10015000956D0008956D0008956D0008956D000877
:10016000956D0008956D0008956D0008956D000867
:10017000956D0008956D000800000000000000006B
:08018000956D0008956D000863
:1001900081F0004102E000BF83F0004330B54FEA38
:1001A00041044FEA430594EA050F08BF90EA020FA5
:1001B0001FBF54EA000C55EA020C7FEA645C7FEA38
:1001C000655C00F0E2804FEA5454D4EB5555B8BF5B
:1001D0006D420CDD2C4480EA020281EA030382EACC
:1001E000000083EA010180EA020281EA0303362D5E
:1001F00088BF30BD11F0004F4FEA01314FF4801C31
:100200004CEA113102D0404261EB410113F0004F42
:100210004FEA03334CEA133302D0524263EB4303F9
:1002200094EA050F00F0A780A4F10104D5F1200E97
:100230000DDB02FA0EFC22FA05F2801841F10001F2
:1002400003FA0EF2801843FA05F359410EE0A5F1C6
:1002500020050EF1200E012A03FA0EFC28BF4CF0F7
:10026000020C43FA05F3C01851EBE37101F00045AD
:1002700007D54FF0000EDCF1000C7EEB00006EEBBA
:100280000101B1F5801F1BD3B1F5001F0CD3490844
:100290005FEA30004FEA3C0C04F101044FEA44529B
:1002A00012F5800F80F09A80BCF1004F08BF5FEA22
:1002B000500C50F1000041EB045141EA050130BD02
:1002C0005FEA4C0C404141EB0101013C28BFB1F514
:1002D000801FE9D291F0000F04BF01460020B1FA5F
:1002E00081F308BF2033A3F10B03B3F120020CDA32
:1002F0000C3208DD02F1140CC2F10C0201FA0CF010
:1003000021FA02F10CE002F11402D8BFC2F1200C74
:1003100001FA02F120FA0CFCDCBF41EA0C0190402A
:10032000E41AA2BF01EB0451294330BD6FEA040473
:100330001F3C1CDA0C340EDC04F11404C4F120025E
:1003400020FA04F001FA02F340EA030021FA04F370
:1003500045EA030130BDC4F10C04C4F1200220FAC7
:1003600002F001FA04F340EA0300294630BD21FA05
:1003700004F0294630BD94F0000F83F4801306BFCB
:1003800081F480110134013D4EE77FEA645C18BFBF
:100390007FEA655C29D094EA050F08BF90EA020F56
:1003A00005D054EA000C04BF1946104630BD91EA4E
:1003B000030F1EBF0021002030BD5FEA545C05D151
:1003C0004000494128BF41F0004130BD14F5800490
:1003D0003CBF01F5801130BD01F0004545F0FE4104
:1003E00041F470014FF0000030BD7FEA645C1ABF39
:1003F000194610467FEA655C1CBF0B46024650EA70
:10040000013406BF52EA033591EA030F41F400219B
:1004100030BD00BF90F0000F04BF0021704730B521
:100420004FF4806404F132044FF000054FF00001F6
:1004300050E700BF90F0000F04BF0021704730B5B7
:100440004FF4806404F1320410F0004548BF40428C
:100450004FF000013EE700BF42004FEAE2014FEAE1
:1004600031014FEA02701FBF12F07F4393F07F4FBC
:1004700081F06051704732F07F4208BF704793F0BF
:100480007F4F04BF41F40021704730B54FF46074D2
:1004900001F0004521F000411CE700BF50EA0102D5
:1004A00008BF704730B54FF000050AE050EA01027E
:1004B00008BF704730B511F0004502D5404261EBEE
:1004C00041014FF4806404F132045FEA915C3FF42F
:1004D000D8AE4FF003025FEADC0C18BF03325FEACC
:1004E000DC0C18BF033202EBDC02C2F1200300FA7D
:1004F00003FC20FA02F001FA03FE40EA0E0021FAA2
:1005000002F11444BDE600BF4FEA4102B2F1E043FC
:1005100024BFB3F5001CDCF1FE5C0DD901F0004CEA
:100520004FEAC0024CEA5070B2F1004F40EB83003A
:1005300008BF20F00100704711F0804F21D113F166
:100540003872BCBF01F00040704741F480114FEA9F
:100550005252C2F11802C2F1200C10FA0CF320FA28
:1005600002F018BF40F001004FEAC1234FEAD32345
:1005700003FA0CFC40EA0C0023FA02F34FEA4303AF
:10058000CCE77FEA625307D150EA01331EBF4FF038
:10059000FE4040F44000704701F0004040F0FE4053
:1005A00040F40000704700BF53B94AB9002908BFA2
:1005B00000281CBF4FF0FF314FF0FF3000F00CB8A7
:1005C000ADF1080C6DE904CE06F0E6FBDDF804E0C1
:1005D000DDE9022304B07047704700BF10F8012B1B
:1005E00011F8013B012A28BF9A42F7D0D01A704770
:1005F00001F0FF01102A2BDB10F0070F08D010F8D4
:10060000013B013A8B422DD010F0070F42B3F6D1D7
:10061000F0B441EA012141EA014122F007047FF0F0
:1006200000070023F0E80256083C85EA010586EA47
:10063000010685FA47F5A3FA87F586FA47F6A5FA83
:1006400087F68EB9EED1F0BC01F0FF0102F007028F
:1006500032B110F8013B013A83EA010313B1F8D13A
:100660000020704701387047002D06BF354603381B
:10067000073815F0010F07D1013015F4807F02BF54
:10068000013015F4C03F0130F0BC0138704700BFA5
:10069000034613F8012B002AFBD1181A01387047C2
:1006A00070B54FF0FF0C4CF4E06C1CEA11541DBF08
:1006B0001CEA135594EA0C0F95EA0C0F00F0DEF8D3
:1006C0002C4481EA030621EA4C5123EA4C5350EAB8
:1006D000013518BF52EA033541F4801143F4801309
:1006E00038D0A0FB02CE4FF00005E1FB02E506F09A
:1006F0000042E0FB03E54FF00006E1FB03569CF0EF
:10070000000F18BF4EF0010EA4F1FF04B6F5007FF4
:1007100064F5407404D25FEA4E0E6D4146EB060666
:1007200042EAC62141EA55514FEAC52040EA5E50EF
:100730004FEACE2EB4F1FD0C88BFBCF5E06F1ED899
:10074000BEF1004F08BF5FEA500E50F1000041EBD0
:10075000045170BD06F0004646EA010140EA02007D
:1007600081EA0301B4EB5C04C2BFD4EB0C0541EA9F
:10077000045170BD41F480114FF0000E013C00F3B4
:10078000AB8014F1360FDEBF002001F0004170BDD8
:10079000C4F10004203C35DA0C341BDC04F11404F1
:1007A000C4F1200500FA05F320FA04F001FA05F27D
:1007B00040EA020001F0004221F0004110EBD3704A
:1007C00021FA04F642EB06015EEA430E08BF20EA76
:1007D000D37070BDC4F10C04C4F1200500FA04F319
:1007E00020FA05F001FA04F240EA020001F00041AB
:1007F00010EBD37041F100015EEA430E08BF20EA1E
:10080000D37070BDC4F1200500FA05F24EEA020E65
:1008100020FA04F301FA05F243EA020321FA04F094
:1008200001F0004121FA04F220EA020000EBD3704B
:100830005EEA430E08BF20EAD37070BD94F0000F4B
:100840000FD101F00046400041EB010111F4801F7F
:1008500008BF013CF7D041EA060195F0000F18BF30
:10086000704703F00046520043EB030313F4801F6C
:1008700008BF013DF7D043EA0603704794EA0C0F26
:100880000CEA135518BF95EA0C0F0CD050EA41063C
:1008900018BF52EA4306D1D181EA030101F00041B9
:1008A0004FF0000070BD50EA410606BF10461946E1
:1008B00052EA430619D094EA0C0F02D150EA0136ED
:1008C00013D195EA0C0F05D152EA03361CBF10462E
:1008D00019460AD181EA030101F0004141F0FE41CD
:1008E00041F470014FF0000070BD41F0FE4141F451
:1008F000780170BD70B54FF0FF0C4CF4E06C1CEA51
:1009000011541DBF1CEA135594EA0C0F95EA0C0F05
:1009100000F0A7F8A4EB050481EA030E52EA0335C0
:100920004FEA013100F088804FEA03334FF08055E1
:1009300045EA131343EA12634FEA022245EA11150E
:1009400045EA10654FEA00260EF000419D4208BFBF
:10095000964244F1FD0404F5407402D25B084FEA6C
:100960003202B61A65EB03055B084FEA32024FF418
:1009700080104FF4002CB6EB020E75EB030E22BF75
:10098000B61A754640EA0C005B084FEA3202B6EB35
:10099000020E75EB030E22BFB61A754640EA5C00E4
:1009A0005B084FEA3202B6EB020E75EB030E22BF74
:1009B000B61A754640EA9C005B084FEA3202B6EB75
:1009C000020E75EB030E22BFB61A754640EADC0034
:1009D00055EA060E18D04FEA051545EA16754FEA96
:1009E00006164FEAC30343EA52734FEAC2025FEAB4
:1009F0001C1CC0D111F4801F0BD141EA00014FF043
:100A000000004FF0004CB6E711F4801F04BF014313
:100A10000020B4F1FD0C88BFBCF5E06F3FF6AFAE2F
:100A2000B5EB030C04BFB6EB020C5FEA500C50F1BF
:100A3000000041EB045170BD0EF0004E4EEA113142
:100A400014EB5C04C2BFD4EB0C0541EA045170BD49
:100A500041F480114FF0000E013C90E645EA060E8D
:100A60008DE60CEA135594EA0C0F08BF95EA0C0FBB
:100A70003FF43BAF94EA0C0F0AD150EA01347FF403
:100A800034AF95EA0C0F7FF425AF104619462CE7DA
:100A900095EA0C0F06D152EA03353FF4FDAE10463D
:100AA000194622E750EA410618BF52EA43067FF48E
:100AB000C5AE50EA41047FF40DAF52EA43057FF41E
:100AC000EBAE12E74FF0FF3C06E000BF4FF0010C29
:100AD00002E000BF4FF0010C4DF804CD4FEA410C8D
:100AE0007FEA6C5C4FEA430C18BF7FEA6C5C1BD05A
:100AF00001B050EA410C0CBF52EA430C91EA030FDB
:100B000002BF90EA020F0020704710F1000F91EA37
:100B1000030F58BF994208BF90422CBFD8176FEA05
:100B2000E37040F0010070474FEA410C7FEA6C5CD3
:100B300002D150EA013C07D14FEA430C7FEA6C5CDA
:100B4000D6D152EA033CD3D05DF8040B704700BF06
:100B50008446104662468C461946634600E000BF54
:100B600001B5FFF7B7FF002848BF10F1000F01BD26
:100B70004DF808EDFFF7F4FF0CBF012000205DF8F1
:100B800008FB00BF4DF808EDFFF7EAFF34BF012076
:100B900000205DF808FB00BF4DF808EDFFF7E0FF0F
:100BA00094BF012000205DF808FB00BF4DF808ED60
:100BB000FFF7CEFF94BF012000205DF808FB00BFC7
:100BC0004DF808EDFFF7C4FF34BF012000205DF8A9
:100BD00008FB00BF4FEA410C7FEA6C5C02D150EA8F
:100BE000013C0AD14FEA430C7FEA6C5C02D152EA25
:100BF000033C02D14FF0000070474FF001007047F6
:100C00004FEA410212F5001215D211D56FF4787334
:100C1000B3EB625212D94FEAC12343F0004343EAD7
:100C2000505311F0004F23FA02F018BF40427047B2
:100C30004FF00000704750EA013005D111F000403C
:100C400008BF6FF0004070474FF00000704700BFD2
:100C50000348044B834202D0034B03B1184770474B
:100C6000E4020020E4020020000000000548064BDA
:100C70001B1AD90F01EBA301491002D0034B03B19A
:100C800018477047E4020020E40200200000000042
:100C900010B5064C237843B9FFF7DAFF044B13B1C4
:100CA0000448AFF300800123237010BDE40200204C
:100CB0000000000028AC000808B5054B1BB1054931
:100CC0000548AFF30080BDE80840FFF7CFBF00BF85
:100CD00000000000E802002028AC00082DE9F041E7
:100CE0008AB005AD002405940694079408940994ED
:100CF0000094394B1A6B42F004021A631A6B02F02B
:100D000004020092009A01941A6B42F080021A6366
:100D10001A6B02F080020192019A02941A6B42F05F
:100D200002021A631A6B02F002020292029A039400
:100D30001A6B42F001021A631A6B02F0010203926D
:100D4000039A04941A6B42F008021A631B6B03F0B7
:100D500008030493049BDFF8908022464FF400516F
:100D6000404601F055FA1D4E224641F2040130463C
:100D700001F04EFA4FF400530593012706970794AC
:100D800008942946404601F04DF941F204030593C9
:100D90000697079408942946304601F043F94FF42A
:100DA000004305930694079429460D4801F03AF94B
:100DB000042305930694079729460A4801F032F95F
:100DC00030230593069407942946304601F02AF90A
:100DD0000AB0BDE8F08100BF0038024000040240C4
:100DE00000000240000C02400008024010B582B032
:100DF000002401940D4B1A6B42F400121A631B6B12
:100E000003F400130193019B224621460B2001F0BD
:100E100025FC0B2001F032FC22462146102001F077
:100E20001DFC102001F02AFC02B010BD0038024069
:100E30000FB430B583B006AB53F8042B0E4D0F49F9
:100E400003C92860A9800193FB21681D06F0F4FE08
:100E5000441D0B4AC0F1FB01281906F04FFE044463
:100E6000002C04DC03B0BDE8304004B07047A1B2F0
:100E7000284602F04DFDF5E70003002040AC0008D5
:100E800048AC000808B5024802F0CEFA08BD00BF21
:100E90003004002010B52DED048B84B06848FFF7B6
:100EA000C7FF9FED688A3DE0DFED677A38EE278A5D
:100EB000B0EE480A08F0CEFF9FED649A60EE098A12
:100EC000B0EE480A08F0FEFF614C03AB02AA01A98C
:100ED00060EE090AB0EE680A204602F0C9F9D4EDC6
:100EE000017A9DED017A27EE877A5A4B1B68BCEE9A
:100EF000C77A83ED0D7A9DED027A27EE877ABCEEF4
:100F0000C77A83ED0E7A9DED037A67EE877AFCEE61
:100F1000E77AC3ED0F7A052001F0E0FBFFF7B2FF9F
:100F2000F0EE408ADFED4C7AB4EEE78AF1EE10FA8B
:100F3000BAD94FF4FA7001F0D1FB3DE0DFED427A0F
:100F400038EE678AB0EE480A08F084FFDFED3F9A7A
:100F500020EE299AB0EE480A08F0B4FF3C4C03ABEF
:100F600002AA01A960EE290AB0EE490A204602F061
:100F70007FF9D4ED017A9DED017A27EE877A354B22
:100F80001B68BCEEC77A83ED0D7A9DED027A27EEE1
:100F9000877ABCEEC77A83ED0E7A9DED037A67EE11
:100FA000877AFCEEE77AC3ED0F7A052001F096FB15
:100FB000FFF768FFF0EE409AB5EEC08AF1EE10FA46
:100FC000BCDC78EEA97AB6EE007A67EE877AB9EEE5
:100FD0000C7A67EE877A214BC3ED007A06E09FED2D
:100FE000207A77EE877A1D4BC3ED007A1B4BD3ED49
:100FF000007AF5EEC07AF1EE10FAF0D406E09FED3B
:10100000187A77EEC77A154BC3ED007A134BD3ED00
:10101000007A9FED137AF4EEC77AF1EE10FAEEDA69
:1010200017EE900AFFF718FA02460B460D48FFF735
:10103000FFFE0D4802F010F904B0BDEC048B10BDAA
:101040004CAC00080000000035FA0E3D6666E63F35
:101050000000002040040020DB0FC941F4050020FF
:10106000DB0FC94064AC00080800002008B5026826
:10107000034B9A4200D008BD01F01EFBFBE700BF06
:101080000020004072B6FEE710B596B0002412941E
:101090001394149415941094119409940A940B9435
:1010A0000C940D940E940F942022214601A806F072
:1010B000EAFD3548354B03600123436060238360BC
:1010C00040F2E733C360046144618023836101F02F
:1010D0003FFD002848D14FF48053129312A92A48AB
:1010E00001F041FE002841D1274801F05DFD0028B4
:1010F0003ED120231093119010A9234801F0C8FF7E
:10110000002837D17023099302460A900B900C9067
:101110000D900E900F9009A91B4801F0A9FD58BB36
:10112000042209A9184801F0A3FD38BB082209A927
:10113000154801F09DFD18BB4FF4006301934FF477
:101140008063029303909622049205904FF400521C
:101150000692089001A90C4801F0E0FF90B90A48F6
:1011600000F0D4FA16B010BDFFF78CFFFFF78AFF2E
:10117000FFF788FFFFF786FFFFF784FFFFF782FF87
:10118000FFF780FFFFF77EFF4004002000000140D2
:1011900008B50F480F4B03604FF482734360002380
:1011A00083604FF40062C2600361012242614FF428
:1011B000007282611822C2610362436283620A2361
:1011C000C36200F0E7FA00B908BDFFF75BFF00BF9C
:1011D00048050020003C004008B50A480A4B03605F
:1011E0000A4B436000238360C3604FF48042026176
:1011F00043618361C361036205F04AFB00B908BD26
:10120000FFF740FFA005002000540040A086010029
:1012100010B594B008AC30220021204606F033FD12
:101220000023039304930593069307930193204AA5
:10123000116C41F080511164126C02F080520192E5
:10124000019A02931B4B1A6842F480421A601B6891
:1012500003F480430293029B012308934FF48033ED
:10126000099302230E934FF480020F9204221092EE
:10127000A8221192129307231393204600F084FBB7
:1012800088B90F2303930223049305904FF4A053CE
:1012900006934FF480530793052103A800F0DEFD69
:1012A00018B914B010BDFFF7EDFEFFF7EBFE00BF5D
:1012B000003802400070004000B583B001F0E2F950
:1012C000FFF7A6FFFFF70AFDFFF790FDFFF7DCFE33
:1012D000FFF75EFF02F018FAFFF77EFF5B4C236812
:1012E00000255D639D63DD632946204601F0CAFD4C
:1012F0000421204601F0C6FD0821204601F0C2FD70
:101300002946204601F04CFE0421204601F048FE0B
:101310000821204601F044FE2268536C43F4004348
:1013200053644B4801F08EFF012001F0D7F9DFED47
:10133000490AB2EE080A484801F095FF4749484873
:1013400002F028F835E0474D5DE00020002163E021
:1013500045494648FFF742F9F8B9444B93F8243021
:10136000DBB143494348FFF739F940B93F4B93F8A4
:10137000253023B13D4B1A6A3F4B1A6019E03F49B3
:101380003C48FFF72BF9A0B9384B93F8253083B1CF
:10139000364B1A6A3A4B1A600BE03A493348FFF76A
:1013A0001DF9002849D038493048FFF717F90028BF
:1013B00047D02B4C204602F019F8344B83ED000A3D
:1013C000204602F013F810EE100AFFF745F8024627
:1013D0000B462F48FFF72CFD2E4B1B78002BE8D037
:1013E00000222C4B1A702C4B1B78DBB22B48C254BA
:1013F0001E4902F0D5F80028DBD01C4B93F82430AE
:10140000002BA0D01B4D194B93F82530002B9CD0FE
:10141000164B186AFFF720F8144CCDE900012A4654
:1014200021461F48FFF704FD1E492046FFF7D6F866
:1014300000288DD1FFF72EFDBBE7054801F002FF24
:10144000B7E7034801F008FFB3E700BF40040020FE
:101450000800002000007A4400000020A0050020C1
:101460003004002074AC0008A8AC00080804002078
:10147000ACAC00081804002000040020B0AC000848
:1014800020000020B8AC0008BCAC00080404002018
:1014900078AC0008A40B0020A50B0020A80B0020AE
:1014A00088AC0008A0AC0008FEE7FEE7FEE7FEE718
:1014B000FEE77047704770477047000008B5024864
:1014C00000F08AFF08BD00BFE804002008B502480C
:1014D00000F082FF08BD00BF8804002008B5024864
:1014E00001F01FFA08BD00BF4004002008B5024803
:1014F00001F017FA08BD00BF0006002008B5024839
:1015000000F0A8F908BD00BF4805002008B5024852
:1015100002F09BFE08BD00BF080E002082B0002133
:1015200000910B4B5A6C42F480425A645A6C02F49C
:1015300080420092009A01911A6C42F080521A6423
:101540001B6C03F080530193019B02B0704700BFF6
:101550000038024030B589B000230393049305930B
:10156000069307930268144B9A4201D009B030BD2C
:1015700000250195114C236B43F002032363236B79
:1015800003F002030193019B4FF440730393122372
:101590000493032306930423079303A9084800F048
:1015A00041FD0295236C43F400132364236C03F480
:1015B00000130293029BD9E7005400400038024018
:1015C0000004024030B589B00023039304930593CF
:1015D000069307930268374B9A4201D009B030BD99
:1015E00004460025019503F5FE331A6C42F40042CF
:1015F0001A641A6C02F400420192019A02951A6B65
:1016000042F004021A631B6B03F004030293029B73
:101610004FF4E0530393022304930323069306231A
:10162000079303A9244800F0FDFC2448244B0360E1
:1016300045608560C5604FF4806303614FF40063CB
:1016400043614FF400538361C5614FF480330362FB
:10165000456200F049FE38BB184BE3649C631948AF
:10166000194B03600023436040228260C3604FF443
:10167000806202614FF4006242614FF40052826165
:10168000C3614FF480320262436200F02DFE70B9F4
:101690000C4BA3649C6300221146332000F0DEFF54
:1016A000332000F0EBFF99E7FFF7ECFCD4E7FFF7FE
:1016B000E9FCEDE7003C004000080240E80400209F
:1016C00010600240880400208860024002680E4BCF
:1016D0009A4200D0704700B583B00021019103F514
:1016E0009C335A6C42F001025A645B6C03F00103B4
:1016F0000193019B0A46192000F0B0FF192000F069
:10170000BDFF03B05DF804FB00000140F0B589B0F7
:1017100000230393049305930693079302681A4BDF
:101720009A4201D009B0F0BD0024019403F59C3326
:101730001A6B42F002021A631A6B02F00202019263
:10174000019A02941A6B42F001021A631B6B03F0B8
:1017500001030293029B4FF4604303930227049713
:101760000126079603AD2946084800F05BFC4FF4BC
:10177000E06303930497059406940796294604486A
:1017800000F050FCCEE700BF000001400004024022
:101790000000024000285AD010B50446436A33B90D
:1017A0004368B3F5827F05D00023C36102E00023C4
:1017B000036143610023A36294F85130002B40D0B1
:1017C000022384F851302268136823F04003136029
:1017D000636803F48273A26802F404421343E2686C
:1017E00002F400621343226902F0020213436269A9
:1017F00002F001021343A26902F400721343E2698A
:1018000002F038021343226A02F080021343A26AF4
:1018100002F40052216813430B60638B03F004034E
:10182000626A02F01002216813434B602268D36998
:1018300023F40063D36100206065012384F85130F4
:1018400010BD84F850302046FFF7BCFEB8E70120F9
:101850007047704730B585B0044602685168936898
:10186000C3F3801013F0400F05D113F0010F02D025
:1018700011F0400F68D113F0020F02D011F0800F69
:1018800066D1C3F3401513F0200F03D110B913F440
:10189000807F60D011F0200F5DD070B194F85100BE
:1018A00003285AD0606D40F004006065002000906D
:1018B000D068009090680090009865B1606D40F02D
:1018C000010060650020029090680290106820F08E
:1018D00040001060029A13F4807F09D0636D43F0DA
:1018E000080363650023039323689B680393039BAA
:1018F000636D002B2FD02268536823F0E003536000
:10190000012384F8513011F0030F2ED02268536860
:1019100023F003035360E36C4BB1164A1A65E06C85
:1019200000F048FD18B1636D43F040036365A36C9C
:101930008BB1104A1A65A06C00F03CFD58B1636D84
:1019400043F04003636506E0236C2046984702E0BD
:10195000636C2046984705B030BD00230193D368DF
:10196000019393680193019BF5E72046FFF771FF10
:10197000F1E700BF7919000808B5806B0023C38721
:10198000C386FFF766FF08BD002800F0E08170B550
:1019900082B00446036813F0010F3BD09F4B9B6855
:1019A00003F00C03042B2CD09C4B9B6803F00C031E
:1019B000082B21D06368B3F5803F4FD0B3F5A02F3B
:1019C00052D0964B1A6822F480321A601A6822F4B8
:1019D00080221A606368002B50D000F079FE054623
:1019E0008E4B1B6813F4003F14D100F071FE401BB6
:1019F0006428F5D90320B1E1884B5B6813F4800FAC
:101A0000D8D0864B1B6813F4003F03D06368002BCB
:101A100000F09F81236813F0020F54D07F4B9B6826
:101A200013F00C0F3ED07D4B9B6803F00C03082B8A
:101A300033D0E368002B68D0794B01221A6000F0A4
:101A400047FE0546754B1B6813F0020F54D100F09A
:101A50003FFE401B0228F5D903207FE16F4A13683F
:101A600043F480331360B5E76C4B1A6842F480226C
:101A70001A601A6842F480321A60ABE700F028FE60
:101A80000546664B1B6813F4003FC3D000F020FEF0
:101A9000401B6428F5D9032060E1604B5B6813F4B8
:101AA000800FC6D15D4B1B6813F0020F03D0E368B3
:101AB000012B40F05081594A136823F0F803216943
:101AC00043EAC1031360236813F0080F42D063692F
:101AD0006BB3534B0122C3F8802E00F0F9FD05468D
:101AE0004E4B5B6F13F0020F34D100F0F1FD401B41
:101AF0000228F5D9032031E1484A136823F0F8039E
:101B0000216943EAC1031360DDE7454B00221A60F7
:101B100000F0DEFD0546414B1B6813F0020FD2D0EA
:101B200000F0D6FD401B0228F5D9032016E13C4BFE
:101B30000022C3F8802E00F0CBFD0546374B5B6FCB
:101B400013F0020F06D000F0C3FD401B0228F5D9A8
:101B5000032003E1236813F0040F77D02F4B1B6C95
:101B600013F0805F33D1002301932C4B1A6C42F0A9
:101B700080521A641B6C03F080530193019B012572
:101B8000284B1B6813F4807F23D0A368012B34D02B
:101B9000052B38D0214B1A6F22F001021A671A6FF9
:101BA00022F004021A67A368002B3DD000F090FDDC
:101BB00006461A4B1B6F13F0020F46D100F088FD4A
:101BC000801B41F288339842F3D90320C6E00025F8
:101BD000D6E7144A136843F48073136000F078FD6D
:101BE0000646104B1B6813F4807FCED100F070FDC9
:101BF000801B0228F5D90320B0E0084A136F43F098
:101C000001031367CFE7054B1A6F42F004021A670E
:101C10001A6F42F001021A67C5E700BF00380240A0
:101C2000000047420070004000F052FD0646524B53
:101C30001B6F13F0020F08D000F04AFD801B41F229
:101C400088339842F3D9032088E0EDB9A369002BCB
:101C500000F08380484A926802F00C02082A51D0B2
:101C6000022B17D0454B00221A6600F031FD0446C6
:101C7000414B1B6813F0007F42D000F029FD001B90
:101C80000228F5D9032069E03B4A136C23F0805306
:101C90001364DBE7394B00221A6600F019FD054694
:101CA000354B1B6813F0007F06D000F011FD401B80
:101CB0000228F5D9032051E0E369226A1343626ADE
:101CC00043EA8213A26A5208013A43EA0243E26AF3
:101CD00043EA0263284A5360284B01221A6600F047
:101CE000F7FC0446244B1B6813F0007F06D100F07C
:101CF000EFFC001B0228F5D903202FE000202DE087
:101D000000202BE0012B2BD01B4B5B6803F48001E0
:101D1000E269914226D103F03F02216A8A4223D12F
:101D2000616A47F6C0721A40B2EB811F1ED103F4FC
:101D30004031A26A5208013AB1EB024F18D103F0C8
:101D40007063E26AB3EB026F14D1002006E0012059
:101D50007047012002E0012000E0002002B070BDC9
:101D60000120FBE70120F9E70120F7E70120F5E773
:101D70000120F3E70120F1E700380240000047426C
:101D800008B5334B9B6803F00C03042B5BD0082B86
:101D90005BD12F4B5A6802F03F025B6813F4800F4F
:101DA0002CD02B4B5868C0F388104FEA401CBCEB7A
:101DB000000C6EEB0E0E4FEA8E1343EA9C634FEA63
:101DC0008C11B1EB0C0163EB0E03DB0043EA5173A2
:101DD000C90011EB000C43F10003590200234FEA44
:101DE0004C2041EADC51FEF7DFFB194B5B68C3F383
:101DF000014301335B00B0FBF3F008BD144B58689E
:101E0000C0F388104FEA401CBCEB000C6EEB0E0ECA
:101E10004FEA8E1343EA9C634FEA8C11B1EB0C013D
:101E200063EB0E03DB0043EA5173C90011EB000CB6
:101E300043F10003990200234FEA8C2041EA9C51B0
:101E4000FEF7B2FBD1E70348D7E70348D5E700BF69
:101E50000038024000127A000024F400002800F04C
:101E60009B8070B50D4604464F4B1B6803F007037B
:101E70008B4208D2CBB24C4A1370136803F00703AD
:101E80008B4240F08B80236813F0020F17D013F0C1
:101E9000040F04D0454A936843F4E05393602368E9
:101EA00013F0080F04D0414A936843F460439360F1
:101EB0003E4A936823F0F003A1680B4393602368C4
:101EC00013F0010F32D06368012B21D09A1E012A32
:101ED00025D9364A126812F0020F61D033498A6858
:101EE00022F0030213438B6000F0F2FB06462F4BF7
:101EF0009B6803F00C036268B3EB820F16D000F00E
:101F0000E7FB801B41F288339842F0D9032042E07E
:101F1000264A126812F4003FE0D101203BE0234A38
:101F2000126812F0007FD9D1012034E01E4B1B68EB
:101F300003F00703AB4207D9EAB21B4B1A701B68C8
:101F400003F00703AB422DD1236813F0040F06D032
:101F5000164A936823F4E053E1680B4393602368C7
:101F600013F0080F07D0114A936823F460432169E6
:101F700043EAC1039360FFF703FF0C4B9B68C3F375
:101F800003130B4AD35CD8400A4B18600A4B1868FD
:101F900001F068FB002070BD012070470120FAE7C6
:101FA0000120F8E70120F6E7003C0240003802403B
:101FB00018AD00082C00002028000020014B1868F4
:101FC000704700BF2C00002008B5FFF7F7FF044B57
:101FD0009B68C3F38223034AD35CD84008BD00BF8B
:101FE0000038024010AD00080F2303600B4B9A68C5
:101FF00002F0030242609A6802F0F00282609A687E
:1020000002F4E052C2609B68DB0803F4E053036112
:10201000034B1B6803F007030B6070470038024056
:10202000003C024000230F2B00F2E98070B582B023
:1020300065E085684FEA430E032404FA0EF425EAAE
:102040000405CC6804FA0EF42C438460446824EA46
:1020500002044A68C2F300129A40224342605CE0E4
:10206000DC08083450F8242003F00705AD004FF0D9
:102070000F0E0EFA05FE22EA0E0E0A69AA4042EA87
:102080000E0240F824205CE0072200E0002202FA61
:102090000EF22A4302345A4D45F82420594A9468D6
:1020A0006FEA0C0224EA0C054E6816F4801F01D07A
:1020B0004CEA0405534CA560E46802EA04054E6846
:1020C00016F4001F01D04CEA04054E4CE56064682C
:1020D00002EA04054E6816F4003F01D04CEA0405FC
:1020E000484C6560246822404D6815F4803F01D05B
:1020F0004CEA0402434C226001330F2B7DD80122AD
:102100009A400C6804EA020C32EA0404F4D14C68E8
:1021100004F00304013C012C8BD94A6802F003024D
:10212000032A09D0C4685D000322AA4024EA0204FD
:102130008A68AA402243C2604A6802F00302022A67
:102140008ED004684FEA430E032202FA0EF224EA0C
:1021500002044A6802F0030202FA0EF2224302600D
:102160004A6812F4403FC7D000220192264A546CBC
:1021700044F480445464526C02F480420192019A07
:102180009C08A51C1E4A52F8255003F0030E4FEA86
:102190008E0E0F2202FA0EF225EA02051B4A904229
:1021A0003FF474AF02F5806290421AD002F580626B
:1021B000904218D002F58062904216D002F58062FB
:1021C000904214D002F58062904212D002F58062F3
:1021D000904210D002F5806290423FF455AF082241
:1021E00055E7012253E7022251E703224FE7042279
:1021F0004DE705224BE7062249E702B070BD704764
:1022000000380140003C014000380240000002401C
:102210000AB18161704709048161704710B4036895
:10222000D9B210390A4AA2FB01421209094CA25C38
:10223000C2655F2907D96FF3090304338365806D95
:102240005DF8044B70476FF309038365F7E700BF40
:10225000ABAAAAAA08AD0008836A826992B9012BC9
:102260000AD0022B02D00BB100207047C36A13F0D2
:10227000807F28D100207047C36AB3F1C07F24D08B
:1022800000207047B2F5005F09D0022B25D9032B3F
:1022900025D1C36A13F0807F23D100207047032B20
:1022A00003D8DFE803F01404140A00207047C36A5F
:1022B00013F0807F0DD100207047C36AB3F1C07F57
:1022C00009D000207047012070470120704701208D
:1022D000704701207047012070470120704700209F
:1022E000704701207047000070B5044600F0F0F917
:1022F000002C5BD00546022384F83530002384F897
:1023000034302268136823F00103136023681A68CD
:1023100012F0010F0AD000F0DBF9431B052BF5D9B1
:1023200020236365032084F8350070BD1A682049B6
:1023300011406268A0680243E068024320690243DA
:1023400060690243A0690243E0690243206A0243D4
:102350000A43616A04291ED01A602668756925F04F
:102360000705636A1D43042B07D1A36A1D43E36A73
:102370001BB12046FFF770FF90B975612046FFF74B
:102380004DFFE26D3F239340836000206065012391
:1023900084F83530C9E7E16A206B01430A43DBE783
:1023A00040236365012084F83500BEE70120BCE7C7
:1023B0003F8010F090F83530022B03D08023436526
:1023C00001207047052380F835300268136823F038
:1023D0000103136000207047F0B583B0044600236A
:1023E0000193724B1D68724BA3FB0535AD0A876DD7
:1023F0003E68C26D08239340334210D003681A68C8
:1024000012F0040F0BD01A6822F004021A60C26D99
:1024100008239340BB60436D43F001034365E26DC5
:1024200001239340334209D02268526912F0800F91
:1024300004D0BB60636D43F002036365E26D042367
:102440009340334209D02268126812F0020F04D080
:10245000BB60636D43F004036365E26D102393403A
:10246000334224D02268126812F0080F1FD0BB60DC
:1024700023681A6812F4802F0DD01B6813F4002F04
:1024800004D1236C9BB12046984710E0A36C73B134
:10249000204698470BE01A6812F4807F03D11A682F
:1024A00022F008021A60236C0BB120469847E26DB7
:1024B00020239340334254D02268126812F0100F48
:1024C0004FD0BB6094F83530052B0ED023681A68C6
:1024D00012F4802F33D01B6813F4002F2AD1636CC1
:1024E000002B3ED0204698473BE02268136823F03B
:1024F000160313602268536923F080035361236C31
:10250000A3B12268136823F008031360E26D3F2330
:102510009340BB60012384F83530002384F83430C5
:10252000236D002B3FD0204698473CE0A36C002B46
:10253000E7D1EBE7E36BA3B12046984711E01A68B7
:1025400012F4807F09D11A6822F010021A60012368
:1025500084F83530002384F83430E36B0BB1204627
:102560009847636DFBB1636D13F0010F17D005231E
:1025700084F835302268136823F001031360019B4F
:1025800001330193AB4204D823681B6813F0010F99
:10259000F5D1012384F83530002384F83430E36C1E
:1025A0000BB12046984703B0F0BD00BF2C000020BF
:1025B000B5814E1B002807DB00F01F0240090123F4
:1025C0009340024A42F82030704700BF00E100E02B
:1025D000002808DB0901C9B200F1604000F5614044
:1025E00080F80013704700F00F000901C9B2014BD9
:1025F0001954704714ED00E000B500F00700C0F179
:10260000070CBCF1040F28BF4FF0040C031D062B70
:102610000FD9C31E4FF0FF3E0EFA0CF021EA000165
:1026200099400EFA03FE22EA0E0241EA02005DF82A
:1026300004FB0023EEE70000074AD36823F4E063BD
:102640001B041B0C000200F4E060034343F0BF6373
:1026500043F40033D360704700ED00E010B504464A
:10266000054BD868C0F30220FFF7C6FF014620469D
:10267000FFF7AEFF10BD00BF00ED00E008B5FFF7AB
:1026800099FF08BD08B50B4B1A6842F400721A6036
:102690001A6842F480621A601A6842F480721A6002
:1026A0000320FFF7C9FF0F2000F0DCFFFEF736FF25
:1026B000002008BD003C0240034A1168034B1B7810
:1026C0000B441360704700BFF80500202400002071
:1026D000014B1868704700BFF805002038B5044664
:1026E000FFF7F6FF0546B4F1FF3F02D0044B1B781D
:1026F0001C44FFF7EDFF401BA042FAD338BD00BFDA
:102700002400002030B4036A026A22F0010202624F
:102710004268846924F0730C0C6844EA0C0423F0CA
:10272000020C8B6843EA0C03114DA84203D005F557
:102730008065A84205D123F00803CD682B4323F020
:1027400004030B4DA84203D005F58065A84207D1CC
:1027500022F440724D6945EA020C8A6942EA0C0291
:10276000426084614A684263036230BC704700BFC4
:102770000000014030B4036A026A22F480720262EF
:102780004268C46924F0730C0C6844EA0C0523F415
:1027900000738C6843EA0423114CA04203D004F573
:1027A0008064A04206D123F40063CC6843EA04238A
:1027B00023F480630A4CA04203D004F58064A04255
:1027C00007D122F440524C6942EA04128C6942EA71
:1027D00004124260C5614A68C263036230BC70473C
:1027E0000000014030B4036A026A22F4805202629F
:1027F0004468C26922F4E6420D6842EA052223F4E5
:1028000000538D6843EA0533094DA84203D005F50E
:102810008065A84204D124F480444D6944EA8514BB
:102820004460C2614A680264036230BC704700BF02
:102830000000014010B4036A046A24F00104046239
:10284000846924F0F00C4CEA021223F00A030B43D3
:10285000826103625DF8044B704710B4036A046A36
:1028600024F010040462846924F4704C4CEA0232AF
:1028700023F0A00343EA0113826103625DF8044B75
:102880007047836823F070030B4343F007038360B2
:102890007047000090F83D30012B37D1022380F8BB
:1028A0003D300268D36843F00103D3600368194ADE
:1028B000934220D0B3F1804F1DD0A2F57C429342C9
:1028C00019D002F58062934215D002F580629342DE
:1028D00011D002F5784293420DD002F57052934226
:1028E00009D0A2F59432934205D01A6842F0010251
:1028F0001A60002070479A6802F00702062A07D083
:102900001A6842F001021A600020704701207047E7
:1029100000207047000001407047704770477047C3
:10292000704770B504460368DE681D6915F0020F34
:1029300010D016F0020F0DD06FF002021A610123C1
:10294000037703689B6913F0030F5ED0FFF7E6FF80
:102950000023237715F0040F12D016F0040F0FD0C8
:1029600023686FF004021A610223237723689B69AE
:1029700013F4407F4FD02046FFF7D0FF002323778A
:1029800015F0080F12D016F0080F0FD023686FF063
:1029900008021A61042323772368DB6913F0030F0D
:1029A00040D02046FFF7BAFF0023237715F0100F21
:1029B00012D016F0100F0FD023686FF010021A61BA
:1029C000082323772368DB6913F4407F31D0204646
:1029D000FFF7A4FF0023237715F0010F02D016F0B4
:1029E000010F2DD115F0800F02D016F0800F2FD1DE
:1029F00015F0400F02D016F0400F31D115F0200F26
:102A000002D016F0200F33D170BDFFF786FF2046AD
:102A1000FFF785FF9CE72046FFF77FFF2046FFF783
:102A20007EFFABE72046FFF778FF2046FFF777FFF2
:102A3000BAE72046FFF771FF2046FFF770FFC9E7AE
:102A400023686FF001021A612046FEF70FFBC9E709
:102A500023686FF080021A61204600F089FBC7E707
:102A600023686FF040021A612046FFF759FFC5E75F
:102A700023686FF020021A61204600F078FBC3E75C
:102A80000368324A904212D0B0F1804F0FD0A2F5C5
:102A90007C4290420BD002F58062904207D002F552
:102AA0008062904203D002F57842904203D123F035
:102AB00070034A681343254A90422AD0B0F1804FF0
:102AC00027D0A2F57C42904223D002F5806290424A
:102AD0001FD002F5806290421BD002F578429042EE
:102AE00017D002F57052904213D002F580629042E6
:102AF0000FD002F5806290420BD0A2F5983290423E
:102B000007D002F58062904203D002F580629042C5
:102B100003D123F44073CA68134323F080034A6946
:102B200013438A68C2620A688262084A904203D0EC
:102B300002F58062904201D10A690263026842F0A4
:102B400004020260012242610360704700000140FC
:102B500040B310B5044690F83D30F3B1022384F839
:102B60003D30214651F8040BFFF78AFF012384F81A
:102B7000463084F83E3084F83F3084F8403084F8A2
:102B8000413084F8423084F8433084F8443084F88B
:102B9000453084F83D30002010BD80F83C30FEF711
:102BA00095FDDBE70120704740B310B5044690F86F
:102BB0003D30F3B1022384F83D30214651F8040B37
:102BC000FFF75EFF012384F8463084F83E3084F836
:102BD0003F3084F8403084F8413084F8423084F843
:102BE000433084F8443084F8453084F83D30002088
:102BF00010BD80F83C30FFF78FFEDBE70120704707
:102C000030B4036A026A22F01002026244688269E8
:102C100022F4E6420D6842EA052223F020038D6883
:102C200043EA0513114DA84203D005F58065A8427B
:102C300006D123F08003CD6843EA051323F0400357
:102C40000A4DA84203D005F58065A84207D124F4B7
:102C500040644D6944EA85048D6944EA8504446012
:102C600082614A688263036230BC704700000140A1
:102C700038B590F83C30012B66D004460D46012350
:102C800080F83C300C2A5AD8DFE802F0075959592D
:102C90001B5959593059595944000068FFF732FD02
:102CA0002268936943F0080393612268936923F0D3
:102CB000040393612268936929690B43936100209F
:102CC0003EE00068FFF79CFF2268936943F40063CD
:102CD00093612268936923F4806393612268936906
:102CE000296943EA01239361002029E00068FFF786
:102CF00041FD2268D36943F00803D3612268D36998
:102D000023F00403D3612268D36929690B43D3619B
:102D1000002015E00068FFF765FD2268D36943F4E1
:102D20000063D3612268D36923F48063D36122688E
:102D3000D369296943EA0123D361002000E001201F
:102D4000002384F83C3038BD0220FCE710B48468CE
:102D500024F47F4C42EA03220A4342EA0C028260D6
:102D60005DF8044B704790F83C30012B78D010B5DB
:102D70000446012380F83C30022380F83D3002688D
:102D8000936823F47F4323F0770393600B68602BF1
:102D90004CD023D8402B54D011D8202B03D00AD8A4
:102DA0000BB1102B05D119462068FFF76AFD0020F2
:102DB00028E0012026E0302BF5D0012022E0502B26
:102DC0000AD1CA6849680068FFF734FD50212068BD
:102DD000FFF757FD002015E0012013E0B3F5805FF9
:102DE0003AD0B3F5005F14D0702B37D1CB684A6866
:102DF00089680068FFF7AAFF2268936843F07703A9
:102E000093600020012384F83D30002384F83C3097
:102E100010BDCB684A6889680068FFF797FF226891
:102E2000936843F4804393600020EBE7CA684968E5
:102E30000068FFF712FD60212068FFF722FD0020E7
:102E4000E0E7CA6849680068FFF7F4FC40212068A1
:102E5000FFF717FD0020D5E70020D3E70120D1E7D9
:102E60000220704701F01F014FF0010C0CFA01FC29
:102E7000036A23EA0C030362036A8A401343036272
:102E80007047000010B504460846002941D194F867
:102E90003E30013B18BF0123002B6BD100284ED1DF
:102EA000022384F83E30012201462068FFF7DAFF52
:102EB0002368324A934203D002F58062934203D1E1
:102EC0005A6C42F400425A6423682C4A934246D01A
:102ED000B3F1804F43D0A2F57C4293423FD002F53C
:102EE000806293423BD002F58062934237D002F574
:102EF0007842934233D002F5705293422FD0A2F51C
:102F0000943293422BD01A6842F001021A600020DA
:102F10002FE0042907D008290BD094F84130013B59
:102F200018BF0123B8E794F83F30013B18BF0123D5
:102F3000B2E794F84030013B18BF0123ACE7042806
:102F400005D0082807D0022384F84130ABE70223DC
:102F500084F83F30A7E7022384F84030A3E79A685B
:102F600002F00702062A07D01A6842F001021A602E
:102F7000002010BD0120FCE70020FAE7000001401E
:102F800001F00F014FF0040C0CFA01FC036A23EA74
:102F90000C030362036A8A40134303627047000014
:102FA00010B50446084600293AD194F84230013B56
:102FB00018BF0123002B64D1002847D1022384F8D5
:102FC0004230042201462068FFF7DAFF2268536C82
:102FD00043F40043536423682C4A934246D0B3F130
:102FE000804F43D0A2F57C4293423FD002F58062ED
:102FF00093423BD002F58062934237D002F578428B
:10300000934233D002F5705293422FD0A2F59432FE
:1030100093422BD01A6842F001021A6000202FE080
:10302000042907D008290BD094F84530013B18BF7C
:103030000123BFE794F84330013B18BF0123B9E7F0
:1030400094F84430013B18BF0123B3E7042805D0AE
:10305000082807D0022384F84530B2E7022384F819
:103060004330AEE7022384F84430AAE79A6802F0BE
:103070000702062A07D01A6842F001021A600020EF
:1030800010BD0120FCE70020FAE700BF000001406E
:1030900090F83C20012A3DD010B40346012280F86C
:1030A0003C20022280F83D2002685068946820F09D
:1030B000700C086840EA0C0050601A68164882429A
:1030C0001AD0B2F1804F17D0A0F57C40824213D0C5
:1030D00000F5806082420FD000F5806082420BD004
:1030E00000F57840824207D000F57050824203D04C
:1030F000A0F59430824204D124F080044968214331
:103100009160012283F83D20002083F83C005DF8A7
:10311000044B70470220704700000140024690F8BF
:103120003C30012B21D0012380F83C30CB6823F4C4
:1031300040738868034323F480634868034323F49F
:1031400000630868034323F480530869034323F4AE
:1031500000534869034323F48043C9690B43116852
:103160004B64002082F83C00704702207047704793
:1031700070470000034AD2F8883043F47003C2F865
:103180008830704700ED00E010B503460C4A0D4949
:103190000D48006840B10C4800680344521A93423D
:1031A00006D8094A136010BD0748084C0460F2E7CE
:1031B00004F0DCFD0C2303604FF0FF30F3E700BFA9
:1031C0000000022000040000FC0500204014002044
:1031D0000120704708B504F0C9FD162303604FF0C5
:1031E000FF3008BD08B54FF0FF31FFF7F3FFFEE7F2
:1031F00070B50C461646002506E0AFF30080214668
:1032000001F8010B01350C46B542F6DB304670BDC6
:1032100070B50C461646002504E014F8010BAFF318
:1032200000800135B542F8DB304670BD4FF0FF300D
:1032300070474FF400534B600020704701207047E7
:103240000020704708B50122018AC068FEF7E0FF40
:103250000120FFF743FA08BD08B50022018AC068C3
:10326000FEF7D6FF08BD80ED000AC0ED010A7047E9
:10327000F8B52DED048B0746B0EE409A0E46154684
:103280001C46BEEE008A20EE088ADFED417A60EE31
:10329000A70A78EE209A38EE608AF0EE690A06F006
:1032A0004BFEF0EE480A06F047FEF0EE408AF0EEE4
:1032B000690AB0EE490A06F067FEF0EE480A06F029
:1032C00063FE78EE807AB6EE007A67EE877A39EEA2
:1032D000679A79EEE79A38EE678AD7ED006AC9EE09
:1032E000267A77EE877AC6ED007AD7ED006AC9EEC6
:1032F000A67A77EE877AC5ED007AD7ED006AC8EE38
:10330000267A77EE877AC4ED007AD6ED007AF5EE6C
:10331000C07AF1EE10FA31D496ED007AF7EE007A29
:10332000B4EEE77AF1EE10FA01DDC6ED007AD5EDE4
:10333000007AF5EEC07AF1EE10FA22D495ED007A1B
:10334000F7EE007AB4EEE77AF1EE10FA01DDC5EDA2
:10335000007AD4ED007AF5EEC07AF1EE10FA13D4CB
:1033600094ED007AF7EE007AB4EEE77AF1EE10FA17
:1033700001DDC4ED007ABDEC048BF8BD00233360A1
:10338000CAE700232B60D9E700232360E8E700BFEA
:10339000D7B35D3F034638B141B10160002098804A
:1033A00000229A60DA607047012070470120704760
:1033B00010B586B004464FF0FF3302930223019309
:1033C00005AB009301230E226C21006803F03EFB45
:1033D00050B99DF814209DF8153043EA0223C3F339
:1033E0000B03A38006B010BD0120FBE710B5044617
:1033F000FFF7DEFF78B9A38800EE103AB8EEC00AF6
:10340000DFED067A20EE270ADFED057A20EE270AA7
:1034100084ED020A10BD94ED020AFBE70000B443FC
:10342000000080390000000010B50446FFF7C0FF1F
:10343000C8B9A38807EE903AF8EEE77A77EEA77A54
:1034400017EE900AFDF708F80AA3D3E90023FDF769
:1034500027F90022064BFDF723F9FDF755F800EE9A
:10346000100AE06010BD94ED030AFBE7AFF30080A3
:103470000000303F182D4454FB21094070B503462D
:1034800000E001331A78202AFBD02D2A05D02B2A00
:1034900007D00125002002460EE001334FF0FF3532
:1034A000F8E701330125F5E702EB8202ACF1300CBD
:1034B0000CEB42020133012093F800C01D4C14F8BC
:1034C0000CE01EF0040FEFD1BCF12E0F18D0F7EE78
:1034D000007A002498B107EE104AB8EEC77A27EEBA
:1034E000277A07EE902AF8EEE77A77EE877A07EEEA
:1034F000105AB8EEC77A67EE277AC1ED007A70BD30
:103500000133F7EE007A00240BE004EB8404ACF105
:10351000300C0CEB44049FED087A67EE877A013398
:10352000012093F800C0034E16F80CE01EF0040FC3
:10353000EBD1CFE729AD0008CDCCCC3D38B5044662
:10354000054600E001352B780A3BDBB2162B05D887
:10355000124A22FA03F313F0010FF3D12846FDF7C4
:1035600097F8421C2946204604F074FB2046FDF7DC
:103570008FF8421E224402E0002302F80139A242E1
:103580000AD313780A3BDBB2162B05D8034921FA7C
:1035900003F313F0010FEFD138BD00BF0900400065
:1035A00000285AD070B50C460646002957D028226C
:1035B0000021204604F067FB3046FFF7BFFF2C21B7
:1035C000304604F068FB054678B3002305F8013B5C
:1035D0003046FFF7B3FF0F223146204604F069FB67
:1035E0002846FFF7ABFF3D21284604F054FB064672
:1035F00038B3002306F8013B2846FFF79FFF30460B
:10360000FFF79CFF0F22294604F1100004F051FB44
:10361000012384F8243004F120013046FFF72EFF07
:10362000B0B1012084F825001AE00F22314620466F
:1036300004F03FFB002384F8243084F82530012077
:103640000EE0002384F8243084F82530012007E0C0
:10365000002384F82530012002E00020704700207C
:1036600070BD000030B589B0044600230193214BA2
:103670001A6C42F480721A641B6C03F48073019319
:10368000019B02A903A8FEF7AFFC069BCBB9FEF78E
:103690009BFC0346184AA2FB03239B0C013B1748E3
:1036A000174A026040F2E732C260436000230361C0
:1036B00083608361FFF74CFA054630B1284609B0B4
:1036C00030BDFEF781FC4300E4E70C48FFF7E2F869
:1036D00005460028F2D12D20FEF7D0FF0F2C01D98E
:1036E0000125EBE7002221462D20FEF7B7FF054B11
:1036F0001C60E3E70038024083DE1B430006002025
:10370000002000402800002008B500220F49104882
:1037100001F066FE70B90F490D4801F078FE60B9FE
:103720000D490B4802F069FE50B9094801F08FFEBF
:1037300048B908BDFDF7A6FCEDE7FDF7A3FCEFE7F0
:10374000FDF7A0FCF1E7FDF79DFCF2E76400002027
:1037500048060020D80000208000002012230B80A3
:10376000004870475000002004230B800048704739
:103770004C000020002393421ED200B510E00CF153
:10378000370C01F813C000014FEA430C0CF1010C97
:103790004FF0000E01F80CE00133DBB2934209D286
:1037A0004FEA107CB0F1204FE9D20CF1300C01F857
:1037B00013C0E8E75DF804FB7047000038B50B4B19
:1037C000D3F8100AD3F8144AD3F8183AC01800D125
:1037D00038BD074D08222946FFF7CCFF042205F12A
:1037E00010012046FFF7C6FFF2E700BF0070FF1F81
:1037F0003200002008B51A230B80FFF7DFFF0148D5
:1038000008BD00BF3000002008B50A4628B90549A8
:10381000054802F06BFB034808BD0249024802F06C
:1038200065FBF8E724090020C0AC000810B50A4683
:10383000034C2146034802F059FB204610BD00BF4F
:1038400024090020D8AC000808B50A4628B9054963
:10385000054802F04BFB034808BD0249024802F04C
:1038600045FBF8E724090020ECAC000808B50A463F
:1038700028B90549054802F039FB034808BD02494B
:10388000024802F033FBF8E724090020F8AC0008F6
:1038900000207047002070470020704738B504466C
:1038A0000D684DB90C4D2146284602F0BFFD284653
:1038B00002F0E3FD002038BD402D28BF40252A46F8
:1038C0000146064804F07FFAEAB2054B1A70054B30
:1038D00001221A70E6E700BF48060020A80B00206E
:1038E000A50B0020A40B002010B5064C00220649B1
:1038F000204602F08DFD0549204602F097FD00208C
:1039000010BD00BF48060020240B0020640B0020DF
:10391000094BD3F8BC32D3F814320BB101207047F5
:1039200010B5054C0A460146204602F071FD2046BE
:1039300002F088FD10BD00BF4806002030B589B0F8
:103940000023039304930593069307930368B3F14D
:10395000A04F01D009B030BD03AA00250195174C36
:10396000236B43F001032363236B03F001030193F3
:10397000019B4FF4C0530393022304930323069344
:103980000A23079311460E48FEF74CFB636B43F086
:10399000800363630295636C43F480436364636CE8
:1039A00003F480430293029B2A4629464320FEF7F4
:1039B00055FE4320FEF762FECCE700BF0038024010
:1039C0000000024008B500F29C41D0F8E00401F08C
:1039D00054FD08BD08B501EBC10300EB8303D3F828
:1039E0006022D0F8E00401F016FE08BD08B501EB36
:1039F000C10300EB83031A6AD0F8E00401F06EFE05
:103A000008BD08B5D0F8E00401F0B3FD08BD10B55D
:103A10000446C17911B1022909D10121D4F8E00489
:103A200001F08AFDD4F8E00401F053FD10BDFDF76C
:103A300029FB0121F2E7000010B50446D0F8E004AC
:103A400001F07DFD2268D2F8003E43F00103C2F888
:103A5000003EE37A23B1034A136943F0060313617E
:103A600010BD00BF00ED00E008B5D0F8E00401F0A3
:103A700074FD08BD08B5D0F8E00401F0A0FD08BD54
:103A800008B5D0F8E00401F084FD08BD08B5D0F811
:103A9000E00401F0AAFD08BD08B5D0F8E00401F08B
:103AA000A6FD08BD02780AB10020704710B5034694
:103AB0001548C0F8E034C3F8C8024FF0A0430360D3
:103AC000042303710222C271002383714272837244
:103AD000C37203738373C37300F0EEF880B90A4CAA
:103AE0008021204600F0B6FE40220021204600F052
:103AF0008BFE80220121204600F086FE002010BDB2
:103B0000FDF7C0FAEBE700BF080E0020D0F8C8327E
:103B100011F0800F08D101F07F0101EBC10103EB2F
:103B2000810393F85602704701F07F0101EBC10158
:103B300003EB8103987D704708B5D0F8C80200F008
:103B4000BFFA08BD00487047E80B00207047032803
:103B500005D8DFE800F005040205012070470320C6
:103B6000704708B5D0F8C80200F027F9FFF7EFFF5B
:103B700008BD08B594461A466346D0F8C80200F05E
:103B8000FCF9FFF7E4FF08BD08B5D0F8C80200F063
:103B90003AFAFFF7DCFF08BD08B5D0F8C80200F01C
:103BA000BDFAFFF7D4FF08BD08B5D0F8C80200F091
:103BB000F8FAFFF7CCFF08BD08B5D0F8C80200F04E
:103BC000C9F9FFF7C4FF08BD08B5D0F8C80200F076
:103BD00080FAFFF7BCFF08BD08B5D0F8C80200F0B6
:103BE0004AFAFFF7B4FF08BD2DE9F04383B0D0F8DF
:103BF000008001EBC10300EB83039A6A5B6A9A427F
:103C000054D807460C469B1A01EBC10200EB820216
:103C1000D2699A4200D31A4602F103094FEA990980
:103C200015E006F103094FEA9909BB7904EBC405D5
:103C300007EB8505296A0093B3B2E2B2404601F072
:103C40004AF92B6A33442B62AB6A3344AB6208EB0C
:103C5000441303F510639B699BB24B4512D304EBED
:103C6000C40307EB83039A6A5B6A9A420AD24BB198
:103C70009B1A04EBC40207EB8202D6699E42D0D3A2
:103C80001E46CEE704EBC40307EB83077A6ABB6AE0
:103C90009A420FD804F00F040122A240D8F8343819
:103CA00023EA0203C8F83438002000E0012003B002
:103CB000BDE8F0830020FAE730B583B000287AD061
:103CC0000446056890F89534C3B1032384F895340D
:103CD000B5F1A04F17D0206800F0AEFE237C8DF820
:103CE0000030231D0ECB206800F0E5FD70B10223EB
:103CF00084F895340125284603B030BD80F894340B
:103D0000FFF71CFEE1E70023A371E4E70021206830
:103D100001F0F7FA0246B8B903462079984218D95B
:103D200003EBC30104EB8101012048750B75CB85C2
:103D300000200876C861086203EBC30104EB81012F
:103D400048620133DBB2E8E7022384F895340125A9
:103D5000D1E7904217D902EBC20304EB83030021A1
:103D600083F8551283F8542283F85812C3F85C1272
:103D7000C3F8601202EBC20304EB8303C3F86412BE
:103D80000132D2B2E5E7237C8DF80030231D0ECB43
:103D9000206800F0A7FE054620B1022384F8953480
:103DA0000125A8E700236374012384F89534206873
:103DB00001F066FA9FE701259DE7036890F89424D7
:103DC000012A1AD010B50446012280F89424DA683A
:103DD00012F0400F02D0427B012A09D0206800F087
:103DE00025FE206801F03EFA002084F8940410BDFE
:103DF0009A6B42F480329A63F0E702207047000029
:103E000070B504460D460068066C00EB411303F5DF
:103E100030639A68A179012911D038498E4256D071
:103E20003DB905EBC50304EB8303D3F86432002BE3
:103E30005ED0E9B22046FFF7CDFD002070BD12F044
:103E4000080F09D02E498E42F7D912F4004FF4D052
:103E50004FF400429A60F0E712F0200F02D02022C7
:103E60009A60EAE712F0280FE7D125498E4206D979
:103E700012F4004F03D04FF400429A60DDE705EBE7
:103E8000C50204EB8202D2F874121B69C3F3120359
:103E9000CB1AC2F868327DB905EBC50204EB820289
:103EA000D2F864226AB105EBC50204EB8202D2F8B3
:103EB00060121944C2F86012E9B22046FFF78AFD89
:103EC000BBE704F29C42012101F05AFAF4E712F434
:103ED000004F03D04FF400429A60AEE712F0200F7B
:103EE00001D020229A60E9B22046FFF773FDA4E7D3
:103EF00004F29C42002101F043FA9AE70A31544F40
:103F00000A30544F38B5044603681D6C03EB411367
:103F1000D3F8081B0E4A954207D903F5306311F414
:103F2000004F02D04FF400429A602046FFF74AFD4E
:103F3000074B9D4202D9A379012B01D0002038BD47
:103F400004F29C420121206801F01AFAF6E700BF52
:103F50000A30544F90F89434012B0CD010B504461D
:103F6000012380F894344174006801F06BF900205B
:103F700084F8940410BD0220704738B505468C467D
:103F800011F0800F2BD101F00F0E0EEBCE04A40028
:103F900004F514740444211D0EEBCE0E00EB8E0EBE
:103FA00000208EF855020CF00F0C81F800C0C2F30F
:103FB0000A028A600B714A780AB1A1F81AC0022B72
:103FC0001CD095F89434012B1BD0012385F8943430
:103FD000286800F064FE002085F8940438BD01F0E4
:103FE0000F0000EBC001890010312944043100EBBF
:103FF000C00005EB800001244475D4E700234B7119
:10400000DFE70220EAE710B504460A4611F0800F08
:1040100020D101F00F0000EBC0039B0003F51473E7
:104020002344191D00EBC00004EB8000002380F83E
:10403000553202F00F020A7094F89434012B18D014
:10404000012384F89434206800F076FE002084F880
:10405000940410BD01F00F0000EBC0039B0010336F
:104060002344191D00EBC00004EB800001234375BD
:10407000DFE70220EDE710B5144601F00F0C0CEB62
:10408000CC01890001F51471014404310CEBCC0E14
:1040900000EB8E0ECEF86022CEF864320023CEF80C
:1040A00068328EF855328EF854C28279012A04D0D3
:1040B000006800F027FF002010BDCEF87042F7E73F
:1040C00001F00F0101EBC10100EB8100D0F86802A3
:1040D000704710B5144601F00F0C0CEBCC018900B1
:1040E0001031014404310CEBCC0E00EB8E0ECEF8F7
:1040F0002020CEF824300023CEF8283001238EF87B
:1041000015308EF814C082799A4204D0006800F00D
:10411000F9FE002010BDCEF83040F7E738B501F0C9
:104120000F050279AA4238D304460B4611F0800FDE
:104130001FD101EBC101890001F514710144043163
:1041400003EBC30300EB8303002283F85522012312
:104150008B700D7094F89434012B20D0012384F8D7
:104160009434206801F013F885B1002084F8940499
:1041700038BD05EBC501890010310144043105EB60
:10418000C50300EB830301225A75E0E704F29C4269
:10419000A179206801F0F4F8E7E70120E8E70220C0
:1041A000E6E701F00F0302799A4230D310B50446D6
:1041B00011F0800F1ED103EBC301890001F51471CA
:1041C0000144043103EBC30200EB8202002082F8B9
:1041D000550200228A700B7094F89434012B18D089
:1041E000012384F89434206800F0FEFF002084F856
:1041F000940410BD03EBC301890010310144043164
:1042000003EBC30200EB820201205075E1E70120BD
:1042100070470220EDE708B511F0800F0CD101F0D6
:104220000F0101EBC101890001F514710144043152
:10423000006800F0F1FD08BD01F00F0101EBC101C4
:104240008900103101440431F2E72DE9F04F83B0C9
:1042500004460568284601F050F810B103B0BDE8E7
:10426000F08F0646206801F019F80028F6D005F511
:104270000067BB68C3F30D23C4F8D434206801F091
:104280000DF810F0020F04D02268536903F0020306
:104290005361206801F002F810F0100F15D0226869
:1042A000936923F010039361D5F8208008F00F097B
:1042B00008F4F013B3F5802F4CD0B3F5402F6FD036
:1042C0002268936943F010039361206800F0E6FFD1
:1042D00010F4002F76D1206800F0E0FF10F4802F5A
:1042E00040F0E080206800F0D9FF0028C0F2618132
:1042F000206800F0D3FF10F4006F09D0BB6813F002
:10430000010F40F06E812268536903F4006353612A
:10431000206800F0C3FF10F4805F40F066812068E1
:1043200000F0BCFF10F4005F40F0B381206800F0A3
:10433000B5FF10F0080F40F0C481206800F0AEFF18
:1043400010F0800F00F0D781AB6923F08003AB61E0
:104350000126C0E147F6F07318EA030FB0D04FEA28
:10436000181A4FEAC903019309EBC90B04EB8B0B35
:10437000C8F30A12DBF86012284600F0E5FEDBF80D
:104380006032CAF30A0A5344CBF86032DBF8683271
:10439000019A4A4404EB82025344C2F868328FE720
:1043A000082204F29C41284600F0CEFE09EBC90326
:1043B00004EB8303D3F86822C8F30A184244C3F815
:1043C00068227DE7206800F06DFF8046B14635E049
:1043D00005EB49130122C3F8082B49462046FFF795
:1043E0000FFD3CE005EB49130822C3F8082B4946B2
:1043F0002046FFF787FD35E009EBC90304EB830393
:1044000093F85732012B41D005EB49130222C3F830
:10441000082B1AF0200F04D005EB49132022C3F813
:10442000082B1AF4005F05D005EB49134FF4005236
:10443000C3F8082B09F101094FEA5808B8F1000F39
:104440003FF449AF18F0010FF4D05FFA89FB5946E9
:10445000206800F037FF824610F0010FB8D11AF043
:10446000080FBFD11AF0100F04D005EB491310222A
:10447000C3F8082B1AF0020FCBD06B6913F0800F32
:10448000BAD07B6843F480637B60B5E709EBC9036E
:1044900004EB8303002283F8572259462046FFF796
:1044A000E9FAB1E7206800F005FF8046B14625E053
:1044B00059462046FFF79AFA1AF0080F04D005EB88
:1044C00049130822C3F808291AF0100F04D005EB8D
:1044D00049131022C3F808291AF0400F04D005EB45
:1044E00049134022C3F808291AF0020F40D11AF0EC
:1044F000800F59D109F101094FEA5808B8F1000FAE
:104500003FF4F0AE18F0010FF4D05FFA89FB594682
:10451000206800F0E0FE824610F0010FCCD009F0D8
:104520000F02012101FA02F27B6B23EA02037B6393
:1045300005EB4913C3F80819A3798B42B8D109EBED
:10454000C90304EB83031A6AD9690A441A62B9F1F0
:10455000000FADD109EBC90304EB83035B6A002BA9
:10456000A6D104F29C420121206800F009FF9FE7D8
:104570004946284600F066FA09EBC90304EB8303B9
:10458000DB7D012B05D005EB49130222C3F8082976
:10459000ADE709EBC90304EB83030022DA75594642
:1045A0002046FFF76DFAEEE749462046FFF71CFB71
:1045B000A0E77B6823F001037B6094F8CC34012BE7
:1045C00008D02046FFF750FA2268536903F00043F1
:1045D00053618DE6002184F8CC14204600F03EF9AA
:1045E000F2E72046FFF728FA8DE67B6823F0010307
:1045F0007B601021206800F025FA1AE005EB4613D5
:104600004FF67F31C3F80819D3F8002922F40012BD
:10461000C3F80029C3F8081BD3F8002B22F40012BA
:10462000C3F8002BD3F8002B42F00062C3F8002B34
:1046300001362379B342E1D8FB6943F00113FB61F2
:10464000E37BDBB1D7F8843043F00B03C7F8843049
:104650007B6C43F00B037B64D5F8003823F4FE63D6
:10466000C5F8003804F29C42A179206800F088FE69
:104670002268536903F48053536150E67B6943F425
:10468000005343F02B037B613B6943F00B033B6119
:10469000E2E7206800F066FE206800F0EFFAE071C3
:1046A0002668FDF78BFC0146E279304600F04CF9B4
:1046B0002046FFF7ACF92268536903F400535361B5
:1046C00034E62046FFF79DF92268536903F008039A
:1046D000536132E601362379B3420CD906EBC603A7
:1046E00004EB830393F85732012BF3D1F1B2204648
:1046F000FFF791FDEEE7206800F0D0FD10F4801F79
:1047000025D1206800F0CAFD10F4001F58D0012305
:1047100026E001362379B3421BD905EB4613D3F8C3
:10472000002906EBC60304EB83031B7E012BF0D1AB
:10473000002AEEDA06EBC60304EB83030122DA75E6
:1047400066F07F01C9B22046FFF765FDE1E701266B
:10475000E0E72268536903F480135361D1E7013322
:1047600022799A4227D905EB4312D2F8001B03EBBA
:10477000C30204EB820292F85822012AEFD10029E9
:10478000EDDAD4F8D42482EA114212F0010FE6D116
:1047900003EBC30204EB8202012182F85712AA69DB
:1047A00042F08002AA616A6912F0800FD7D17B685B
:1047B00043F400737B602268536903F40013536170
:1047C000206800F06BFD10F0804F10D1206800F0E1
:1047D00065FD10F0040F3FF441AD23685D6815F0EE
:1047E000040F0DD1226853682B43536036E52046F1
:1047F000FFF74CF92268536903F080435361E5E702
:104800002046FFF749F9EDE710B40468606A31B952
:1048100040EA0240A06200205DF8044B70478C46DD
:10482000A36A00EB1340002308E003F1400104EB0E
:104830008101496800EB11400133DBB20CF1FF311B
:104840008B42F2D340EA02400CF13F0104EB8104B9
:104850006060E0E70368596200207047704782B0EB
:1048600000230193019B01330193019BB3F1706F0E
:104870001CD80369002BF5DA0A23019302E0019B9F
:10488000013B0193019B002BF9D1036943F0010324
:104890000361019B01330193019BB3F1706F08D851
:1048A000036913F0010FF4D1002000E0032002B0EF
:1048B00070470320FBE784B010B5044603A880E8E6
:1048C0000E009DF81130012B21D1A36B23F480330E
:1048D000A363E36823F4840323F04003E360E36805
:1048E00023F44013E3609DF81830012B0AD02046D2
:1048F000FFF7B5FF9DF80E30012B1CD0BDE810402E
:1049000004B07047E36843F48013E360EFE7E368C3
:1049100043F04003E3602046FFF7A1FF9DF8153008
:1049200023B9A36B43F48033A363E3E7A36B23F4BE
:104930008033A363DEE7A36843F00603A360A368A4
:1049400043F02003A360D9E7022A0AD00922C368F2
:1049500023F47053C360C36843EA8223C36000201A
:104960007047234B0B44234A93422FD9224B0B44CD
:10497000224A93422CD9A1F57403A3F51053204A7F
:10498000934227D9A1F18373A3F5E7431D4A9342CC
:1049900022D31D4B0B441D4A93421FD91C4B0B4481
:1049A0001C4A93421CD31C4B0B441C4A934219D300
:1049B000A1F1B773A3F55853194A934214D3194B75
:1049C0000B44194A934211D20722C0E70F22BEE7D7
:1049D0000E22BCE70D22BAE70C22B8E70B22B6E79D
:1049E0000A22B4E70922B2E70822B0E70622AEE7BE
:1049F000405327FFFF340C00401E1BFF3F420F00B7
:104A00007F4F120020D6130060B6E5FE5FE316006C
:104A100000D3CEFE40771B00C05BB3FEC0912100E7
:104A200020753800E05459FEE09C4100836843F053
:104A30000103836000207047836823F001038360D3
:104A40000020704782B000230193019B0133019342
:104A5000019BB3F1706F15D80369002BF5DA0023C1
:104A60000193890141F020010161019B0133019310
:104A7000019BB3F1706F08D8036913F0200FF4D1D4
:104A8000002000E0032002B070470320FBE782B063
:104A900000230193019B01330193019BB3F1706FDC
:104AA00013D80369002BF5DA002301931023036167
:104AB000019B01330193019BB3F1706F08D8036927
:104AC00013F0100FF4D1002000E0032002B0704773
:104AD0000320FBE7D0F800381943C0F80018002085
:104AE0007047000084B0F8B5044607A880E80E00BF
:104AF000002306E003F1400204EB82020021516032
:104B000001330E2BF6D99DF8266006BBD4F8043885
:104B100043F00203C4F80438A36B43F40013A36307
:104B2000A36B23F40023A363A36B23F48023A36369
:104B30000023C4F8003E9DF82130012B15D19DF8CB
:104B40001F306BB900212046FFF7C4FF11E0A36BB3
:104B500023F40013A363A36B43F40023A363E7E7E9
:104B600001212046FFF7B6FF03E003212046FFF7AF
:104B7000B1FF10212046FFF765FF054600B1012572
:104B80002046FFF784FF00B1012504F5006C0023E7
:104B9000CCF81030CCF81430CCF81C300DE04FF0CD
:104BA0009040C2F8000902E00020C2F8000900228B
:104BB0000A614FF67F328A6001339DF81C109942DA
:104BC0000ED904EB431202F51061D2F80009002857
:104BD000EADA002BE3D14FF00060C2F80009E6E703
:104BE00000230AE0BBB14FF09047C2F8007B0022DF
:104BF00002614FF67F3282600133994210D904EB93
:104C0000431202F53060D2F8007B002FEADB002768
:104C1000C2F8007BEBE74FF00067C2F8007BE6E7E5
:104C2000DCF8103023F48073CCF810300023A3613B
:104C30006FF0804363619DF81E301BB9A36943F098
:104C40001003A361A2690C4B1343A3619DF82230AA
:104C50001BB1A36943F00803A361012E04D02846C9
:104C6000BDE8F84004B07047A36943F0804343F0C7
:104C70000403A361F3E700BF00383C80D0F8083894
:104C800003F00603022B04D0062B04D02BB900201E
:104C9000704702207047022070470F20704710B500
:104CA00091F800C04B78012B23D000F5006ED0F8AE
:104CB0001C380CF00F040122A24043EA0243C0F862
:104CC0001C3800EB4C10D0F8003B13F4004F0ED111
:104CD000D0F8003B8A68C2F30A02097942EA8142AD
:104CE000134343F0805343F40043C0F8003B0020DB
:104CF00010BDD0F81C280CF00F0E03FA0EF39BB277
:104D00001343C0F81C3800EB4C10D0F8003913F4F2
:104D1000004FECD1D0F800398A68C2F30A02097951
:104D200042EA814242EA8C52134343F0805343F4F7
:104D30000043C0F80039DAE730B40B784A78012A2A
:104D400026D000EB4313D3F8002B002A52DBD0F817
:104D50003C480A7802F00F024FF0010C0CFA02F204
:104D600024EA0242C0F83C28D0F81C28097801F057
:104D70000F010CFA01FC22EA0C42C0F81C28D3F8FF
:104D8000001B234A0A40C3F8002B002030BC7047A8
:104D900000EB4313D3F80029002A1EDBD0F83C585F
:104DA0000A7802F00F02012404FA02F292B225EA14
:104DB0000202C0F83C28D0F81C28097801F00F0145
:104DC0008C40A4B222EA0402C0F81C28D3F80019CF
:104DD000104A0A40C3F80029D7E7D3F8002942F067
:104DE0000062C3F80029D3F8002942F08042C3F8DA
:104DF0000029D3E7D3F8002B42F00062C3F8002B60
:104E0000D3F8002B42F08042C3F8002B9FE700BF8D
:104E10000078F3EF007833EC10B483B0024600233F
:104E20000193487801280BD00B7802EB4313D3F899
:104E3000000B00282DDB002003B05DF8044B704709
:104E40000B7802EB4313D3F80049002C01DB002060
:104E5000F2E7D3F8004944F00064C3F800490B7846
:104E600002EB4313D3F8004944F08044C3F80049EF
:104E7000019B01330193019C42F210739C42DBD8E9
:104E80000B7802EB4313D3F80039002BF0DB002042
:104E9000D2E7D3F8000B40F00060C3F8000B0B78AA
:104EA00002EB4313D3F8000B40F08040C3F8000B33
:104EB000019B01330193019842F21073984208D884
:104EC0000B7802EB4313D3F8003B002BF0DB002000
:104ED000B2E70120B0E710B59DF8084084B903336C
:104EE0004FEA930E4FF0000C08E000EB023303F59D
:104EF000805351F8044B1C600CF1010CF445F4D3C1
:104F0000002010BDF0B583B00C784B78012B2DD06C
:104F100000EB441C0CF530631D696FF312051D6135
:104F20001D696FF3DC451D61002C40F0CE800C69DB
:104F30000CB18C680C618C680C621D69C4F312049E
:104F40002C431C611C6944F400241C61012A00F0FC
:104F5000DF800B79012B00F0E180DCF8003B43F0AF
:104F60000443CCF8003B002003B0F0BD0B6973BBD9
:104F700000EB4413D3F810596FF3DC45C3F8105914
:104F8000D3F8105945F40025C3F81059D3F8105937
:104F90006FF31205C3F81059012A54D000EB4414E2
:104FA000D4F8003943F00443C4F800390B79012BDD
:104FB00072D00B69002BD6D0D0F83438097801F0C4
:104FC0000F0101228A401343C0F83438CBE700EBCD
:104FD000441303F510631D696FF312051D611D690C
:104FE0006FF3DC451D6184B90E698D68AE4200D94E
:104FF0000D611D6945F400251D611D690E69C6F32B
:10500000120C45EA0C051D61C6E70D698E68354432
:10501000013DB5FBF6F51E691FFA85FC494F07EA0D
:10502000C54535431D610D79012DE6D11D6925F07A
:10503000C0451D611D694FEA4C7C0CF0C04C45EA2F
:105040000C051D61D9E7CB691BB100EB4412C2F816
:1050500014390B79012B08D000EB4414D4F8003933
:1050600043F00443C4F800397DE7D0F8083813F45E
:10507000807F08D100EB4412D2F8003943F000538E
:10508000C2F80039E8E700EB4412D2F8003943F0E7
:105090008053C2F80039DFE7D0F8083813F4807F76
:1050A0000CD1D4F8003943F00053C4F80039009211
:1050B0000B8A0A78C968FFF70EFF54E7D4F8003965
:1050C00043F08053C4F80039F1E70C6954B91C6906
:1050D0008D68C5F312052C431C611C6944F400243F
:1050E0001C6133E78D682C44013CB4FBF5F4A4B299
:1050F00004FB05F50D621D69124E06EAC4442C43FB
:105100001C611C690D6AC5F312052C431C611DE767
:10511000CA68002A3FF41DAF5A611AE7D0F8083870
:1051200013F4807F06D1DCF8003B43F00053CCF849
:10513000003B12E7DCF8003B43F08053CCF8003B27
:105140000BE700BF0000F81F10B5844608464FEA81
:10515000920E02F00302002305E00CF5805109686D
:1051600040F8041B01337345F7D37AB10CF5805C2A
:10517000DCF800400021CBB2DB0024FA03F300F896
:10518000013B0131013A92B2002AF4D110BD0B78F3
:105190004A78012A14D000EB4310D0F8002B002AE3
:1051A00006DB2BB1D0F8003B23F08043C0F8003B76
:1051B000D0F8003B43F40013C0F8003B00207047D8
:1051C00000EB4310D0F80029002A06DB2BB1D0F801
:1051D000003923F08043C0F80039D0F8003943F497
:1051E0000013C0F80039E9E70B784A78012A0ED09D
:1051F00000EB4310D0F8003B23F40013C0F8003B51
:105200000B79023BDBB2012B15D90020704700EB74
:105210004310D0F8003923F40013C0F800390B799B
:10522000023BDBB2012BF0D8D0F8003943F08053B9
:10523000C0F80039E9E7D0F8003B43F08053C0F8EC
:10524000003BE2E7D0F8003823F4FE63C0F80038F2
:10525000D0F80038090101F4FE610B43C0F80038B2
:1052600000207047D0F8003E23F00303C0F8003E52
:10527000D0F8043823F00203C0F804380020704747
:10528000D0F8003E23F00303C0F8003ED0F8043805
:1052900043F00203C0F80438002070474269806977
:1052A00010407047D0F8183800F50060C069184009
:1052B000000C7047D0F8183800F50060C06918403D
:1052C00080B2704700EB4111D1F8082B00F5006067
:1052D000406910407047D0F81028D0F8343801F0F9
:1052E0000F0C23FA0CF3DB01DBB2134300EB41108C
:1052F00000F51060806818407047406900F00100B8
:10530000704738B50546C36823F0C043C360012920
:1053100013D019BBC36843F08043C36000240A2044
:10532000FDF7DCF90A342846FFF7E7FF08B1C72C80
:10533000F5D9C82C14D0002038BDC36843F0005301
:10534000C36000240A20FDF7C9F90A342846FFF794
:10535000D4FF0128EDD0C72CF4D9EAE70120EBE710
:105360000120E9E7D0F800396FF30A03C0F80039EB
:10537000D0F8043843F48073C0F804380020704734
:1053800010B4046C154B9C4203D9D0F8003B002BA1
:1053900016DB0024C0F8104BD0F8104B44F4002466
:1053A000C0F8104BD0F8104B44F01804C0F8104B64
:1053B000D0F8104B44F0C044C0F8104B012903D082
:1053C00000205DF8044B7047C0F8142BD0F8003B68
:1053D00043F08023C0F8003BF2E700BF0A30544F8F
:1053E00098B108B503460020C3F8B802C3F8C40258
:1053F000C3F8D00209B1C3F8B412012183F89C129A
:105400001A701846FEF74EFB08BD0320704710B512
:1054100082B00023ADF80630B9B10446C0F8B81226
:10542000D0F8D422CB6A43B1AE3250F82230DB6AD6
:105430000DF106009847C4F8D002D4F8D8320133F1
:10544000C4F8D832002002B010BD0320FBE708B535
:10545000FEF787FB08BD08B5D0F8B83213B11B685A
:10546000984708BD0020FCE708B5D0F8B8325B6863
:10547000984700B908BD0320FCE738B5044600F2A0
:10548000AA25284600F0C4F90123C4F89432B4F8E0
:10549000B032C4F8983294F8AA1201F01F03012B1D
:1054A00007D0022B0AD073B92946204600F084FBAE
:1054B00038BD2946204600F0BAFBF9E729462046C8
:1054C00000F0F7FBF4E701F080012046FEF764FBF3
:1054D000EEE7F8B50446012380F89C320023C0F8BB
:1054E00094324360C0F8A43280F8A032D0F8B832C9
:1054F000E3B15B68E3B1002198470746D0B9402388
:10550000002211462046FEF734FB012684F8636131
:105510004025A4F860512B46002280212046FEF74A
:1055200028FB84F8236025843846F8BD0027E6E789
:105530000027E4E70327E2E701740020704790F8B2
:105540009C32042B04D090F89C32DBB280F89D3260
:10555000042380F89C320020704790F89C32042B82
:1055600001D00020704790F89D32DBB280F89C3269
:10557000F7E708B590F89C32032B01D0002008BD56
:10558000D0F8B832002BF9D0DB69002BF6D0984761
:10559000F4E708B5D0F8D432AE3350F8233053B125
:1055A00090F89C22032A01D0002008BD1B6A23B179
:1055B00098470020F9E70320F7E70020F5E708B552
:1055C000D0F8D432AE3350F8233053B190F89C2247
:1055D000032A01D0002008BD5B6A23B19847002050
:1055E000F9E70320F7E70020F5E70020704708B54A
:1055F000012380F89C32D0F8B83223B15B6801797E
:10560000984710B908BD0020FCE70320FAE7002006
:1056100070470020704738B504460D46002944D134
:10562000D0F89432032B01D0084638BDD0F8583159
:10563000B0F86021934209D890F8AA3203F01F0312
:10564000012B12D0022B1ED0084613E09B1AC0F883
:105650005831D0F864111144C0F864119A4238BF2F
:105660001A4600F08DFC2846DFE790F8AE12FFF7EF
:10567000CEFF18B994F89C32032B09D0204600F0D5
:1056800087FC2846D1E790F8AE12FFF7C2FFF0E79B
:1056900000F1AE0354F823301A69002AEED0C4F8A2
:1056A000D4021B6920469847E8E701F07F01FFF725
:1056B000B0FF88B994F89C32032BB6D100F1AE0349
:1056C00054F823309A69002AAFD0C4F8D4029B69F9
:1056D000294620469847A8E70020A6E738B50446A3
:1056E0000D4600294BD1D0F89432022B07D094F804
:1056F000A00218B1002384F8A032284638BD826980
:10570000038C9A420DD89A4219D094F89C32032BFC
:1057100029D080212046FEF73FFA204600F043FCC6
:10572000E5E7D21A8261416A1944416200F00FFC38
:1057300000231A4619462046FEF74EFAD7E742697B
:105740009342E2D8D0F898329A42DED20022114633
:1057500000F0FDFB0021C4F898120B460A462046D3
:10576000FEF73AFAC3E7D4F8B832DA68002AD0D0A4
:105770000022C4F8D422DB6820469847C9E741F0EC
:105780008001FFF746FF88B994F89C32032BB5D10E
:1057900000F1AE0354F823305A69002AAED0C4F8A1
:1057A000D4025B69294620469847A7E70020A5E771
:1057B0000B88027813440B800378184470474288A2
:1057C00003789A4218D930B583B004460D46ADF837
:1057D00006306388BDF806209A420AD20DF1060110
:1057E000FFF7E6FF4378052BF3D18378AB42F0D186
:1057F00000E0002003B030BD0020704703460020C9
:1058000002E00130C0B201331A78002AF9D17047A2
:105810000B7803704B7843708B78CA7843EA022385
:1058200043800B794A7943EA022383808B79CA79D2
:1058300043EA0223C380704710B504468021FEF777
:10584000ABF900212046FEF7A7F910BD30B583B0B3
:1058500004460D460023ADF806304A88130A013B82
:10586000062B00F2AA80DFE803F0041E32A8A88C01
:105870009900D0F8B4321B680DF10601007C9847FE
:10588000EA88002A00F0A380BDF80630002B00F063
:1058900099809A4228BF1A46ADF806200146204654
:1058A00000F047FB8CE0037C43B9D0F8B8329B6A28
:1058B0000DF10600984702234370E1E7D0F8B832B3
:1058C000DB6A0DF10600984702234370D8E7D2B295
:1058D000052A52D8DFE802F003101D2A3744D0F819
:1058E000B4325B6823B10DF10601007C9847C7E72D
:1058F0002946FFF7A1FF63E0D0F8B4329B6823B1DB
:105900000DF10601007C9847BAE72946FFF794FF9E
:1059100056E0D0F8B432DB6823B10DF10601007C0B
:105920009847ADE72946FFF787FF49E0D0F8B43242
:105930001B6923B10DF10601007C9847A0E72946B9
:10594000FFF77AFF3CE0D0F8B4325B6923B10DF188
:105950000601007C984793E72946FFF76DFF2FE08B
:10596000D0F8B4329B6923B10DF10601007C984751
:1059700086E72946FFF760FF22E02946FFF75CFF34
:105980001EE0037C33B9D0F8B8325B6B0DF1060032
:10599000984775E72946FFF74FFF11E0037C43B9AD
:1059A000D0F8B8321B6B0DF10600984707234370FF
:1059B00066E72946FFF740FF02E02946FFF73CFF74
:1059C00003B030BD29462046FFF736FFF8E72046F2
:1059D00000F0DEFAF4E738B504468B88F3B9CB88DB
:1059E000E3B94B887F2B19D803F07F0590F89C32E0
:1059F000032B0CD080F89E522946FEF7DDF8204696
:105A000000F0C6FA35B1022384F89C3209E0FFF7B2
:105A100013FF06E0012384F89C3202E02046FFF7E2
:105A20000BFF38BD70B504460E468D782F4B1D70A8
:105A3000012D10D890F89C32DAB2022B0FD0032A35
:105A400026D0FFF7F9FE294B19782046FFF70CFD09
:105A50000325284670BDFFF7EFFE0325F9E7A5B142
:105A600045602946FFF7F7FC054638B13146204628
:105A7000FFF7E2FE022384F89C32EAE7204600F0BA
:105A800087FA032384F89C32E3E700F081FAE0E729
:105A9000CDB141688D4225D0C9B2FFF7E5FC134B6B
:105AA000197861602046FFF7D6FC0546B0B1314653
:105AB0002046FFF7C1FE21792046FFF7D5FC0223DF
:105AC00084F89C32C5E7022380F89C324560294661
:105AD000FFF7CAFC204600F05BFABAE7204600F068
:105AE00057FAB6E700F054FA0025B2E7EC120020AE
:105AF00008B5CB88012B0BD190F89C32DAB2022B7F
:105B000009D9032A11D10122011D00F012FA01E086
:105B1000FFF792FE08BD52B23AB10146002341F8A8
:105B2000083F012200F005FAF4E7FFF785FEF1E7F0
:105B300008B590F89C32013B022B12D8CB88022B7F
:105B40000CD10123C360D0F8A4320BB10323C3608E
:105B5000022200F10C0100F0ECF908BDFFF76CFE29
:105B6000FBE7FFF769FEF8E708B54B88012B04D087
:105B7000022B07D0FFF760FE08BDC0F8A43200F08A
:105B800007FAF9E78B881B0A80F8A03200F000FAC8
:105B9000F2E708B590F89C32013B022B09D84B88FC
:105BA000012B00D008BD0023C0F8A43200F0F0F9AA
:105BB000F8E7FFF741FEF5E738B50C7804F060042C
:105BC000202C06D0402C04D06CB1FFF735FE002409
:105BD00007E0D0F8D432AE3350F823309B689847B2
:105BE0000446204638BD4D78092D1DD8DFE805F064
:105BF00012191C161C08051C0F0BFFF727FEF0E7F7
:105C0000FFF7E9FEEDE7FFF70DFF0446E9E7FFF7D1
:105C10006FFFE6E7FFF78CFF2C46E2E7FFF7A4FFF4
:105C2000DFE7FFF7B6FFDCE7FFF706FED9E770B561
:105C300005460C460B7803F06003202B07D0402B61
:105C400005D023B1FFF7F8FD0026304670BD95F86A
:105C50009C32013B022B26D82179012905D9214606
:105C60002846FFF7E9FD0026EFE72846FFF7CFFCBF
:105C700068B900F1AE0255F82220916889B1C5F8E3
:105C8000D4029368214628469847064600E003263A
:105C9000E388002BD9D1002ED7D1284600F078F91F
:105CA000D3E70326F4E721462846FFF7C5FD002683
:105CB000CBE72DE9F04106460D468B88DFB20C7824
:105CC00004F06004202C08D0402C06D0DCB1FFF793
:105CD000B3FD00242046BDE8F08139463046FFF789
:105CE00098FC0446002840F0FD80C6F8D40200F17C
:105CF000AE0356F823309B68002BEBD02946304684
:105D000098470446E6E791F80180B8F1010F31D0D9
:105D1000B8F1030F05D0B8F1000F67D0FFF78CFD85
:105D2000D8E790F89C32DAB2022B04D0032A12D0C2
:105D3000FFF782FDCEE70FB1802F04D12946304610
:105D4000FFF77AFDC6E73946FDF726FF802130468A
:105D5000FDF722FFBEE74B8823B91FB1802F01D08A
:105D6000CB881BB1304600F013F9B3E73946FDF795
:105D700013FFF7E790F89C32DAB2022B04D0032A23
:105D800012D0FFF759FDA5E70FB1802F04D12946A6
:105D90003046FFF751FD9DE73946FDF7FDFE8021B6
:105DA0003046FDF7F9FE95E74B88002B92D117F0AE
:105DB0007F0F17D1304600F0EBF839463046FFF739
:105DC00028FC002886D1C6F8D40200F1AE0256F8AD
:105DD00022209268002A00F08780294630469047AA
:105DE000044677E73946FDF7DFFEE3E790F89C22AB
:105DF000D1B2022A06D003292AD02946FFF71CFD7A
:105E0000444667E70FB1802F14D113F0800F16D1ED
:105E100007F07F0707EB8707B90001F5A871314448
:105E20000431002301F80E3F0222304600F081F8D1
:105E300044464FE72946FFF7FFFC44464AE707F090
:105E40007F0707EB8707B900103131440431E8E7D9
:105E50005BB2002B20DB07F00F0202EB820200EBAB
:105E6000820292F863412CB3002B27DB07F07F03FB
:105E700003EB83039C0004F5A874344404340FB18D
:105E8000802F24D10023A373022204F10E01304697
:105E900000F04FF844461DE707F00F0202EB8202C4
:105EA00000EB820292F82340002CDDD12946FFF757
:105EB000C3FC0FE72946FFF7BFFC0BE707F07F03A2
:105EC00003EB83039C00103434440434D7E7394691
:105ED0003046FDF71BFE10B10123A373D4E7002366
:105EE000A373D1E70024F5E60446F3E600B370B5EA
:105EF0000D4616460446FFF781FC01304300B3F51A
:105F0000007F06D89BB233802B7003236B70022373
:105F10000AE04FF40073F6E7EA5401345A1CD2B297
:105F20000021A9540233DBB22278002AF4D170BDDB
:105F3000704708B513460222C0F8942243614162BB
:105F400083610A460021FDF73FFE002008BD08B529
:105F500013460A460021FDF737FE002008BD08B5AC
:105F600013460322C0F89422C0F85431C0F86411DB
:105F7000C0F858310A460021FDF72EFE002008BD6A
:105F800008B513460A460021FDF726FE002008BD8D
:105F900008B50422C0F8942200231A461946FDF7DA
:105FA00013FE002008BD08B50522C0F89422002386
:105FB0001A461946FDF710FE002008BD10B5D0F8AE
:105FC000D43203F1B00250F822408CB100EB8200D1
:105FD00043687BB194F80002FF280DD09B6894F8C9
:105FE000012221469847FF2384F80032002010BD8B
:105FF0000320FCE70020FAE70020F8E70A230380EB
:106000000048704710010020F8B506460F4F822166
:106010003846FFF7D4FB054601213846FFF7CFFB92
:10602000044681213846FFF7CAFB0DB11022AA7140
:106030001CB1402222710022627118B1402202710B
:1060400000224271432333800048F8BD94000020B1
:10605000F8B506460F4F82213846FFF7B0FB0546DC
:1060600001213846FFF7ABFB044681213846FFF794
:10607000A6FB0DB11022AA711CB140222271002290
:10608000627118B1402202710022427143233380B1
:106090000048F8BD94000020F8B506460F4F822155
:1060A0003846FFF78CFB054601213846FFF787FB92
:1060B000044681213846FFF782FB0DB11022AA71F8
:1060C0001CB1002222710222627118B100220271F9
:1060D00002224271432333800048F8BD940000201F
:1060E00038B5D0F8D432B03350F8235095B10446C7
:1060F000FDF722FDC5F80C02D4F8D432B03304EB1E
:1061000083046368DB6805F50371D5F804029847DA
:10611000002038BD0320FCE738B5D0F8C852D0F8CD
:10612000D432B03350F8234084B301F00F0303EBB3
:10613000830200EB820252694AB103EBC30C05EB08
:106140008C05ED69B2FBF5FC05FB1C2292B1002326
:10615000C4F81432D0F8D432B03300EB8300436873
:106160001B69ABB10A4604F50471D4F808029847DC
:10617000002038BD03EB830300EB830300245C6144
:1061800023462246FDF720FD2046F2E70320F0E7F4
:106190000020EEE7F0B583B0D0F8D43203F1B002BE
:1061A00050F8227000228DF80720ADF80420002F4F
:1061B00078D004460D46097811F0600634D0202EC0
:1061C00069D1EA882AB311F0800F0ED16B7887F875
:1061D0000032EA883F2A1AD8D2B287F8012239461B
:1061E0002046FFF7BCFE002659E0B03300EB8303E6
:1061F0005B689B68394668789847EA88072A28BF11
:10620000072239462046FFF794FE002647E0402249
:10621000E3E7B03300EB83035B689B680022294609
:106220006878984700263AE06F780B2F2ED8DFE881
:1062300007F006362D2D2D2D2D2D2D2D152490F802
:106240009C32032B04D02946FFF7F6FA032626E0FA
:10625000022201A9FFF76DFE3E4620E090F89C3235
:10626000032B04D02946FFF7E7FA032617E00122A3
:106270000DF10701FFF75DFE11E090F89C32032B52
:106280000DD02946FFF7D8FA032608E02946FFF784
:10629000D3FA032603E02946FFF7CEFA0326304659
:1062A00003B0F0BD0326FAE738B504468121FDF7B7
:1062B0006BFC002584F8375001212046FDF764FC73
:1062C00084F8775182212046FDF75EFC84F84B501C
:1062D0006564D4F8D43203F1B00254F822209AB1A4
:1062E000B03304EB83035B685B689847D4F8D4321F
:1062F000B03354F82300FDF729FCD4F8D432B0337E
:1063000044F82350C4F8BC52002038BD70B5044690
:106310004FF40770FDF716FC002849D005464FF4EE
:106320000772002101F0AFFCD4F8D432B03344F846
:106330002350C4F8BC52237C002B41D14FF400738E
:10634000022281212046FDF714FC012684F83760E3
:106350004FF40073022231462046FDF70AFC84F810
:106360007761102363640823032282212046FDF70E
:1063700000FC012384F84B300026C5F80462D4F8F1
:10638000D432B03304EB83035B681B689847C5F8CD
:106390001462C5F81862D5F8042262B3257C1DBBCF
:1063A0004FF4007301212046FDF716FC284670BD0E
:1063B000D4F8D432B033002244F823200225F5E784
:1063C0004023022281212046FDF7D3FB012684F8D9
:1063D00037604023022231462046FDF7CAFB84F88D
:1063E000776110236364BEE7402301212046FDF757
:1063F000F3FB0025DAE70225D8E739B1D0F8D4322B
:10640000B03300EB830041600020704703207047E9
:10641000D0F8D432B03350F823302BB1C3F808127F
:10642000C3F810220020704703207047D0F8D43200
:10643000B03350F823301BB1C3F80412002070476A
:106440000320704708B5D0F8D432B03350F8232079
:106450008AB1D2F814320BB1012008BD0123C2F871
:106460001432D2F810328362D2F808228121FDF76B
:10647000ABFB0020F1E70320EFE710B5D0F8D432F2
:10648000B03350F8232092B1047C44B94FF4007328
:10649000D2F804220121FDF79FFB204610BD4023C6
:1064A000D2F804220121FDF797FB0024F5E703242D
:1064B000F3E703685A6912F4806F01D10020704736
:1064C0006FF480625A6100230363202280F83D202C
:1064D00080F83E30026C42F00402026480F83C30E6
:1064E000012070472DE9F04106460C4617469846B4
:1064F0003BE0FCF7EDF8069BC01A404502D8B8F126
:10650000000F32D1012D18D033689B6924EA0303B0
:106510009BB2B3FA83F35B099F4226D10023336316
:10652000202286F83D2086F83E30326C42F0200270
:10653000326486F83C30012027E033685B6924EA46
:1065400003039BB2B3FA83F35B09E5E733685B6946
:1065500024EA030C1FFA8CFCBCFA8CFC4FEA5C1C8E
:10656000674511D1B8F1FF3FC3D1C4F30745012DF1
:10657000ECD033689B6924EA030C1FFA8CFCBCFA4C
:106580008CFC4FEA5C1CEBE70020BDE8F0812DE9B4
:10659000F84305460E469046994653E01A6842F481
:1065A00000721A602B686FF480625A6100232B63BB
:1065B000202285F83D2085F83E302A6C42F0040206
:1065C0002A6485F83C3001204AE0FCF781F8A0EB12
:1065D0000900404502D8B8F1000F33D1012F17D080
:1065E0002B689B6926EA03039BB2003B18BF01237B
:1065F00043B300232B63202285F83D2085F83E30ED
:106600002A6C42F020022A6485F83C30012027E001
:106610002B685B6926EA03039BB2003B18BF01238A
:10662000E6E72B689C6926EA0404A4B2003C18BF84
:106630000124A4B12B685A6912F4806FAED1B8F16D
:10664000FF3FC2D1C6F30747012FEAD12B685C692F
:1066500026EA0404A4B2003C18BF0124E9E70020A4
:10666000BDE8F88370B504460D46164623685B699D
:1066700013F0800F21D12046FFF71BFFF8B9B5F1C9
:10668000FF3FF3D0FCF724F8801BA84201D8002D6F
:10669000ECD123685B6913F0800FE7D100232363FB
:1066A000202284F83D2084F83E30226C42F0200203
:1066B000226484F83C30012000E0002070BD0120FD
:1066C000FCE700002DE9F04784B004460D4616466D
:1066D00099460C9FDDF834800268136843F48063A8
:1066E00013600368196841F480711960CDF8008067
:1066F0003B4600224FF00111FFF7F4FE70B95FFA3C
:1067000085FA236805F0FE051D6143463A46414976
:106710002046FFF73CFF68B1012008E023681B68B2
:1067200013F4807F02D04FF400732364032004B07D
:10673000BDE8F0870023039323685A6903929B699D
:106740000393039B424639462046FFF78BFF80B9EF
:10675000B9F1010F18D12368F6B21E6142463946DD
:106760002046FFF77FFF68B3236C042B24D0012061
:10677000DDE7236C042B01D00120D8E722681368E1
:1067800043F400731360F7E72368320A1A61424644
:1067900039462046FFF766FF18B92368F6B21E6136
:1067A000DCE7236C042B01D00120C0E722681368CA
:1067B00043F400731360F7E72268136843F400732F
:1067C0001360D4E72268136843F480731360CDF834
:1067D00000803B4600224FF001112046FFF782FE69
:1067E00068B922684AF00103136143463A460949F1
:1067F0002046FFF7CCFE002899D0012097E72368B8
:106800001B6813F4807F02D04FF4007323640320CD
:106810008DE700BF0200010070B504460D46164624
:1068200014E06FF010025A6100232363202284F8E1
:106830003D2084F83E30226C226484F83C300120F4
:1068400025E023685B6913F0400F10D02368586976
:1068500010F0400F1AD1586910F0100FE1D1FBF77A
:1068600037FF801BA842ECD8002DEFD1E9E70023C9
:106870002363202284F83D2084F83E30226C42F0CD
:106880002002226484F83C30012000E0002070BD2A
:10689000002800F0CC8070B5044690F83D30002B05
:1068A00077D0242384F83D302268136823F0010355
:1068B00013602268136843F400431360226813686E
:1068C00023F400431360FBF77FFB62685A4B9A4244
:1068D00064D85A4B98428CBF00230123002B40F010
:1068E000A8805749A1FB00318B0C25686A6822F00B
:1068F0003F0242EA91426A6021680A6A22F03F023E
:1069000066684D4DAE424FD8013313430B62216888
:10691000CA6922F44F4222F0FF026568464B9D424D
:106920004CD8431E6D00B3FBF5F3013340F6FC7009
:10693000034278D0C3F30B031A43CA6121680B6882
:1069400023F0C003E269206A024313430B6021680D
:106950008B6823F4034323F0FF032269E0680243BA
:1069600013438B602168CB6823F0FF036269A06941
:1069700002431343CB602268136843F001031360A2
:1069800000202064202384F83D30206384F83E00FA
:1069900070BD80F83C30FAF7DDFD82E7294B984264
:1069A0008CBF0023012399E74FF4967505FB03F391
:1069B000254DA5FB03539B090133A6E7A668BEB985
:1069C000431E05EB450CB3FBFCF30133C3F30B0390
:1069D000B3FA83F35B0943BBC6B9431E05EB450518
:1069E000B3FBF5F30133C3F30B0343F40043A3E715
:1069F000431E05EB850C0CEB8C0CB3FBFCF3013355
:106A0000C3F30B03B3FA83F35B09E4E7431E05EB1F
:106A1000850505EB8505B3FBF5F30133C3F30B03E4
:106A200043F4404388E7042386E7012384E70120F9
:106A300070470120ACE700BFA08601007F841E00E4
:106A400083DE1B43FF083D00D34D62102DE9F04368
:106A500087B004460F4690469946109EFBF738FED5
:106A600094F83D20202A04D00227384607B0BDE81C
:106A7000F083054600901923012289492046FFF73B
:106A800031FD002840F04E8194F83C30012B00F09D
:106A90004B81012384F83C3023681A6812F0010FFF
:106AA00003D11A6842F001021A602268136823F4C5
:106AB00000631360222384F83D30402384F83E3085
:106AC000002323640E9B6362BDF83C306385638DB5
:106AD0002385744BE362019500964B464246394646
:106AE0002046FFF7EFFD0746002840F01F81238D69
:106AF0005BB9029323685A6902929A690292029AD8
:106B00001A6842F400721A6075E0012B0AD0022B59
:106B10001AD00023059323685A6905929B6905934F
:106B2000059B68E02268136823F4806313600023E8
:106B3000039323685A6903929A690392039A1A6825
:106B400042F400721A6056E02268136823F48063EE
:106B500013602268136843F40063136000230493F6
:106B600023685A6904929B690493049B43E02A4674
:106B700031462046FFF750FE002840F0D9802368B8
:106B80001A69636A1A70636A01336362238D013B79
:106B90002385638D9BB2013B9BB263852BE00095FF
:106BA0003346002240492046FFF79CFC002840F075
:106BB000C1802268136843F40073136023681A6964
:106BC000636A1A70626A531C6362238D013B2385DA
:106BD000638D9BB2013B9BB2638523681B69537035
:106BE000636A01336362238D013B2385638D9BB20E
:106BF000013B9BB26385238D002B00F08A80032B21
:106C000054D8012BB3D0022BC9D0009533460022B3
:106C100025492046FFF766FC002840F08D80226859
:106C2000136823F48063136023681A69636A1A7017
:106C3000636A01336362238D013B2385638D9BB2BD
:106C4000013B9BB2638500953346002216492046DE
:106C5000FFF748FC002871D12268136843F40073E1
:106C6000136023681A69636A1A70626A531C63624C
:106C7000238D013B2385638D9BB2013B9BB26385D2
:106C800023681B695370636A01336362238D013B80
:106C90002385638D9BB2013B9BB26385ABE700BF4D
:106CA000020010000000FFFF040001002A463146E8
:106CB0002046FFF7B1FD002842D123681A69636AB4
:106CC0001A70636A01336362228D013A92B222859F
:106CD000638D9BB2013B9BB263852368596911F0B8
:106CE000040F88D0032A0FD023681A69636A1A70C8
:106CF000636A01336362238D013B2385638D9BB2FD
:106D0000013B9BB2638576E71A6822F480621A60C1
:106D1000EAE7202384F83D30002384F83E3084F8ED
:106D20003C30A2E60227A0E602279EE601279CE669
:106D300001279AE6012798E6012796E6012794E6BF
:106D4000012792E6DFF834D0FCF714FA0C480D491D
:106D50000D4A002302E0D458C4500433C4188C42B6
:106D6000F9D30A4A0A4C002301E013600432A2421C
:106D7000FBD301F001F8FAF79FFA704700000220F8
:106D800000000020E402002078B40008E4020020A3
:106D90003C140020FEE700002DE9F04782B00646D3
:106DA000DDF828E00846B4460D46002B4ED18A4255
:106DB00014466DD9B2FA82F242B1C2F12003954075
:106DC00026FA03F394401D4306FA02FC260CA7B2F0
:106DD000B5FBF6F14FEA1C4306FB115543EA0543A8
:106DE00001FB07F0984209D9E31801F1FF3580F063
:106DF0000381984240F20081023923441B1A1FFA92
:106E00008CFCB3FBF6F006FB10334CEA034C00FBA2
:106E100007F363450AD914EB0C0C00F1FF3580F041
:106E2000ED80634540F2EA80A444023840EA014024
:106E3000ACEB030C0021BEF1000F04D02CFA02F3DE
:106E40000022CEE9003202B0BDE8F0878B4209D9BA
:106E5000BEF1000F01D0CEE900610021084602B06A
:106E6000BDE8F087B3FA83F1174600294DD183427C
:106E700002D3B24200F20F81B6EB070C60EB0303C2
:106E800001201D46BEF1000FDDD0CEE900C5DAE7D6
:106E9000002A00F098801A46B4FA84F3002B40F0E0
:106EA000AF800B1B270CA6B20121B3FBF7F54FEA0D
:106EB0001C4007FB153340EA034306FB05F89845E1
:106EC00007D9E31805F1FF3002D2984500F2E880B7
:106ED0000546A3EB08031FFA8CFCB3FBF7F007FB96
:106EE00010334CEA034C06FB00F3634508D914EB5E
:106EF0000C0C00F1FF3602D2634500F2CE80304622
:106F0000ACEB030C40EA054095E7C1F120058B404E
:106F100022FA05FC4CEA030C00FA01F426FA05F308
:106F2000E84002FA01F943EA04084FEA1C4206FA73
:106F300001FAB0FBF2F71FFA8CF602FB17004FEADA
:106F4000184444EA004407FB06F0A0420AD91CEBAF
:106F5000040407F1FF3380F09C80A04240F2998046
:106F6000023F6444241A1FFA88F3B4FBF2F002FBD8
:106F7000104443EA044300FB06F69E4209D91CEB89
:106F8000030300F1FF3480F082809E427FD90238F3
:106F9000634440EA0740A0FB09749B1BA3423E46A2
:106FA000A04664D361D0BEF1000F0AD0BAEB06024E
:106FB00063EB080303FA05F5CA401543CB40CEE95D
:106FC000005300213FE7730843EAC1734A08190CD4
:106FD00041EA02414FEAC67C9BB2B2FBF4F026467E
:106FE000A04627461F2243EA0143B1FBF4F1A3EB7D
:106FF000080341EA004158E72946FFE6284615E71D
:107000001A46C3F120019C4026FA01F320FA01F14F
:1070100090400343270C06FA02FCB1FBF7F0A6B23E
:1070200007FB1015190C41EA054100FB06F58D42DE
:107030003BD9611801D28D4220D8491B0138B1FBE0
:10704000F7F5019505FB06F8019D9BB207FB1511AD
:1070500043EA0143434526D2E31805F1FF31C6D286
:107060004345C4D2A91E2344C1E7BA459BD2B7EB1E
:10707000090664EB0C040138A04694E7651B29441B
:107080000238B1FBF7F5019505FB06F8DCE7204671
:107090007FE71F4666E70846F4E6A44402382FE778
:1070A000023D234415E70199A1E7491BB1FBF7F520
:1070B000019505FB06F8C7E72DE9FF4757EC106B74
:1070C000002F0C469146DDF830A019464FF0000223
:1070D00003DA07F100431F462D220D9D0A7025F0AB
:1070E0002005462D04D0452D00D10134022100E0B9
:1070F000032103AB019302AB009347EC106B5346A3
:10710000224600F0F9FE472D80461AD119F0010FF2
:107110000ED000EB04090022002330463946F9F76F
:1071200027FD08B1CDF80C903022039B4B451ED3B0
:10713000039B0E9AA3EB08034046136004B0BDE81E
:10714000F087462D00EB0409E5D10378302B0AD1F6
:107150000022002330463946F9F70AFD18B9C4F178
:107160000104CAF80040DAF800309944D3E7591C0A
:1071700003911A70D9E7F7B50029BABF49422D2308
:107180002B230929027043702ADD0DF10704871CA7
:10719000A6460A26A446B1FBF6F506FB15123032C8
:1071A000632904F1FF340CF8012C2946F2DC30315C
:1071B000ACF1020204F8011C411C144672450AD3CA
:1071C0000DF10903A3EB0C03A64538BF00233B4494
:1071D000181A03B0F0BD12F8013B01F8013FEDE7CA
:1071E000302330318370C170031DF1E72DE9F04F7A
:1071F0008FB00C46DDF8608016461F46054600F04D
:107200006BFD036807931846F9F742FA00230C93C5
:10721000D8F8003094F818A0D4F800B008900733DC
:1072200023F00703B3EC027B8DED047BC8F800303C
:10723000DDE9048323F0004984ED127B9A4B4FF083
:10724000FF3240464946F9F7C5FC70BB964B4FF0FC
:10725000FF3240464946F9F79FFC30BBDDE90401A7
:1072600000220023F9F78EFC10B12D2384F843305F
:107270008E4A8F4BBAF1470F8CBF90469846032336
:1072800023612BF0040323604FF00009009733467D
:107290000DAA2146284600F0CDF9013040F08C803F
:1072A0004FF0FF300FB0BDE8F08FDDE9042310464A
:1072B0001946F9F78FFC40B1059B7E4A002BBCBFF5
:1072C0002D2384F843307C4BD4E763685A1C0AF0C2
:1072D000DF093BD1062363604BF480620023226008
:1072E00003930CABCDE901A30BAB009361689DED5B
:1072F000040B0DF12B032846FFF7DEFEB9F1470F13
:107300000B99804629D1C81C02DB63688B4241DAA5
:10731000AAF1020A5FFA8AFA0139524604F15000D2
:107320000B91FFF728FF0C9A1318012A814623615D
:1073300002DC2268D20701D5013323619DF82B308E
:10734000002BA3D02D2384F843309FE7B9F1470FDA
:10735000C2D1002BC0D10123BDE7BAF1650FDBD943
:10736000BAF1660F18D1002963680BDD216113B9EA
:107370002268D00702D501330B442361A1654FF089
:107380000009DBE713B92268D20701D50233F4E71D
:107390000123F2E74FF0670A0C9B8B4205DC236860
:1073A0002161D807EAD54B1CE7E70029D4BFC1F11A
:1073B000020201221344E0E723685A0507D4236937
:1073C000424631462846B847013028D168E7BAF12D
:1073D000650F40F2DB80D4E9120100220023F9F7A7
:1073E000C7FB90B3354A012331462846B8470130E0
:1073F0003FF456AFDDE90B38434502DB2368D8077D
:107400000DD5DDE9072331462846B84701303FF462
:1074100047AF4FF0000908F1FF38C84509DC236881
:107420009B0700F10481E0680D9B9842B8BF1846A5
:1074300038E7012304F11A0231462846B8470130E3
:107440003FF42EAF09F10109E7E70B9B834237DCDC
:107450001A4A012331462846B84701303FF420AF8D
:10746000DDE90B3959EA030302D12368D907D6D5E0
:10747000DDE9072331462846B84701303FF410AF15
:107480004FF0000A0B9B5B42534501DC4B4697E7EC
:10749000012304F11A0231462846B84701303FF46F
:1074A000FFAE0AF1010AEDE7FFFFEF7F2DAE000806
:1074B00029AE000835AE000831AE000839AE00082C
:1074C000A36DDDF830B05B45A8BF5B46002B04938D
:1074D00037DC4FF0000904F11A02049BD4F858A0DD
:1074E000002BACBFAAEB030353464B4531DC0B9B8F
:1074F0009B453ADC2368DA0737D40B9BABEB0309D7
:10750000ABEB0A039945A8BF9946B9F1000F34DCEB
:107510004FF000080B9BB9F1000FABEB0303A8BFC2
:10752000A3EB090343457FF77AAF012304F11A0265
:1075300031462846B84701303FF4B2AE08F10108A1
:10754000E8E7049B424631462846B8470130C0D19F
:10755000A6E60123314628460992B84701303FF498
:107560009FAE099A09F10109B7E7DDE90723314622
:107570002846B8470130C0D192E64B4608EB0A02D4
:1075800031462846B8470130C2D189E6DDF830A03F
:10759000BAF1010F01DCDB0735D501234246314644
:1075A0002846B84701303FF47BAEDDE9072331467A
:1075B0002846B84701303FF473AED4E912010022E7
:1075C00000230AF1FF3AF9F7D3FAC8B9534608F194
:1075D000010231462846B84701300DD160E601234B
:1075E00004F11A0231462846B84701303FF458AE3C
:1075F00008F10108D045F2DB4B4604F15002E0E609
:107600004FF00008F6E701234246E2E7012304F1C8
:10761000190231462846B84701303FF441AE08F11F
:107620000108E3680D995B1A4345EFDCFBE64FF078
:107630000008F6E72DE9F047914698468A680B69FD
:10764000089E9342B8BF1346C9F8003091F8432012
:1076500007460C4612B10133C9F800302368990679
:1076600042BFD9F800300233C9F80030256815F060
:10767000060507D104F1190AE368D9F800209B1A1E
:10768000AB4229DC94F843302268003B18BF012349
:1076900092062ED404F1430241463846B0470130E9
:1076A00021D02368A168226903F00603042B01BFDF
:1076B000E568D9F80030ED1A25EAE57518BF002510
:1076C0008B1A2B449142C8BF1D464FF000091A3453
:1076D0004D451AD1002008E0012352464146384664
:1076E000B047013003D14FF0FF30BDE8F0870135DE
:1076F000C2E7E1185A1C302081F84300224494F874
:10770000451082F843100233C4E701232246414664
:107710003846B0470130E6D009F10109D8E700004A
:107720002DE9F04398460B7E85B0782B1746064628
:107730000C9A0C4609D8622B01F1430108D8002BA2
:1077400000F0DC80582B00F0BD8004F1420539E0E8
:10775000A3F163001528F8D801A555F820F000BF63
:10776000B9770008CD7700084B7700084B77000801
:107770004B7700084B770008CD7700084B7700085F
:107780004B7700084B7700084B770008DD7800083E
:10779000F97700088B7800084B7700084B770008D2
:1077A000057900084B770008F97700084B77000847
:1077B0004B770008937800081368191D1B68116047
:1077C00004F1420584F842300123A8E013682568DB
:1077D000181D1060280601D51B6803E06A06FBD55A
:1077E000B3F90030002B03DA2D225B4284F84320EA
:1077F000DFF878C10A2213E02568106815F0800FC1
:1078000050F8043B02D16D0648BF9BB21060227E47
:10781000DFF858C16F2A5DD10822002084F84300A8
:107820006568A560002D05DB20681D4320F004007D
:10783000206051D00D46B3FBF2F002FB103E9A429D
:107840001CF80EE005F801ED0346F4D9082A0BD127
:107850002368DA0708D5236962689A42DEBF3023BD
:1078600005F8013C05F1FF35491B2161CDF8008089
:107870003B4603AA21463046FFF7DCFE013053D1D8
:107880004FF0FF3005B0BDE8F083236843F02003DC
:107890002360DFF8DCC0782384F845302068156861
:1078A00010F0800F55F8043B03D110F0400F18BFC3
:1078B0009BB21560C50744BF40F02000206023B193
:1078C0001022AAE7DFF8A4C0E6E7226822F020022F
:1078D0002260F5E70A22A0E70D46B7E71368D4F85F
:1078E00000C060691D1D15601CF0800F1B6801D071
:1078F000186003E01CF0400FFAD0188000232361C9
:107900000D46B3E71368191D11601D6862680021F8
:107910002846F8F76DFE08B1401B6060636823617C
:10792000002384F84330A1E723692A4639463046CC
:10793000C0470130A4D023689B0714D4E068039BA0
:107940009842B8BF18469DE7012304F11902394651
:107950003046C047013093D00135E36803995B1A84
:10796000AB42F1DCEAE70025F7E700BF3BAE0008D9
:107970004CAE0008002310B50446C0E90033C0E94E
:107980000433836081814366C28183611946082282
:107990005C3000F078F90D4B63620D4BA3620D4B28
:1079A000E3620D4B23630D4B24629C4206D003F12E
:1079B0006802944202D0D0339C4205D104F15800B1
:1079C000BDE8104000F0FCB910BD00BF617B0008AD
:1079D000837B0008BB7B0008E17B0008F0120020DD
:1079E000024A0349034800F06BB800BF1C010020A5
:1079F000819700082C01002041680C4B994210B57A
:107A0000044601D001F0BCFEA168094B994202D0A6
:107A1000204601F0B5FEE168064B994204D02046AD
:107A2000BDE8104001F0ACBE10BD00BFF012002058
:107A300058130020C013002010B50A4B0A4A1A60E0
:107A40000A4800220421FFF795FF09480122092175
:107A5000FFF790FFBDE81040064802221221FFF711
:107A600089BF00BF28140020E1790008F01200202F
:107A700058130020C0130020014800F0A2B900BF35
:107A800031140020014800F09DB900BF31140020DE
:107A900010B50446FFF7F0FF236A1BB1BDE81040A4
:107AA000FFF7F0BF044B2362044B1B68002BF5D19A
:107AB000FFF7C2FFF2E700BFF979000828140020A1
:107AC0002DE9F8438046894614460026D4E901751D
:107AD000013F05D52468002CF8D13046BDE8F88375
:107AE000AB89012B07D9B5F90E30013303D02946F4
:107AF0004046C84706436835EAE700000CB430B595
:107B0000154B0C1E1D689DB008DA8B232B604FF0BF
:107B1000FF301DB0BDE8304002B070474FF00003A9
:107B20001B9318BF0123E31A049307930B4B029096
:107B300006900593209A21AB02A92846019301F0F3
:107B4000A7FC431CBCBF8B232B60002CE1D0029B05
:107B500000221A70DDE700BF280100200802FFFFA5
:107B600010B50C46B1F90E1000F0DCF80028ABBFE0
:107B7000636DA3891B1823F48053ACBF6365A38195
:107B800010BD2DE9F0411F468B89DB0505460C46EB
:107B9000164605D5B1F90E100223002200F0B0F808
:107BA000A389B4F90E1023F48053A38132463B46D7
:107BB0002846BDE8F04100F0C7B810B50C46B1F951
:107BC0000E1000F09DF8B4F90C30421C0BBF23F4EA
:107BD000805343F48053A381A38118BF606510BD17
:107BE000B1F90E1000F07CB830B5141E9BB00546FC
:107BF0001A4605DA8B2303604FF0FF301BB030BD0F
:107C00004FF00003199318BF0123E31A0293059361
:107C1000084B00910491039369461E9B01F038FCC8
:107C2000431CBCBF8B232B60002CE7D0009B0022A1
:107C30001A70E3E70802FFFF07B5009313460A46F0
:107C4000014603480068FFF7CFFF03B000BD00BF47
:107C500028010020884210B501EB020402D98442B9
:107C6000234607D8431EA14207D011F8012B03F881
:107C7000012FF8E70244824200D110BD13F8011D24
:107C800002F8011DF7E702440346934200D1704712
:107C900003F8011BF9E7C9B203461A78184622B166
:107CA0008A4203F10103F8D17047914218BF104690
:107CB000704710B50139034632B111F8014F03F88E
:107CC000014B013A002CF7D11A440021934200D114
:107CD00010BD03F8011BF9E7004870476802002057
:107CE00038B5064C0023054608462360FBF79EFA8C
:107CF000431C02D1236803B12B6038BD2C14002033
:107D000038B5074C054608461146002222601A463F
:107D1000FBF796FA431C02D1236803B12B6038BDF0
:107D20002C14002038B5074C0546084611460022A1
:107D300022601A46FBF75CFA431C02D1236803B1A8
:107D40002B6038BD2C14002038B5074C054608467A
:107D50001146002222601A46FBF75AFA431C02D150
:107D6000236803B12B6038BD2C140020014B186828
:107D7000704700BF2801002070B50D4B0D4C002648
:107D80001D1BB6EBA50F09D102F04EFF0A4C0B4BA1
:107D900000261D1BB6EBA50F05D170BD54F8043BA2
:107DA00098470136EDE754F8043B98470136F1E770
:107DB00070B4000870B4000870B4000874B400080F
:107DC0007047704770470A44914200F1FF3300D179
:107DD000704710B511F8014B03F8014F9142F9D1EA
:107DE00010BD2DE9F74F03690C69A34280467EDB85
:107DF000013C01F11407A30000F11405009305EB09
:107E00008403019357F8243055F8242001339A4213
:107E100007EB8409B2FBF3F62ED34FF0000ABC4601
:107E2000AE46D3465CF8043B98B206FB00A0020CB9
:107E30001B0C06FB0323DEF8002080B292B2121A5C
:107E40005A44DEF800004FEA134A9BB2C3EB2243C8
:107E500003EB104392B242EA0342E1454EF8042B91
:107E60004FEA234BDED2009BEB582BB9019B1A1F24
:107E7000954230D3C8F81040404601F09DF90028E3
:107E800025DB01362946002057F8042BD1F800C025
:107E90001FFA82FE1FFA8CF3A3EB0E030344120CAD
:107EA000C2EB234202EB1C429BB243EA0243B945B8
:107EB00041F8043B4FEA2240E6D255F8242005EB76
:107EC000840322B9043B9D420BD3C8F810403046CE
:107ED00003B0BDE8F08F1368002BCBD1043A013C0E
:107EE000C6E71A68002AF0D1043B013CEBE700200A
:107EF000EEE70000000000002DE9F04F99B08DED95
:107F00000E0B0C92C269229C0A9157EC106B8146B1
:107F1000139382B9102000F011FE0246C9F81C002C
:107F200020B9A94BEF21A94801F062FC0023C0E968
:107F300001330360C360116859B152684A6001237C
:107F400093408B60484600F0E9FED9F81C300022CF
:107F50001A60B7F10008B5BF012300232360236036
:107F60009B4BBCBF28F00048CDF83C8033EA0803A7
:107F70001AD1139AC8F3130842F20F7358EA06088D
:107F8000136000F06185239B53B9924B21E0924B23
:107F900000930833239A1360009819B0BDE8F08F5E
:107FA0008C4B00930333F5E79DED0E7B002251ECE3
:107FB000170B00238DED067BF8F7DAFD824650B1F2
:107FC000139A01231360239B13B1239A834B1360ED
:107FD000834B0093E0E79DED060B16AA17A94846D0
:107FE00001F09EF95FEA1854169D019079D0079B25
:107FF000CDF850A0C3F31303DDE9060143F07F532E
:1080000043F44013A4F2FF3419460022754BF8F7ED
:10801000C3F867A3D3E90023F8F742FB66A3D3E9CB
:108020000023F8F7BBF8064620460F46F8F702FA99
:1080300063A3D3E90023F8F733FB02460B4630462F
:108040003946F8F7ABF806460F46F8F7D9FD002297
:108050008046002330463946F8F794FD48B1404643
:10806000F8F7E8F932463B46F8F782FD08B908F11F
:10807000FF38B8F1160F51D85B4B03EBC803D3E9B7
:108080000023DDE90601F8F77DFD002848D008F15E
:10809000FF38002312932D1B6B1E089343BF002350
:1080A000C5F1010708930027B8F1000F3ADB089BE0
:1080B000CDF8348043440893002309930A9B092B8D
:1080C00062D8052BC4BF043B0A930A9BA3F10203A9
:1080D000CCBF00240124032B62D8DFE803F0515306
:1080E000362B179C2C4404F23243202BC1BFC3F122
:1080F000400308FA03F804F2124326FA03F3D6BF4A
:10810000C3F1200348EA030006FA03F0F8F782F906
:108110000122A1F1F873013C149275E70123B9E73C
:108120001290B8E7C8F1000309930023A7EB0807F2
:108130000D93C3E701230B930C9B43440593013339
:10814000012B0493B8BF012306E001230B930C9B82
:10815000002B28DDCDE90433D9F81C0000210422CE
:1081600002F114059D4243D94160484600F098FD54
:10817000009000283FD11D4B024640F2AF11D2E6DD
:108180000023E3E70023D6E701240023CDE90A34E6
:108190004FF0FF330022CDE904330C921223DBE7CA
:1081A00001230B93F4E70123CDE904330C93D3E7C8
:1081B00061436F63A787D23FB3C8608B288AC63FED
:1081C000FB799F501344D33F6AAE000881AE00088C
:1081D0000000F07F66AE00085DAE00083AAE000811
:1081E00039AE00080000F83FD0AF0008DAAE000852
:1081F00001315200B4E7D9F81C30009A1A60049B90
:108200000E2B75D8002C73D0B8F1000F40F3C4804A
:108210009F4B08F00F0203EBC20318F4807FD3E9F1
:1082200000AB4FEA281500F0A3809A4BDDE9060168
:10823000D3E90823F8F75EFBCDE9020105F00F054D
:108240000324944E002D40F0998052465B46DDE9B0
:108250000201F8F74FFB82468B46129B002B00F081
:10826000C3808D4B002250465946F8F78BFC0028FE
:1082700000F0BA80049B002B00F0B680059B002B19
:1082800036DD08F1FF33029350465946834B0022F6
:10829000F8F706FA059E82468B4601342046F8F729
:1082A000C9F852465B46F8F7FBF97D4B0022F7F719
:1082B00075FF0446A1F15075CDE91045002E40F040
:1082C0009780784B002250465946F7F765FF2246C3
:1082D0002B4682468B46F8F773FC002840F0BD829F
:1082E000224605F1004350465946F8F74BFC20BBA7
:1082F000179B002BC0F28D81B8F10E0F00F389811E
:10830000634B03EBC803D3E900AB0C9B002B80F25B
:108310001B81049B002B00F317810ED1614B0022BF
:1083200050465946F8F7BCF902460B46DDE906010E
:10833000F8F732FC002800F0938200252C460C9BB5
:10834000009EDB430293274600242946484600F05E
:10835000E5FC002F00F0EE802CB1BC4203D021469A
:10836000484600F0DBFC3946484600F0D7FCE1E027
:108370009DED067B02248DED027B62E7E90708D5BF
:1083800050465946D6E90023F8F78AF90134824667
:108390008B466D10083655E722D0C8F100053C4BDE
:1083A0003C4E05F00F0203EBC203D3E90023DDE9E5
:1083B0000601F8F775F92D1182468B460224002D2F
:1083C0003FF44BAFEA0708D550465946D6E900239B
:1083D000F8F766F9013482468B466D100836EEE7F1
:1083E000DDE906AB022438E7049ECDF8088055E7A6
:1083F000274B03EBC60353E902010B9B002B55D01F
:1084000002460B4600202849F8F774FADDE91023EC
:10841000F7F7C2FE009BCDE910019D191E46594693
:108420005046F8F7EDFB00F13004F8F703F8024688
:108430000B4650465946F7F7AFFEDDE9102306F824
:10844000014B82468B46F8F79DFB002872D15246BD
:108450005B4611490020F7F79FFEDDE91023F8F78E
:1084600091FB002840F0B680AE423FF441AFDDE919
:1084700010010A4B0022F8F713F9084BCDE910015F
:10848000002250465946F8F70BF982468B46C6E75C
:10849000D0AF0008A8AF00080000F03F0000244063
:1084A00000001C40000014400000E03FDDE9102304
:1084B000F8F7F6F8009B009CCDE9100133441593C2
:1084C00059465046F8F79CFB00F13005F7F7B2FF2C
:1084D0000B46024659465046F7F75EFE04F8015B2C
:1084E000159B9C4282468B4627D1009B0022DDE9EA
:1084F00010011E44AA4BF7F751FE02460B465046A8
:108500005946F8F75DFB002864D1DDE91023A44942
:108510000020F7F741FE02460B4650465946F8F751
:1085200031FB00283FF4E4AE334616F8012D302A23
:10853000FAD01E46DDF808803AE09A4B0022F8F7A0
:10854000AFF882468B46BBE7009E52465B46DDE9AC
:108550000601F8F7CFF9F8F753FB0746F7F76AFF7C
:1085600052465B46F8F79CF802460B46DDE90601E9
:10857000F7F712FE07F1300C009C06F801CBA6EBD2
:10858000040C049C644502460B4633D1F7F706FE03
:1085900052465B4604460D46F8F712FBC0B95246F8
:1085A0005B4620462946F8F7E3FA08B1FB070FD4EB
:1085B0000199484600F0B2FB0023139A337008F18A
:1085C00001031360239B002B3FF4E6AC1E60E3E441
:1085D000CDF8088033461E4613F8012D392A06D1FE
:1085E000009A9A42F7D1029A013202923022013265
:1085F0001A709FE76B4B0022F8F752F802460B46C1
:10860000CDE9062300220023F8F7B2FA00289CD017
:10861000CEE70B9A002A00F0DF800A9A012A00F3C5
:10862000C380149A002A00F0B78003F23343099DF7
:108630003E46089A01211A4448461F44089200F019
:1086400021FC044656B1089B002B07DDB342089A73
:10865000A8BF3346FF1AF61AD31A0893099B0BB327
:108660000B9B002B00F0BF80002D00F0B98021464D
:108670002A46484600F0D2FC019A01460446484684
:1086800000F016FC01998246484600F047FB099B22
:108690005B1B099300F0AA80099A5146484600F0F6
:1086A000BDFC01900121484600F0ECFB0D9B054606
:1086B000002B00F0D0811A460146484600F0AEFC7F
:1086C0000A9B012B054600F399800E9B002B40F07E
:1086D00090800F9BC3F31303002B40F08A800F9B05
:1086E00023F000431B0D1B05002B00F08580089B29
:1086F0000133013708934FF0010A0D9B002B00F066
:10870000B0812B6905EB8303186900F06FFBC0F1A2
:108710002000089B184410F01F0076D01B2870DC46
:10872000C0F11C000744064403440893002F05DDF4
:1087300001993A46484600F0CDFC0190089B002B79
:1087400005DD29461A46484600F0C4FC0546129B42
:10875000002B5FD00198294600F02EFD002859DA41
:1087600008F1FF330293019900230A22484600F0E2
:10877000F7FA0B9B0190002B00F075810023214636
:108780000A22484600F0ECFA059B002B044671DCF7
:108790000A9B022B47DC6DE0169BC3F1360346E7CC
:1087A0000000E03F00002440049B5D1E099BAB429B
:1087B00008DB5D1B049B002BBFF63AAF049BFE1A3F
:1087C000002336E7099B0D9A0995EB1A1A440D927E
:1087D000049B3E4600252CE7099D0B9C3E4631E755
:1087E000DDF804A058E7099A019957E7CDF804A0ED
:1087F00058E74FF0000A80E79A467EE74FF0000AFC
:108800007FE71C2892D0C0F120001C30089B074451
:10881000064489E7049BCDF80880002B24DC0593EF
:108820000A9B022B22DD059B002B7FF488AD294695
:10883000059B0522484600F093FA0146054601983B
:1088400000F0BAFC00287FF77AAD009E312306F8CD
:10885000013B029B0133029375E535462C46F4E754
:10886000049DCDF80880F9E7049B05930B9B002B32
:1088700000F0FD80002E05DD21463246484600F01E
:1088800029FC0446BAF1000F58D06168484600F050
:1088900007FA064628B9814B024640F2EF21FFF75E
:1088A00042BB22690232920004F10C010C30FFF746
:1088B0008AFA01223146484600F00CFC0746009B2C
:1088C000009A03F10108059B134406930E9B03F0E5
:1088D0000103089329460198FFF783FA2146049083
:1088E00000F1300B019800F067FC3A4605902946EC
:1088F000484600F07DFCC26808F1FF3A0646FAB926
:108900000146019800F058FC02463146484609925B
:1089100000F004FADDE9092342EA0301089B194348
:1089200046460FD1BBF1390F28D0059B002B02DD45
:10893000049B03F1310B8AF800B006E52746BEE739
:108940000122E2E7059B002B04DB0A990B430899FF
:108950000B4320D1002AEEDD01990122484600F0A8
:10896000B9FB2946019000F027FC002803DCE2D186
:108970001BF0010FDFD0BBF1390FD9D139238AF8B1
:10898000003033461E46013B16F8012C392A52D0DE
:1089900001321A70D9E4002A07DDBBF1390FEDD09E
:1089A0000BF101038AF80030CFE4069B08F801BC04
:1089B00043452AD0019900230A22484600F0D0F905
:1089C000BC4201904FF000034FF00A022146484696
:1089D00006D100F0C5F90446074608F1010879E719
:1089E00000F0BEF93946044600230A22484600F04A
:1089F000B7F90746F1E7059B5E1E002B009BD8BF29
:108A000000265A1C27461644002401990122484694
:108A100000F060FB2946019000F0CEFB0028B0DC9E
:108A200002D11BF0010FACD133461E4613F8012DC5
:108A3000302AFAD089E4009A9A42A3D1029B0133EA
:108A400002933123137080E4239B002B7FF49FAAB1
:108A5000134BFFF7BEBA0A9B012B7FF736AEDDF84A
:108A600034A0012055E6059B002B7FF7D9AE009E70
:108A700001982946FFF7B5F900F1300B009B06F885
:108A800001BBF21A059B9342B5DD019900230A222E
:108A9000484600F065F90190EAE700BFDAAE000849
:108AA0005DAE000837B5002944D051F8043C019070
:108AB000002BA1F10404B8BFE41800F0E5F81E4A49
:108AC0000198136833B96360146003B0BDE83040A7
:108AD00000F0E0B8A34208D9256861198B4201BFB4
:108AE00019685B6849192160EDE71A465B680BB1AC
:108AF000A342FAD911685518A5420BD12468214424
:108B00005418A3421160E0D11C685B6853600C44A8
:108B10001460DAE702D90C230360D6E725686119EF
:108B20008B4204BF19685B68636004BF4919216008
:108B30005460CAE703B030BD38140020024B014630
:108B4000186800F025B800BF2801002070B50F4C50
:108B50000E462168054611B900F03AFE2060314604
:108B6000284600F035FE431C03D14FF0FF34204669
:108B700070BDC41C24F00304A042F8D0211A28467A
:108B800000F026FE0130F2D1EFE700BF34140020E0
:108B90002DE9F843CD1C25F0030508350C2D38BF11
:108BA0000C25002D064601DBA94204D90C233360B5
:108BB0000020BDE8F883334F00F066F83B681C46A0
:108BC0003CBB29463046FFF7C1FF431C044656D143
:108BD0003C68A046B8F1000F40D1002C49D0236872
:108BE0004146304604EB030900F0F2FD814540D1D7
:108BF00021686D1A29463046FFF7A8FF013038D0AA
:108C000023682B4423603B685A685ABBC7F800802E
:108C10000EE02268521B1ED40B2A16D96119A342FA
:108C2000256018BF5960636808BF396062514B60A6
:108C3000304600F02FF804F10B00231D20F0070050
:108C4000C21A1CBF1B1AA350B3E76268A3420CBF31
:108C50003A605A60ECE723466468B1E74446D8F8C6
:108C60000480B7E71A465B68A342FBD10023536038
:108C7000DEE70C233360304600F00CF898E705601F
:108C8000D6E700BF381400200148FFF79AB800BFAC
:108C9000301400200148FFF795B800BF30140020C1
:108CA00070B5C46905460E4684B91020FFF746FF2B
:108CB0000446E86128B90246164B17486B2100F0BC
:108CC00097FD0023C0E901330360C360E36853B933
:108CD00021220421284600F0A9FDEB69E060DB6851
:108CE0000BB9002070BD53F8260030B1026843F87C
:108CF00026200023C0E90333F4E7012101FA06F43A
:108D0000621D9200284600F091FD0028E9D0C0E9DC
:108D10000164EEE76AAE0008EBAE000870B5C46906
:108D200006460D4674B91020FFF708FF0246F061B1
:108D300020B9094B09488F2100F05AFDC0E90144D0
:108D40000460C4603DB1F3696A68DB6853F82210BF
:108D5000296043F8225070BD6AAE0008EBAE0008EF
:108D60002DE9F0410D6907460C461E4601F1140C31
:108D70000020DCF8003099B202FB01611E0C0B0CE4
:108D800002FB063389B2013001EB034185424CF806
:108D9000041B4FEA1346ECDC0EB3A368AB4219DCAC
:108DA000616838460131FFF77BFF804628B90246EB
:108DB0000C4B0D48BA2100F01BFD2269023204F170
:108DC0000C0192000C30FEF7FEFF21463846FFF7FB
:108DD000A5FF444604EB850301355E61256120460D
:108DE000BDE8F081DAAE0008EBAE0008B0F5803FD8
:108DF000034636BF030400201020B3F1807F3CBF40
:108E00001B020830B3F1805F3CBF1B010430B3F19B
:108E1000804F3CBF9B000230002B04DB5B0001D580
:108E20000130704720207047036813F007020146A5
:108E30000BD0DA0722D4980749BF5B089B080120B2
:108E40000B605CBF0B600220704798B2A0B91B0C8E
:108E50001020DAB20AB908301B0A1A0704BF1B092E
:108E600004309A0704BF9B080230DA0702D45B087B
:108E700006D001300B6070471046EAE700207047CB
:108E80002020704710B50C460121FFF709FF02466C
:108E900028B9054B054840F2451100F0A9FC012313
:108EA0004461036110BD00BFDAAE0008EBAE0008FC
:108EB0002DE9F04FD1F81080D2F81090C84585B058
:108EC0000E46144604DB4B460C46C14616469846F1
:108ED000A368616809EB0807BB42B8BF0131FFF71F
:108EE000DFFE30B902464B4B4B484FF4B17100F0F6
:108EF0007FFC00F1140505EB870B2B4600225B4538
:108F000022D306F1140101EB880304F1140C0CEBDD
:108F1000890C029304F1150363458CBF00230123E0
:108F20000093ACEB0403153B9B080193029B039158
:108F30008B420CD8002F03DD5BF8043D002B67D07B
:108F4000076105B0BDE8F08F43F8042BD7E7B1F80F
:108F500000A0BAF1000F28D004F11408A9464FF080
:108F6000000E58F8042BD9F8003096B29BB20AFBD9
:108F70000633D9F80060120C360C73440AFB026603
:108F800006EB13469BB243EA0643C44549F8043B4B
:108F90004FEA164EE5D8009A019B002A4FEA830358
:108FA00008BF00232B44C3F804E0039BB3F802E09E
:108FB0000431BEF1000F29D02B6804F11406984645
:108FC000A9464FF0000A32880EFB02A202EB1842BB
:108FD0009BB243EA024349F8043B56F8043BD9F8F4
:108FE00000804FEA134A1FFA88F30EFB0A3303EBA3
:108FF0001243B4454FEA134AE5D8009E019A002E69
:109000004FEA820208BF00222A44536004358DE7EC
:10901000013F8FE7DAAE0008EBAE00082DE9F84318
:10902000174612F0030280460D4607D0264C013A3F
:10903000002354F82220FFF793FE0546BF103FD0CF
:10904000D8F81C4094B91020FFF778FD0446C8F802
:109050001C0030B902461D4B1D4840F2B31100F010
:10906000C7FB0023C0E901330360C360A66846B9AB
:1090700040F271214046FFF705FF0023A06006463D
:1090800003602C464FF0000907F001037F1053B135
:10909000294632464046FFF70BFF2146054640462B
:1090A000FFF73CFE67B1306838B93246314640467A
:1090B000FFF7FEFE3060C0F8009006462C46E3E75E
:1090C0002846BDE8F88300BF9CAF00086AAE0008E0
:1090D000EBAE00082DE9F84F0C4649682669A368F5
:1090E00006EB6216074691464FEA621A06F101083E
:1090F00043450BDB3846FFF7D3FD054648B902462A
:109100002B4B2C484FF4EF7100F072FB01315B00E8
:10911000EEE700F1140100230A461846534539DBF7
:1091200020692AEAEA7A01EB8A0104F1140319F0B2
:109130001F098C4603EB800030D0C9F1200A4FF0A4
:10914000000E1A68E34602FA09F242EA0E02CBF870
:10915000002053F8042B98420CF1040C22FA0AFE6A
:10916000EFD8031B153B23F0030304F115029042D3
:1091700038BF00231944C1F804E0BEF1000F00D14C
:10918000B0463846C5F810802146FFF7C7FD28468F
:10919000BDE8F88F42F8040B0133BFE753F8041B16
:1091A000CCF8001098420CF1040CF7D8E8E700BFA7
:1091B000DAAE0008EBAE000803690A699B1A30B505
:1091C0000ED11430143100EB820401EB820154F80B
:1091D000045D51F8042D954204D006D24FF0FF33C0
:1091E000184630BDA042F2D3FAE70123F8E70000A9
:1091F0002DE9F74F8A460646114650461446FFF7BA
:10920000DBFF051E12D129463046FFF749FD024615
:1092100028B9414B40F23721404800F0E9FA0123D8
:10922000C0E90435104603B0BDE8F08FBCBF53461B
:10923000A2463046DAF80410BABF1C4601250025C4
:10924000FFF72EFD024618B9334B40F24521E3E704
:10925000DAF810702669C5600AF1140904F1140ED9
:1092600000F114050AF1100309EB87080EEB8606DE
:109270000193AB464FF0000C019B5EF8040B53F8D2
:1092800004AF01931FFA8AF183B2CB1A000C634436
:10929000C0EB1A4000EB23409BB243EA0043764503
:1092A0004BF8043B4FEA204CE6D8331B153B1534F2
:1092B00023F00303A64238BF0023E8184B441C1DCB
:1092C00004302646A5EB090546450ED308F10301F7
:1092D000091B21F003010133984538BF00210144E7
:1092E00051F8043DABB117619CE706EB050E56F84B
:1092F000041BE2464FEA11491CFA81FC514409EB78
:109300002C4989B241EA09414FEA294CCEF80010B4
:10931000DAE7013FE4E700BFDAAE0008EBAE000891
:109320002DE9F7430F46012159EC108B1646FFF744
:10933000B7FC054630B90246234B244840F20F31B2
:1093400000F056FAC9F30A54C9F313030CB143F4FD
:1093500080130193B8F1000323D068460093FFF710
:1093600063FD0099D8B1019AC0F1200302FA03F31A
:109370000B43C2406B610192019BAB61002B0CBFA0
:10938000012202222A61A4B1A4F2334404443C60C5
:10939000C0F135003060284603B0BDE8F083696154
:1093A000EAE701A8FFF740FD019B6B612030012235
:1093B000E8E705EB8203A0F2324038601869FFF756
:1093C00015FDC0EB4210E5E7DAAE0008EBAE000891
:1093D0002DE9F0478E681F46BE4282460C469046F5
:1093E000334653D8B1F90C0010F4906F2BD0656957
:1093F0002368096905EB4505A3EB010905EBD57564
:109400007B1C6D104B44AB422A4684BF1D462A4646
:10941000430527D511465046FFF7BAFB064658B319
:1094200021694A46FEF7CFFCA38923F4906343F0F9
:109430008003A381266165614E44A5EB0905266082
:10944000A5603E463B461F4620683A464146FEF729
:1094500001FCA3689B1BA36023683B44236000209E
:10946000BDE8F087504600F007FA06460028E1D133
:1094700021695046FFF716FB0C23CAF80030A38978
:1094800043F04003A3814FF0FF30E9E73E46DBE7BE
:109490002DE9F0471F468B891B069CB006460D46FA
:1094A000144610D50B6973B94021FFF771FB286092
:1094B000286130B90C2333604FF0FF301CB0BDE899
:1094C000F08740236B610023099320238DF8293016
:1094D00003973023654F8DF82A304FF0010823465B
:1094E0001A7899461AB1252A03F10103F8D1B9EB8C
:1094F000040A0BD05346224629463046FFF768FF40
:10950000013000F0A380099A5244099299F8003082
:10951000002B00F09B8000224FF0FF33CDE9053295
:1095200009F10109049207928DF853201A924C46D2
:10953000052214F8011B4D48F7F75AF8049AD0B9E0
:10954000D00644BF20238DF85330110744BF2B238E
:109550008DF8533099F800302A2B13D007994B46D9
:1095600000204FF00A0C1A78303A092A1C464AD9D2
:10957000A8B1079113E0C01B08FA00F01043049053
:10958000A146D4E7039B191D1B680391002BBBBFA9
:109590005B4242F0020207930793B8BF049223781C
:1095A0002E2B0AD163782A2B32D1039B1A1D1B68FC
:1095B000039243EAE37302340593DFF8C090217805
:1095C00003224846F7F714F838B1049BA0EB0900D2
:1095D00040228240134301340493217824488DF8BB
:1095E00028100622F7F704F8002835D0214818BBC8
:1095F000039B073323F0070308330393099B0344BA
:10960000013409936BE701330CFB01210120AAE728
:1096100000230593611C18464FF00A0C0A78303A73
:10962000092A0C4603D9002BC7D00590C5E70131A4
:109630000CFB00200123F1E703AB00932A460E4BFD
:1096400004A93046FDF7D2FD421CD7D1AB895B0699
:109650003FF532AF099831E703AB00932A46064B3A
:1096600004A93046FEF75CF8EEE700BF45AF0008FE
:109670004FAF0008ED710008D19300084BAF000810
:10968000B1F90C202DE9F041160705460C4651D4DE
:109690004B68002B02DC0B6C002B49DDE66A002EC8
:1096A00046D0002312F480522F682B6031D0626DB7
:1096B000A389590705D56368D21A636B0BB1236C74
:1096C000D21A0023E66A216A2846B047421CB4F940
:1096D0000C3006D129681D2945D8284ACA40D6072A
:1096E00041D500226260D9042269226004D5421C5F
:1096F00001D12B6803B96065616B2F60C1B104F1C2
:109700004403994202D02846FFF7CCF90023636353
:109710000EE0216A01232846B0470246501CC7D1FB
:109720002B68002BC4D01D2B01D0162B1AD12F6013
:1097300000201DE00F69002FFAD093070E6808BFC4
:109740004B690F6018BF0023A6EB07088B60B8F1C8
:10975000000FEDDD216AA66A43463A462846B04727
:10976000002807DCA38943F04003A3814FF0FF30BA
:10977000BDE8F0810744A8EB0008E8E701004020BD
:1097800038B50B6905460C4613B91D46284638BD49
:1097900018B1036A0BB9FEF77BF9B4F90C30002B52
:1097A000F3D0626ED00704D4990502D4A06DFEF701
:1097B00008FB28462146FFF763FF636EDA0705467C
:1097C000E4D4A3899B05E1D4A06DFEF7FBFADDE7A5
:1097D00038B5064C0023054608462360F9F7D4FC4B
:1097E000431C02D1236803B12B6038BD2C14002028
:1097F0001FB51D46094B1B680646D86852B1084C78
:109800000091CDE90142074933462A4600F070F83D
:1098100000F080F8044C2246F2E700BF2801002047
:1098200060AF00086DAF00089BAF000870B5A1FBEA
:10983000026535B93146FFF7ABF9044628B9204631
:1098400070BD0C2303600024F9E732462946FEF779
:109850001AFAF4E782B001B901A942B14BB1137809
:109860000B601278101E18BF012002B0704710461E
:10987000FBE76FF00100F8E72DE9F04107461546D8
:109880000C4621B9BDE8F0411146FFF781B92AB96C
:10989000FFF708F92C462046BDE8F08100F041F8BA
:1098A0008542064602D8B5EB500FF4D82946384613
:1098B000FFF76EF9804608B94446ECE7B5422A4600
:1098C000214628BF3246FEF77EFA21463846FFF78A
:1098D000E9F8F1E749B1FF2A85BF8A2303600A70DE
:1098E0004FF0FF3098BF01207047084670470000D6
:1098F0000EB403B5014603AB054853F8042B0068CA
:10990000019300F03DF802B05DF804EB03B070473E
:109910002801002008B5062000F000FA0120F9F720
:1099200061FC51F8043C181F002BBCBF0B58C01839
:1099300070479368013B002B10B4936007DA946979
:10994000A34201DB0A2902D110BC00F02DB9136833
:10995000581C10601970084610BC7047F8B50646D0
:109960000F461446D518AC4201D1002007E014F888
:10997000011B3A463046FFF7DCFF431CF3D1F8BD2C
:109980002DE9F04706469CB00D4614461F4618B117
:10999000036A0BB9FEF77CF86B6ED90705D4AB8967
:1099A0009A0502D4A86DFEF70CFAAB891B0701D506
:1099B0002B699BB92946304600F034F970B16B6EC3
:1099C000DE0704D54FF0FF301CB0BDE8F087AB894F
:1099D0009C05F7D4A86DFEF7F5F9F3E7002309938A
:1099E00020238DF82930039730236A4F8DF82A30D1
:1099F0004FF0010823461A7899461AB1252A03F137
:109A00000103F8D1B9EB040A0BD05346224629468C
:109A10003046FFF7A3FF013000F0A380099A5244BB
:109A2000099299F80030002B00F09B8000224FF043
:109A3000FF33CDE9053209F10109049207928DF84F
:109A400053201A924C46052214F8011B5148F6F790
:109A5000CFFD049AD0B9D00644BF20238DF85330EF
:109A6000110744BF2B238DF8533099F800302A2B6F
:109A700013D007994B4600204FF00A0C1A78303A61
:109A8000092A1C464AD9A8B1079113E0C01B08FA5D
:109A900000F010430490A146D4E7039B191D1B68F6
:109AA0000391002BBBBF5B4242F002020793079376
:109AB000B8BF049223782E2B0AD163782A2B32D197
:109AC000039B1A1D1B68039243EAE3730234059358
:109AD000DFF8D090217803224846F6F789FD38B1A7
:109AE000049BA0EB090040228240134301340493FD
:109AF000217829488DF828100622F6F779FD0028EC
:109B00003ED0264818BB039B073323F007030833D6
:109B10000393099B0344013409936BE701330CFB66
:109B200001210120AAE700230593611C18464FF08C
:109B30000A0C0A78303A092A0C4603D9002BC7D000
:109B40000590C5E701310CFB00200123F1E703ABD1
:109B500000932A46124B04A93046FDF747FB431CED
:109B6000D7D16B6ED90705D4AB899A0502D4A86DFD
:109B7000FEF728F9AB895B063FF524AF099823E788
:109B800003AB00932A46064B04A93046FDF7C8FDF7
:109B9000E5E700BF45AF00084FAF0008ED710008D2
:109BA0005D9900084BAF0008F8B505460F4614460E
:109BB00018B1036A0BB9FDF76BFFA369A360A38912
:109BC0001A0701D5236943B92146284600F02AF82F
:109BD00018B14FF0FF363046F8BD23692068C01A2F
:109BE0006369834205DC21462846FFF7C9FD00284A
:109BF000EFD1A368013BA36023685A1C22601F7049
:109C0000636901308342FEB204D0A389DB07E2D549
:109C10000A2EE0D121462846FFF7B2FD0028DAD00F
:109C2000D7E7000038B5284B054618680C4618B130
:109C3000036A0BB9FDF72CFFB4F90C30190720D4D7
:109C4000DA0607D409222A6043F04003A3814FF0CB
:109C5000FF3031E0580711D5616B41B104F1440385
:109C6000994202D02846FEF71DFF002363630022BD
:109C7000A38962602269226023F0240343F0080371
:109C8000A38123694BB9A38903F42073B3F5007F43
:109C900003D02146284600F081F8B4F90C3013F0C7
:109CA00001020AD00022A26062695242A2612269C6
:109CB00042B913F08000C7D138BD990758BF626917
:109CC000A260F4E70020F7E7280100201F2938B53B
:109CD00005460C4604D9162303604FF0FF3038BD0B
:109CE000C26B12B152F821304BB9284600F030F85F
:109CF000224601462846BDE8384000F017B8012B3F
:109D00000AD0591C03D1162303600120E7E7002184
:109D100042F82410204698470020E0E7024B014615
:109D20001868FFF7D3BF00BF2801002038B5074CE3
:109D300000230546084611462360F9F74BFA431CF9
:109D400002D1236803B12B6038BD00BF2C14002062
:109D5000F9F73EBA70B50E46B1F90E10002996B06B
:109D600014461D460ADAB28912F0800213D14FF46C
:109D7000806100202A60216016B070BD6A4600F044
:109D800047F80028EFDB019A02F47042A2F5005375
:109D90005A425A41EBE700224021EAE78B8973B52A
:109DA0009E0705460C4607D504F14703236023614F
:109DB0000123636102B070BD01AB6A46FFF7CAFFC1
:109DC000009E28463146FEF7E3FEB4F90C3038B960
:109DD0009A05EFD423F0030343F00203A381E3E7E2
:109DE00043F08003A381019B2060C4E90406002B9B
:109DF000E0D0B4F90E10284600F01CF80028D9D0A5
:109E0000A38923F0030343F00103A381D2E70000F9
:109E100038B5074C00230546084611462360F9F77C
:109E200008FA431C02D1236803B12B6038BD00BF80
:109E30002C14002038B5064C002305460846236044
:109E4000F9F7FCF9431C02D1236803B12B6038BD3C
:109E50002C14002010EE103A184A23F000439342CD
:109E600019D9B3F1FF4F02D330EE400A704700B565
:109E700083B0684600F096F900F0030001289DEDDC
:109E8000000ADDED010A0FD0022808D088B900F0E1
:109E9000BFF803B000BDDFED0A0A00F0B9B800F06A
:109EA000B7F8B1EE400AF4E700F034F9B1EE400A39
:109EB000EFE7012000F02EF9EBE700BFD80F493F94
:109EC0000000000010EE103A194A23F000439342BC
:109ED0001AD9B3F1FF4F02D330EE400A704700B5F4
:109EE00083B0684600F05EF900F0030001289DEDA4
:109EF000000ADDED010A12D002280AD090B9012033
:109F000000F008F903B000BDDFED0A0A002000F000
:109F100001B9012000F0FEF8B1EE400AF2E700F0CE
:109F200077F8EFE700F074F8B1EE400AEAE700BF17
:109F3000D80F493F0000000008B52DED028BF0EE70
:109F4000408AB0EE608A00F047F820B9B0EE480AC7
:109F5000BDEC028B08BDB0EE480A00F03DF858B1E8
:109F6000F4EEC88AF1EE10FAC8BFB0EE688AB0EE1F
:109F7000480ABDEC028B08BDB0EE688AB0EE480A14
:109F8000BDEC028B08BD00BF08B52DED028BF0EED5
:109F9000408AB0EE608A00F01FF820B9B0EE480A9F
:109FA000BDEC028B08BDB0EE480A00F015F858B1C0
:109FB000B4EEE88AF1EE10FAC8BFB0EE688AB0EEEF
:109FC000480ABDEC028B08BDB0EE688AB0EE480AC4
:109FD000BDEC028B08BD00BF10EE103A33F000401C
:109FE0000ED0A0F50003B3F1FE4F0DD3074B421E78
:109FF0009A4207D9A0F1FF40B0FA80F040097047BB
:10A00000022070470320704704207047FEFF7F0046
:10A0100010EE103A23F00043B3F1485F2CD2FDEE6E
:10A02000C07A17EE903A002B60D060EE007A9FED78
:10A03000317A9FED315ADFED315A9FED316ADFED14
:10A04000316AA7EE875A9FED307AE7EE855AA7EE80
:10A05000A56AA7EE867AE7EE876A66EEA76A60EEE3
:10A06000C00AB6EE007AE7EEA60AB7EE000AD7EE0F
:10A07000870A30EE600A704760EE007A9FED1D7A25
:10A080009FED1D5ADFED1D5A9FED1D6ADFED1D6A24
:10A090001E4AA7EE875A93429FED1B7AE5EE275A98
:10A0A000A5EEA76AA6EE277AE7EE276A66EEA76A0C
:10A0B000D5D9174A934214D803F17F4307EE103ADB
:10A0C000B7EE006A36EE476A60EEC00AF6EE005A56
:10A0D00097EEA57AE7EEA60A37EE607A36EE470AE3
:10A0E0007047B6EE076AB5EE027AEDE7B7EE000A02
:10A0F000704700BF4ED747ADF6740F317CF293B472
:10A10000010DD037ABAA2A3D610BB6BA9999993E99
:10A110000000483F10EE103A23F00043B3F1485FCF
:10A1200004D2FDEEC07A17EE903A5BB360EE007A8F
:10A130009FED157ADFED155A9FED156ADFED156A73
:10A14000E7EE875A9FED147AA5EEA76A20EE275A0C
:10A15000E6EE276AA6EEA77A30B9DFED106AE7EEE1
:10A16000876AA6EE850A704727EE457AF6EE006A02
:10A17000A0EEA67ADFED0A6AD7EE270AE5EE260AF8
:10A1800030EE600A704700BFD3C92E2F342FD7B2EC
:10A190001BEF3836010D50B98988083CABAA2ABE9E
:10A1A000ABAA2A3E10B510EE104A8B4A24F00043A9
:10A1B000934288B070D9894A934222D824F0004350
:10A1C000002C9FED877A874A23F00F0340F3EB8042
:10A1D000934270EE477A09BF9FED837ADFED836A81
:10A1E000DFED836A77EEC77A37EEE67A77EEC77AE5
:10A1F00080ED007A77EEE67AC0ED017A012008B0B2
:10A2000010BD7C4A9342014654D9B3F1FF4F4AD264
:10A21000DA15863AA3EBC25307EE903ABDEEE77A21
:10A22000DFED756AB8EEC77A77EEC77A8DED057AFD
:10A2300067EEA67ABDEEE77AB8EEC77A77EEC77A10
:10A240008DED067A67EEA67AF5EE407AF1EE10FA19
:10A25000CDED077A40F09280B5EE407AF1EE10FA3B
:10A2600040F08E800123654801900220009005A8EF
:10A27000029100F0D5F8002C0299C0DA91ED007A35
:10A28000D1ED017AB1EE477AF1EE677A81ED007A8D
:10A29000C1ED017A4042B2E7002380ED000A43603D
:10A2A000002008B010BD70EE407AC0ED017AC0ED1C
:10A2B000007AF5E7CDE9023000F0AAF89FED507A78
:10A2C0009FED476AF6EE007AE0EE077ADDE90231AB
:10A2D000FDEEE77A9FED457AF8EEE76A17EE900A11
:10A2E000A6EEC60A1F2866EE877A30EE677A20DC73
:10A2F000DFF818C100F1FF3E24F000425CF82EC0E8
:10A3000022F0FF02624514D081ED007A30EE470A58
:10A31000002C30EE670A81ED010ABFF670AFB1EE96
:10A32000477AB1EE400A81ED007A81ED010A4042A0
:10A3300065E717EE102AC2F3C752C2EBD352082AC0
:10A34000E2DD9FED297ADFED2A5AB0EE406AA6EEF3
:10A35000C76A70EE467AE6EEC77AD6EEA57A36EE92
:10A36000677A17EE102AC2F3C752C2EBE353192BD8
:10A3700008DCB0EE460A81ED007AC7E7032372E7F6
:10A38000022370E79FED1F7ADFED1F5AB0EE460AF9
:10A39000A6EEC70A76EE407AE6EEC77AD6EEA57A42
:10A3A00030EE677AB0E7934270EE077A09BF9FED0F
:10A3B0000E7ADFED0E6ADFED0E6A77EE877A37EE02
:10A3C000A67A77EEC77A80ED007A77EEA67AC0EDAE
:10A3D000017A4FF0FF3012E7D80F493FE3CB164028
:10A3E000800FC93FD00FC93F00443537434435374C
:10A3F00008A3852E800F49430000804318B1000850
:10A4000084F9223F00A3852E32318D2498B00008B4
:10A4100010EE103A23F0004300EE103A704700BFF0
:10A420002DE9F04F2DED048BDBB01C4603938146E4
:10A4300013466898CB4A04F1FF381C1D52F820508F
:10A44000C0F26682DA1E48BF1A1DD2100492013291
:10A45000D2000692069A15EB0806A3EB02021BD463
:10A4600004989FEDC47A699F0136A0EB080006446A
:10A470001EAC9C460028A4BF57F8203007EE903A47
:10A4800000F10100ACBFF8EEE77AF0EE477AB04297
:10A49000E4EC017AEED16346002DC0F2EC80039823
:10A4A000B8F1000F0DF58C7C464605EB000EB8BFE9
:10A4B0000024C0F2D38003981EAF07EB800784000E
:10A4C00009EB8000DFEDAB7ABB46CA46FAEC016AC5
:10A4D0003BED017A8245E6EE877AF7D10136764583
:10A4E000ECEC017A07F10407ECD109A8CDE90713D8
:10A4F00000EB85000DF1280A9FED9B9ADFED9B8A0A
:10A5000005904C440AEB8507AB4646AE01951046D4
:10A510000DEB8B03BBF1000F93ED460A4FEA8B0561
:10A5200015DD7319524660EE097AB0EE407AFDEE01
:10A53000E77A73ED016AF8EEE77AB342A7EEE87ABC
:10A5400037EEA60ABDEEC77AA2EC017AEBD10290F3
:10A5500000F0B2FAB0EE408AB4EE000A28EE000A2B
:10A5600000F018FBF2EE007AA0EE678A029800284D
:10A57000FDEEC89AF8EEE97A38EE678A7EDD0BF1D7
:10A58000FF31C0F108035AF821E04EFA03FC0CFA3F
:10A5900003F3AEEB030EC0F1070219EE903A4EFA48
:10A5A00002F26344002A09EE903A4AF821E000F3EF
:10A5B000FA80B5EE408AF1EE10FA70D1019B9B450E
:10A5C0000CDD0AEB05030021944653F8042DBB4231
:10A5D00041EA0201F9D1002940F04681019B013B8B
:10A5E0000BF1010E5AF82330002B40F03B81059B04
:10A5F000012153F8042D0131002AFAD05944049B5B
:10A6000003EB0B02039B5B440293699B03EB820BFE
:10A61000029B0DF1780C0CEB830C47AB1D44DBED7A
:10A62000017AF8EEE77AB8F1000F0BF1040BECECCD
:10A63000017ADFED507A09DB62464B46F3EC016AA2
:10A6400032ED017AA342E6EE877AF7D10EF1010EE0
:10A650008E45E5EC017AE2DD8B4659E7701C7045CA
:10A66000CCF8004006F1020605D0B645CCF804400F
:10A670000CF1080CF2D10398840036E700F0D98081
:10A68000F6EE007AB4EEE78AF1EE10FA80F22E814F
:10A69000B5EE408AF1EE10FA4FF000028ED0CDE90F
:10A6A0000220089B069A0799019D0191D01AB0EEED
:10A6B000480A00F001FA9FED2D7A0199039AB4EE51
:10A6C000C70AF1EE10FAC0F29781DFED277A60EE4B
:10A6D000277A0BF10104FDEEE77A0832F8EEE77A0B
:10A6E000A7EEC70AFDEEE77ABDEEC00A10EE103AFB
:10A6F0004AF82B3017EE903A4AF824301046B7EE5D
:10A70000000A019100F0D8F9002C0199B0EE407ACE
:10A71000C0F29D810AF1040347A8DFED136A03EB41
:10A72000840300EB8400A2000DF58C7C73ED017AAC
:10A73000F8EEE77A534567EE877A27EE267A60EDE2
:10A74000017AF3D1002D0DF1C80EC0F29981944425
:10A750002746F04600269146054ADFED067A604618
:10A76000002311E05CB400080000803B000080433F
:10A7700030B4000800000000F2EC016AB0EC017A8D
:10A780009D42E6EE877A03DB9E4203F10103F3DA92
:10A79000013F7B1CC8ED007A7ED008F10408013629
:10A7A000ACF1040CD8E70133BBF1000F09EE903A8D
:10A7B00040F3438151464FF0000E51F8043B3BBB40
:10A7C0000EF1010EF345F8DC9E4600280CDD012851
:10A7D00000F08380022807D10BF1FF315AF82130B5
:10A7E00003F03F0C4AF821C0022A7FF4E2AEB7EE34
:10A7F000000A30EE488ABEF1000F3FF4DAAE09924B
:10A80000029000F059F90298099A38EE408AD0E691
:10A81000C3F5807341F8043C04E00B68C3F1FF0307
:10A8200041F8043B0EF1010EF345F6DC4FF0010E4A
:10A83000CBE70BF1FF335AF82320D211002A7FF720
:10A84000B8AE19EE903ABBF1000F03F1010309EE27
:10A85000903AAFDC022A7FF4ACAEF7EE007A37EE26
:10A86000C88AA6E67146CAE60BF1FF34A0F10802D9
:10A870005AF824300799CDF808C02846019D002BCE
:10A880007FF43CAF034609A8034453F8040D013C90
:10A89000083A0028F9D031E74A46689B022B62DC6F
:10A8A000002B3ADC10D10EF104035FED4E7A134415
:10A8B00033ED017A9E4577EE877AF9D1029B002B22
:10A8C00040F0AB80C1ED007A19EE903A03F007003A
:10A8D0005BB0BDEC048BBDE8F08F0BF1FF315AF893
:10A8E000213003F07F0C4AF821C07DE719EE903A41
:10A8F000BBF1000F03F1010309EE903AC8BF022239
:10A900003FF758AFF7EE007A37EEC88A022250E6DA
:10A9100008220692002204929CE50EF10403DDED6C
:10A92000327A1FED6C7A1A4452ED016A1346043AEA
:10A93000964537EE267AF7D1029A002A64D177EE4F
:10A94000C77A81ED007A5CB10122B3EC017A013261
:10A95000944277EE877AF8DA029B0BB1F1EE677AD0
:10A96000C1ED017AB0E7689B032BADD1002C00F05C
:10A9700084800EEB020696ED007A3046354655EDA2
:10A98000017AF0EE476A37EE277A2B4677EEC77AE0
:10A99000043D77EEA67AAE45C3ED007A03ED017A69
:10A9A000EDD1012C69D096ED007A70ED017AF0EED0
:10A9B000476A37EE277A834277EEC77A80ED007ACE
:10A9C00077EEA67AC0ED017AEFD15FED967A1A4460
:10A9D000043332ED017A934277EE877AF9D1029B04
:10A9E000DDED326A9DED337AD3B9C1ED006A81EDB8
:10A9F000017AC1ED027A67E7BDEEC00A5C4610EE4F
:10AA0000103A4AF82B3079E6F1EE476A77EEC77ACA
:10AA1000C1ED006A002C97D1A0E7F1EE677A51E70B
:10AA2000F1EE666AB1EE477AF1EE677AC1ED006A3F
:10AA300081ED017AC1ED027A46E7012811D00228A2
:10AA40007FF408AF0EF03F034AF8213002E7689B1D
:10AA5000022B0EDC002B21DC7FF436AF5FEDBB7ADE
:10AA60002CE70EF07F03022A4AF821307FF4A1ADD3
:10AA7000F3E6689B032B7FF427AFDFED0E7AAEE79A
:10AA80000025204673461D6000283FF406AF0238BB
:10AA9000461C5D6003F10803F5D1FEE6029BDDED87
:10AAA000327A1BB14FF000430B6057E700230B6075
:10AAB00056E700BF0000000010EE103A33F00041EE
:10AAC0001A4625D0B1F1FF4F1FD213F0FF4F20D10E
:10AAD000DFED297A294A60EE277A904217EE903A04
:10AAE00031DB4CF2503CC3F3C75160451A46A1F12B
:10AAF000190114DD002BDFED227A9FED210AB8BF8A
:10AB0000DFED207A27EE800A704730EE000A7047AA
:10AB100070474CF2503C60454FEAD151EADC0844A2
:10AB2000FE28E7DC002815DC10F1160F19DB1930C0
:10AB300022F0FF4242EAC05207EE902A9FED120A2D
:10AB400027EE800A7047DFED117A07EE103A27EE04
:10AB5000270A704722F0FF4242EAC05300EE103A43
:10AB60007047002BDFED097A9FED080AB8BFDFEDD3
:10AB7000087A27EE800A70470000004CB03CFFFFC7
:10AB8000CAF24971CAF249F1000000336042A20DD5
:10AB90006042A28D10EE101AC1F3C7527F3A162AF6
:10ABA00021F000431BDC002A1FDB1B48104101423F
:10ABB00024D0DFED1A7A70EE277AF5EEC07AF1EE46
:10ABC00010FA1BDD4FF4000313410B4413EA210379
:10ABD00038BF0B4623EA000300EE103A7047B3F18A
:10ABE000FF4F0BD330EE000A7047DFED0C7A70EEAA
:10ABF000277AF5EEC07AF1EE10FA00DC70470029F2
:10AC000002DB9FED070A704713B99FED060A7047F4
:10AC1000BFEE000AF2E700BFFFFF7F00CAF24971F2
:10AC20000000000000000080F8B500BFF8BC08BCC0
:10AC30009E467047F8B500BFF8BC08BC9E467047FA
:10AC40004C4F472C200000000D0A0000454E4320C9
:10AC500043414C49422042494449522053544152B5
:10AC600054000000656C65635F30203D20252E3266
:10AC7000660000002D000000616E676C65203D20BD
:10AC8000252E326600000000434D443D2573204BC5
:10AC900045593D25732056414C3D252E3366000015
:10ACA00043414C49420000005345540055510000B7
:10ACB0005350454544000000454E000044495300B0
:10ACC00053544D3332205669727475616C20436F52
:10ACD0006D506F727400000053544D6963726F655C
:10ACE0006C656374726F6E69637300004344432044
:10ACF000436F6E666967000043444320496E746584
:10AD000072666163650000000006101600061016EA
:10AD10000000000001020304000000000000000029
:10AD2000010203040607080900202020202020201B
:10AD300020202828282828202020202020202020EB
:10AD400020202020202020202088101010101010FB
:10AD50001010101010101010100404040404040447
:10AD600004040410101010101010414141414141E1
:10AD700001010101010101010101010101010101C3
:10AD800001010101101010101010424242424242D3
:10AD90000202020202020202020202020202020293
:10ADA000020202021010101020000000000000003B
:10ADB0000000000000000000000000000000000093
:10ADC0000000000000000000000000000000000083
:10ADD0000000000000000000000000000000000073
:10ADE0000000000000000000000000000000000063
:10ADF0000000000000000000000000000000000053
:10AE00000000000000000000000000000000000042
:10AE10000000000000000000000000000000000032
:10AE2000000000000000000000494E4600696E6608
:10AE3000004E414E006E616E0030003031323334CE
:10AE40003536373839414243444546003031323394
:10AE500034353637383961626364656600496E6639
:10AE6000696E697479004E614E005245454E54201A
:10AE70006D616C6C6F632073756363656564656495
:10AE8000002F646174612F6A656E6B696E732F7732
:10AE90006F726B73706163652F474E552D746F6FC2
:10AEA0006C636861696E2F61726D2D31352F73721D
:10AEB000632F6E65776C69622D63796777696E2F92
:10AEC0006E65776C69622F6C6962632F7374646C52
:10AED00069622F64746F612E630042616C6C6F63F2
:10AEE00020737563636565646564002F64617461D4
:10AEF0002F6A656E6B696E732F776F726B737061FB
:10AF000063652F474E552D746F6F6C636861696E72
:10AF10002F61726D2D31352F7372632F6E65776CD3
:10AF200069622D63796777696E2F6E65776C6962E8
:10AF30002F6C6962632F7374646C69622F6D707219
:10AF400065632E6300232D302B2000686C4C006558
:10AF50006667454647004300504F534958002E004E
:10AF60002C2066756E6374696F6E3A20006173738E
:10AF7000657274696F6E2022257322206661696C88
:10AF800065643A2066696C6520222573222C206C4A
:10AF9000696E65202564257325730A00050000008D
:10AFA000190000007D0000000080E03779C34143B4
:10AFB000176E05B5B5B89346F5F93FE9034F384D1F
:10AFC000321D30F94877825A3CBF737FDD4F1575CB
:10AFD000000000000000F03F0000000000002440DE
:10AFE00000000000000059400000000000408F40B9
:10AFF000000000000088C34000000000006AF84024
:10B000000000000080842E4100000000D012634147
:10B010000000000084D797410000000065CDCD41BD
:10B02000000000205FA00242000000E8764837429E
:10B03000000000A2941A6D42000040E59C30A2423C
:10B040000000901EC4BCD64200003426F56B0C43B1
:10B050000080E03779C3414300A0D8855734764358
:10B0600000C84E676DC1AB43003D9160E458E143B9
:10B07000408CB5781DAF154450EFE2D6E41A4B442E
:10B0800092D54D06CFF08044F64AE1C7022DB54473
:10B09000B49DD9794378EA44000FC93F000F494075
:10B0A00000CB9640000FC9400053FB4000CB164137
:10B0B00000ED2F41000F49410031624100537B41B7
:10B0C000003A8A4100CB9641005CA34100EDAF41BC
:10B0D000007EBC41000FC94100A0D5410031E241D2
:10B0E00000C2EE410053FB4100F20342003A0A4223
:10B0F0000083104200CB164200141D42005C234224
:10B1000000A5294200ED2F4200363642007E3C4227
:10B1100000C74242000F4942A2000000F9000000AF
:10B12000830000006E0000004E000000440000009C
:10B130001500000029000000FC00000027000000AE
:10B1400057000000D1000000F500000034000000AE
:10B15000DD000000C0000000DB0000006200000015
:10B1600095000000990000003C0000004300000032
:10B170009000000041000000FE00000051000000AF
:10B1800063000000AB000000DE000000BB00000018
:10B19000C500000061000000B700000024000000AE
:10B1A0006E0000003A000000420000004D00000068
:10B1B000D2000000E000000006000000490000008E
:10B1C0002E000000EA00000009000000D10000008D
:10B1D000920000001C000000FE0000001D000000A6
:10B1E000EB0000001C000000B1000000290000007E
:10B1F000A70000003E000000E80000008200000000
:10B2000035000000F50000002E000000BB0000002B
:10B210004400000084000000E90000009C000000E1
:10B220007000000026000000B40000005F00000075
:10B230007E00000041000000390000009100000085
:10B24000D600000039000000830000005300000019
:10B2500039000000F40000009C00000084000000A1
:10B260005F0000008B000000BD000000F90000003E
:10B27000280000003B0000001F000000F800000054
:10B2800097000000FF000000DE0000000500000045
:10B29000980000000F000000EF0000002F000000E9
:10B2A000110000008B0000005A0000000A0000009E
:10B2B0006D0000001F0000006D000000360000005F
:10B2C0007E000000CF00000027000000CB0000003F
:10B2D00009000000B70000004F0000004600000019
:10B2E0003F000000660000009E0000005F000000BC
:10B2F000EA0000002D00000075000000270000009B
:10B30000BA000000C7000000EB000000E5000000EC
:10B31000F10000007B0000003D000000070000007D
:10B3200039000000F70000008A0000005200000011
:10B3300092000000EA0000006B000000FB0000002B
:10B340005F000000B10000001F0000008D00000041
:10B350005D0000000800000056000000030000002F
:10B360003000000046000000FC0000007B000000F0
:10B370006B000000AB000000F0000000CF000000F8
:10B38000BC000000200000009A000000F400000053
:10B39000360000001D000000A9000000E3000000CE
:10B3A00091000000610000005E000000E600000067
:10B3B0001B0000000800000065000000990000006C
:10B3C000850000005F00000014000000A0000000E5
:10B3D00068000000400000008D000000FF00000039
:10B3E000D8000000800000004D0000007300000045
:10B3F00027000000310000000600000006000000E9
:10B400001500000056000000CA0000007300000094
:10B41000A8000000C900000060000000E200000079
:10B420007B000000C00000008C0000006B000000EA
:10B430000000C93F0000F0390000DA370000A233F5
:10B440000000842E0000502B0000C2270000D022F4
:10B450000000C41F0000C61B0000441704000000C9
:08B460000700000009000000D4
:08B468007451FF7F0100000098
:04B47000B90C00080B
:04B47400910C00082F
:10B47800000040410000C842480500200008024082
:10B48800002000000004024000100000000000003E
:10B498000000484201000000100000000024F400F1
:10B4A8001A03000000000000000000000000000077
:10B4B8000000000000000000000000000403090470
:10B4C80012010002020200400912320D00020102BC
:10B4D800030100005D370008693700082D380008AF
:10B4E80009380008F5370008493800086D380008A1
:10B4F800E938000891380008953800089D38000898
:10B508009938000809024300020100C0320904000A
:10B5180000010202010005240010010524010001B8
:10B52800042402020524060001070582030800100E
:10B5380009040100020A000000070501024000009A
:10B5480007058102400000000D630008A962000899
:10B558009561000800000000BD5F0008196100083F
:10B56800E16000080000000000000000000000008A
:10B57800996000085160000809600008FD5F000834
:10B588000A06000200000040010000000000000060
:10B5980003000000F01200202C0100200000000031
:10B5A800F012002058130020C013002000000000F3
:10B5B8000000000000000000000000000000000083
:10B5C8000000000000000000000000000000000073
:10B5D8000000000000000000000000000000000063
:10B5E8000000000000000000430000000000000010
:10B5F8000000000000000000000000000000000043
:10B6080000000000000000004300000000000000EF
:10B618000000000000000000000000000000000022
:10B6280000000000000000004300000000000000CF
:10B638000000000000000000000000000000000002
:10B6480000000000000000004300000000000000AF
:10B6580000000000000000000000000000000000E2
:10B66800000000000000000043000000000000008F
:10B6780000000000000000000000000000000000C2
:10B68800000000000000000043000000000000006F
:10B6980000000000000000000000000000000000A2
:10B6A800000000000000000043000000000000004F
:10B6B8000000000000000000000000000000000082
:10B6C8000000000000000000D59800085598000808
:10B6D8000000000028AD00085EAF00089BAF00081E
:10B6E8009BAF00089BAF00089BAF00089BAF00080A
:10B6F8009BAF00089BAF00089BAF00089BAF0008FA
:10B70800FFFFFFFFFFFFFFFFFFFFFFFFFFFF00003F
:10B7180001004153434949000000000000000000B7
:10B728000000000000000000000000000000000011
:10B738000000415343494900000000000000000098
:10B7480000000000000000000000000000000000F1
:04B7580000000000ED
:0400000508006D453D
:00000001FF
