ARM GAS  C:\Users\ACER\AppData\Local\Temp\ccJnZfJG.s 			page 1


   1              		.cpu cortex-m4
   2              		.arch armv7e-m
   3              		.fpu fpv4-sp-d16
   4              		.eabi_attribute 27, 1
   5              		.eabi_attribute 28, 1
   6              		.eabi_attribute 20, 1
   7              		.eabi_attribute 21, 1
   8              		.eabi_attribute 23, 3
   9              		.eabi_attribute 24, 1
  10              		.eabi_attribute 25, 1
  11              		.eabi_attribute 26, 1
  12              		.eabi_attribute 30, 1
  13              		.eabi_attribute 34, 1
  14              		.eabi_attribute 18, 4
  15              		.file	"main.c"
  16              		.text
  17              	.Ltext0:
  18              		.cfi_sections	.debug_frame
  19              		.file 1 "Core/Src/main.c"
  20              		.section	.text.Motor_Lock_ElectricalAngle,"ax",%progbits
  21              		.align	1
  22              		.syntax unified
  23              		.thumb
  24              		.thumb_func
  26              	Motor_Lock_ElectricalAngle:
  27              	.LVL0:
  28              	.LFB144:
   1:Core/Src/main.c **** /* USER CODE BEGIN Header */
   2:Core/Src/main.c **** /**
   3:Core/Src/main.c ****  ******************************************************************************
   4:Core/Src/main.c ****  * @file           : main.c
   5:Core/Src/main.c ****  * @brief          : Main program body
   6:Core/Src/main.c ****  ******************************************************************************
   7:Core/Src/main.c ****  * @attention
   8:Core/Src/main.c ****  *
   9:Core/Src/main.c ****  * Copyright (c) 2025 STMicroelectronics.
  10:Core/Src/main.c ****  * All rights reserved.
  11:Core/Src/main.c ****  *
  12:Core/Src/main.c ****  * This software is licensed under terms that can be found in the LICENSE file
  13:Core/Src/main.c ****  * in the root directory of this software component.
  14:Core/Src/main.c ****  * If no LICENSE file comes with this software, it is provided AS-IS.
  15:Core/Src/main.c ****  *
  16:Core/Src/main.c ****  ******************************************************************************
  17:Core/Src/main.c ****  */
  18:Core/Src/main.c **** /* USER CODE END Header */
  19:Core/Src/main.c **** /* Includes ------------------------------------------------------------------*/
  20:Core/Src/main.c **** #include "main.h"
  21:Core/Src/main.c **** #include "usb_device.h"
  22:Core/Src/main.c **** 
  23:Core/Src/main.c **** /* Private includes ----------------------------------------------------------*/
  24:Core/Src/main.c **** /* USER CODE BEGIN Includes */
  25:Core/Src/main.c **** #include <string.h>
  26:Core/Src/main.c **** #include <stdarg.h>      // <-- BẮT BUỘC cho va_start / va_end
  27:Core/Src/main.c **** #include "usbd_cdc_if.h" // <-- BẮT BUỘC cho CDC_Transmit_FS
  28:Core/Src/main.c **** #include "command.h"
  29:Core/Src/main.c **** #define CDC_LOG_BUF_SIZE 256
  30:Core/Src/main.c **** #include "math.h"
ARM GAS  C:\Users\ACER\AppData\Local\Temp\ccJnZfJG.s 			page 2


  31:Core/Src/main.c **** #include "drv8301.h"
  32:Core/Src/main.c **** #include <stdio.h>
  33:Core/Src/main.c **** #include <math.h>
  34:Core/Src/main.c **** #include "svpwm.h"
  35:Core/Src/main.c **** #include "as5600.h"
  36:Core/Src/main.c **** #include <ctype.h>
  37:Core/Src/main.c **** /* USER CODE END Includes */
  38:Core/Src/main.c **** 
  39:Core/Src/main.c **** /* Private typedef -----------------------------------------------------------*/
  40:Core/Src/main.c **** /* USER CODE BEGIN PTD */
  41:Core/Src/main.c **** #define DC_BUS_VOLTAGE 12.0f
  42:Core/Src/main.c **** #define PWM_ARR 100
  43:Core/Src/main.c **** #define OPENLOOP_VOLTAGE 4.11f // V (bắt đầu nhỏ, 2–4V)
  44:Core/Src/main.c **** #define OPENLOOP_SPEED 10.0f   // rad/s điện
  45:Core/Src/main.c **** #define TWO_PI 6.283185307f
  46:Core/Src/main.c **** #define M_PI TWO_PI / 2.0f
  47:Core/Src/main.c **** /* motor params */
  48:Core/Src/main.c **** #define POLE_PAIRS 7         // ví dụ, bạn sửa theo motor
  49:Core/Src/main.c **** #define CTRL_FREQ_HZ 1000.0f // loop tốc độ 1 kHz
  50:Core/Src/main.c **** #define DT_CTRL (1.0f / CTRL_FREQ_HZ)
  51:Core/Src/main.c **** 
  52:Core/Src/main.c **** /* encoder */
  53:Core/Src/main.c **** float mech_angle = 0.0f; // rad
  54:Core/Src/main.c **** float mech_angle_prev = 0.0f;
  55:Core/Src/main.c **** float mech_speed = 0.0f; // rad/s
  56:Core/Src/main.c **** 
  57:Core/Src/main.c **** /* electrical */
  58:Core/Src/main.c **** float elec_offset = 0.0f; // rad
  59:Core/Src/main.c **** float elec_angle = 0.0f;
  60:Core/Src/main.c **** 
  61:Core/Src/main.c **** /* speed control */
  62:Core/Src/main.c **** float speed_ref = 50.0f; // rad/s
  63:Core/Src/main.c **** float Uq = 0.0f;
  64:Core/Src/main.c **** 
  65:Core/Src/main.c **** /* limit */
  66:Core/Src/main.c **** #define UQ_MAX 6.0f // V, tùy bus
  67:Core/Src/main.c **** 
  68:Core/Src/main.c **** /* USER CODE END PTD */
  69:Core/Src/main.c **** 
  70:Core/Src/main.c **** /* Private define ------------------------------------------------------------*/
  71:Core/Src/main.c **** /* USER CODE BEGIN PD */
  72:Core/Src/main.c **** 
  73:Core/Src/main.c **** /* USER CODE END PD */
  74:Core/Src/main.c **** 
  75:Core/Src/main.c **** /* Private macro -------------------------------------------------------------*/
  76:Core/Src/main.c **** /* USER CODE BEGIN PM */
  77:Core/Src/main.c **** 
  78:Core/Src/main.c **** /* USER CODE END PM */
  79:Core/Src/main.c **** 
  80:Core/Src/main.c **** /* Private variables ---------------------------------------------------------*/
  81:Core/Src/main.c **** I2C_HandleTypeDef hi2c1;
  82:Core/Src/main.c **** 
  83:Core/Src/main.c **** SPI_HandleTypeDef hspi3;
  84:Core/Src/main.c **** DMA_HandleTypeDef hdma_spi3_rx;
  85:Core/Src/main.c **** DMA_HandleTypeDef hdma_spi3_tx;
  86:Core/Src/main.c **** 
  87:Core/Src/main.c **** TIM_HandleTypeDef htim1;
ARM GAS  C:\Users\ACER\AppData\Local\Temp\ccJnZfJG.s 			page 3


  88:Core/Src/main.c **** 
  89:Core/Src/main.c **** /* USER CODE BEGIN PV */
  90:Core/Src/main.c **** #define LED_PIN GPIO_PIN_2
  91:Core/Src/main.c **** #define LED_PORT GPIOB
  92:Core/Src/main.c **** #define EN_PIN GPIO_PIN_12
  93:Core/Src/main.c **** #define EN_PORT GPIOB
  94:Core/Src/main.c **** 
  95:Core/Src/main.c **** #define FAULT_PIN GPIO_PIN_12
  96:Core/Src/main.c **** #define FAULT_PORT GPIOD
  97:Core/Src/main.c **** 
  98:Core/Src/main.c **** /* ===== HALL GPIO ===== */
  99:Core/Src/main.c **** #define HALL_A_PORT GPIOB
 100:Core/Src/main.c **** #define HALL_A_PIN GPIO_PIN_4
 101:Core/Src/main.c **** 
 102:Core/Src/main.c **** #define HALL_B_PORT GPIOB
 103:Core/Src/main.c **** #define HALL_B_PIN GPIO_PIN_5
 104:Core/Src/main.c **** 
 105:Core/Src/main.c **** #define HALL_C_PORT GPIOA
 106:Core/Src/main.c **** #define HALL_C_PIN GPIO_PIN_15
 107:Core/Src/main.c **** #define DEG2RAD(x) ((x) * M_PI / 180.0f)
 108:Core/Src/main.c **** /* điện áp calib – vừa đủ kéo rotor */
 109:Core/Src/main.c **** #define CALIB_VOLTAGE 1.0f  // chỉnh theo motor
 110:Core/Src/main.c **** #define CALIB_DELAY_MS 2000 // thời gian chờ rotor ổn định
 111:Core/Src/main.c **** /* thử các giá trị: 30, 60, 90, 120, 150 */
 112:Core/Src/main.c **** static float hall_angle_offset = DEG2RAD(90.0f);
 113:Core/Src/main.c **** 
 114:Core/Src/main.c **** /* USER CODE END PV */
 115:Core/Src/main.c **** 
 116:Core/Src/main.c **** /* Private function prototypes -----------------------------------------------*/
 117:Core/Src/main.c **** void SystemClock_Config(void);
 118:Core/Src/main.c **** static void MX_GPIO_Init(void);
 119:Core/Src/main.c **** static void MX_DMA_Init(void);
 120:Core/Src/main.c **** static void MX_TIM1_Init(void);
 121:Core/Src/main.c **** static void MX_SPI3_Init(void);
 122:Core/Src/main.c **** static void MX_I2C1_Init(void);
 123:Core/Src/main.c **** /* USER CODE BEGIN PFP */
 124:Core/Src/main.c **** //================= Khai báo các đối tượng ======================
 125:Core/Src/main.c **** DRV8301_HandleTypeDef hdrv8301;
 126:Core/Src/main.c **** DRV8301_HandleTypeDef hdrv8301 =
 127:Core/Src/main.c ****     {
 128:Core/Src/main.c ****         .hspi = &hspi3,
 129:Core/Src/main.c **** 
 130:Core/Src/main.c ****         .CS_Port = GPIOC,
 131:Core/Src/main.c ****         .CS_Pin = GPIO_PIN_13,
 132:Core/Src/main.c **** 
 133:Core/Src/main.c ****         .EN_Port = GPIOB,
 134:Core/Src/main.c ****         .EN_Pin = GPIO_PIN_12 // ví dụ
 135:Core/Src/main.c **** };
 136:Core/Src/main.c **** DRV8301_Config_t drv_cfg =
 137:Core/Src/main.c ****     {
 138:Core/Src/main.c ****         .pwm_mode = DRV8301_PWM_6X,
 139:Core/Src/main.c ****         .oc_mode = DRV8301_OC_REPORT_ONLY,
 140:Core/Src/main.c ****         .csa_gain = DRV8301_GAIN_10};
 141:Core/Src/main.c **** SVPWM_Handle_t hsvpwm =
 142:Core/Src/main.c ****     {
 143:Core/Src/main.c ****         .pwm_period = PWM_ARR,
 144:Core/Src/main.c ****         .Udc = 12.0f};
ARM GAS  C:\Users\ACER\AppData\Local\Temp\ccJnZfJG.s 			page 4


 145:Core/Src/main.c **** AS5600_Handle_t as5600;
 146:Core/Src/main.c **** CmdParsed_t cmd;
 147:Core/Src/main.c **** void HAL_SPI_TxRxCpltCallback(SPI_HandleTypeDef *hspi)
 148:Core/Src/main.c **** {
 149:Core/Src/main.c ****   /* Prevent unused argument(s) compilation warning */
 150:Core/Src/main.c ****   UNUSED(hspi);
 151:Core/Src/main.c ****   if (hspi == &hspi3)
 152:Core/Src/main.c ****   {
 153:Core/Src/main.c ****     DRV8301_TxRxCpltCallback(&hdrv8301);
 154:Core/Src/main.c ****   }
 155:Core/Src/main.c **** }
 156:Core/Src/main.c **** /* USER CODE END PFP */
 157:Core/Src/main.c **** 
 158:Core/Src/main.c **** /* Private user code ---------------------------------------------------------*/
 159:Core/Src/main.c **** /* USER CODE BEGIN 0 */
 160:Core/Src/main.c **** //===================== Khai báo các biến ===================
 161:Core/Src/main.c **** extern uint8_t cdc_rx_buf[64];
 162:Core/Src/main.c **** extern volatile uint8_t cdc_rx_len;
 163:Core/Src/main.c **** extern volatile uint8_t cdc_rx_flag;
 164:Core/Src/main.c **** long cnt = 0;
 165:Core/Src/main.c **** static uint32_t last_tick = 0;
 166:Core/Src/main.c **** uint32_t last_time = 0;
 167:Core/Src/main.c **** /* Hall ABC -> sector (0..5) */
 168:Core/Src/main.c **** static const int8_t hall_to_sector[8] =
 169:Core/Src/main.c ****     {
 170:Core/Src/main.c ****         -1, // 000 invalid
 171:Core/Src/main.c ****         0,  // 001
 172:Core/Src/main.c ****         4,  // 010
 173:Core/Src/main.c ****         5,  // 011
 174:Core/Src/main.c ****         2,  // 100
 175:Core/Src/main.c ****         1,  // 101
 176:Core/Src/main.c ****         3,  // 110
 177:Core/Src/main.c ****         -1  // 111 invalid
 178:Core/Src/main.c **** };
 179:Core/Src/main.c **** /* Góc giữa mỗi sector 60° */
 180:Core/Src/main.c **** static const float sector_angle[12] =
 181:Core/Src/main.c ****     {
 182:Core/Src/main.c ****         0.0f,                // 0
 183:Core/Src/main.c ****         M_PI / 6.0f,         // 30
 184:Core/Src/main.c ****         M_PI / 3.0f,         // 60
 185:Core/Src/main.c ****         M_PI / 2.0f,         // 90
 186:Core/Src/main.c ****         2.0f * M_PI / 3.0f,  // 120
 187:Core/Src/main.c ****         5.0f * M_PI / 6.0f,  // 150
 188:Core/Src/main.c ****         M_PI,                // 180
 189:Core/Src/main.c ****         7.0f * M_PI / 6.0f,  // 210
 190:Core/Src/main.c ****         4.0f * M_PI / 3.0f,  // 240
 191:Core/Src/main.c ****         3.0f * M_PI / 2.0f,  // 270
 192:Core/Src/main.c ****         5.0f * M_PI / 3.0f,  // 300
 193:Core/Src/main.c ****         11.0f * M_PI / 6.0f, // 330
 194:Core/Src/main.c **** };
 195:Core/Src/main.c **** float hall_voltage = 7.8f; // điện áp điều khiển
 196:Core/Src/main.c **** static inline uint8_t Hall_ReadABC(void)
 197:Core/Src/main.c **** {
 198:Core/Src/main.c ****   uint8_t a = HAL_GPIO_ReadPin(HALL_A_PORT, HALL_A_PIN) ? 1 : 0;
 199:Core/Src/main.c ****   uint8_t b = HAL_GPIO_ReadPin(HALL_B_PORT, HALL_B_PIN) ? 1 : 0;
 200:Core/Src/main.c ****   uint8_t c = HAL_GPIO_ReadPin(HALL_C_PORT, HALL_C_PIN) ? 1 : 0;
 201:Core/Src/main.c **** 
ARM GAS  C:\Users\ACER\AppData\Local\Temp\ccJnZfJG.s 			page 5


 202:Core/Src/main.c ****   return (a << 2) | (b << 1) | c;
 203:Core/Src/main.c **** }
 204:Core/Src/main.c **** uint8_t hall = 0;
 205:Core/Src/main.c **** float angle = 0.0;
 206:Core/Src/main.c **** uint8_t buffer[64];
 207:Core/Src/main.c **** void CDC_Log(const char *fmt, ...)
 208:Core/Src/main.c **** {
 209:Core/Src/main.c ****   static char buf[CDC_LOG_BUF_SIZE];
 210:Core/Src/main.c ****   int len = 0;
 211:Core/Src/main.c **** 
 212:Core/Src/main.c ****   /* Prefix */
 213:Core/Src/main.c ****   len += snprintf(buf + len, CDC_LOG_BUF_SIZE - len, "LOG, ");
 214:Core/Src/main.c **** 
 215:Core/Src/main.c ****   /* Format nội dung */
 216:Core/Src/main.c ****   va_list args;
 217:Core/Src/main.c ****   va_start(args, fmt);
 218:Core/Src/main.c ****   len += vsnprintf(buf + len, CDC_LOG_BUF_SIZE - len, fmt, args);
 219:Core/Src/main.c ****   va_end(args);
 220:Core/Src/main.c **** 
 221:Core/Src/main.c ****   /* Kết thúc dòng */
 222:Core/Src/main.c ****   len += snprintf(buf + len, CDC_LOG_BUF_SIZE - len, "\r\n");
 223:Core/Src/main.c **** 
 224:Core/Src/main.c ****   /* Gửi qua USB CDC */
 225:Core/Src/main.c ****   if (len > 0)
 226:Core/Src/main.c ****   {
 227:Core/Src/main.c ****     CDC_Transmit_FS((uint8_t *)buf, len);
 228:Core/Src/main.c ****   }
 229:Core/Src/main.c **** }
 230:Core/Src/main.c **** void Motor_Hall_SVPWM_Run(void)
 231:Core/Src/main.c **** {
 232:Core/Src/main.c ****   hall = Hall_ReadABC();
 233:Core/Src/main.c ****   int8_t sector = hall_to_sector[hall];
 234:Core/Src/main.c **** 
 235:Core/Src/main.c ****   if (sector < 0)
 236:Core/Src/main.c ****   {
 237:Core/Src/main.c ****     /* Hall lỗi (000 hoặc 111) → tắt PWM cho an toàn */
 238:Core/Src/main.c ****     __HAL_TIM_SET_COMPARE(&htim1, TIM_CHANNEL_1, 0);
 239:Core/Src/main.c ****     __HAL_TIM_SET_COMPARE(&htim1, TIM_CHANNEL_2, 0);
 240:Core/Src/main.c ****     __HAL_TIM_SET_COMPARE(&htim1, TIM_CHANNEL_3, 0);
 241:Core/Src/main.c ****     return;
 242:Core/Src/main.c ****   }
 243:Core/Src/main.c **** 
 244:Core/Src/main.c ****   /* Góc điện trung tâm sector */
 245:Core/Src/main.c ****   angle = sector_angle[sector];
 246:Core/Src/main.c ****   /* wrap về 0..2π */
 247:Core/Src/main.c ****   if (angle >= 2.0f * M_PI)
 248:Core/Src/main.c ****     angle -= 2.0f * M_PI;
 249:Core/Src/main.c ****   /* Vector điện áp */
 250:Core/Src/main.c ****   float Ualpha = hall_voltage * cosf(angle);
 251:Core/Src/main.c ****   float Ubeta = hall_voltage * sinf(angle);
 252:Core/Src/main.c **** 
 253:Core/Src/main.c ****   /* SVPWM */
 254:Core/Src/main.c ****   float dutyA, dutyB, dutyC;
 255:Core/Src/main.c ****   SVPWM_Compute(&hsvpwm, Ualpha, Ubeta, &dutyA, &dutyB, &dutyC);
 256:Core/Src/main.c **** 
 257:Core/Src/main.c ****   /* Xuất PWM */
 258:Core/Src/main.c ****   __HAL_TIM_SET_COMPARE(&htim1, TIM_CHANNEL_1, dutyA * hsvpwm.pwm_period);
ARM GAS  C:\Users\ACER\AppData\Local\Temp\ccJnZfJG.s 			page 6


 259:Core/Src/main.c ****   __HAL_TIM_SET_COMPARE(&htim1, TIM_CHANNEL_2, dutyB * hsvpwm.pwm_period);
 260:Core/Src/main.c ****   __HAL_TIM_SET_COMPARE(&htim1, TIM_CHANNEL_3, dutyC * hsvpwm.pwm_period);
 261:Core/Src/main.c ****   CDC_Log("a=%.2f, b=%.2f,c=%.2f", dutyA / 3.0f, dutyB / 3.0f, dutyC / 3.0f);
 262:Core/Src/main.c **** }
 263:Core/Src/main.c **** 
 264:Core/Src/main.c **** void Motor_OpenLoop_SVPWM_Run(void)
 265:Core/Src/main.c **** {
 266:Core/Src/main.c ****   uint32_t now = HAL_GetTick();
 267:Core/Src/main.c ****   float dt = (now - last_tick) * 0.001f; // ms → s
 268:Core/Src/main.c ****   last_tick = now;
 269:Core/Src/main.c **** 
 270:Core/Src/main.c ****   /* 1. cập nhật góc điện */
 271:Core/Src/main.c ****   elec_angle += OPENLOOP_SPEED * dt;
 272:Core/Src/main.c ****   if (elec_angle > TWO_PI)
 273:Core/Src/main.c ****     elec_angle -= TWO_PI;
 274:Core/Src/main.c **** 
 275:Core/Src/main.c ****   /* 2. tạo vector điện áp */
 276:Core/Src/main.c ****   float Ualpha = OPENLOOP_VOLTAGE * cosf(elec_angle);
 277:Core/Src/main.c ****   float Ubeta = OPENLOOP_VOLTAGE * sinf(elec_angle);
 278:Core/Src/main.c **** 
 279:Core/Src/main.c ****   /* 3. SVPWM */
 280:Core/Src/main.c ****   float dutyA, dutyB, dutyC;
 281:Core/Src/main.c ****   SVPWM_Compute(&hsvpwm, Ualpha, Ubeta, &dutyA, &dutyB, &dutyC);
 282:Core/Src/main.c **** 
 283:Core/Src/main.c ****   /* 4. xuất PWM */
 284:Core/Src/main.c ****   __HAL_TIM_SET_COMPARE(&htim1, TIM_CHANNEL_1, dutyA * hsvpwm.pwm_period);
 285:Core/Src/main.c ****   __HAL_TIM_SET_COMPARE(&htim1, TIM_CHANNEL_2, dutyB * hsvpwm.pwm_period);
 286:Core/Src/main.c ****   __HAL_TIM_SET_COMPARE(&htim1, TIM_CHANNEL_3, dutyC * hsvpwm.pwm_period);
 287:Core/Src/main.c ****   CDC_Log("a=%.2f, b=%.2f,c=%.2f", dutyA / 3.0f, dutyB / 3.0f, dutyC / 3.0f);
 288:Core/Src/main.c **** }
 289:Core/Src/main.c **** static void Motor_Lock_ElectricalAngle(float angle)
 290:Core/Src/main.c **** {
  29              		.loc 1 290 1 view -0
  30              		.cfi_startproc
  31              		@ args = 0, pretend = 0, frame = 16
  32              		@ frame_needed = 0, uses_anonymous_args = 0
  33              		.loc 1 290 1 is_stmt 0 view .LVU1
  34 0000 10B5     		push	{r4, lr}
  35              	.LCFI0:
  36              		.cfi_def_cfa_offset 8
  37              		.cfi_offset 4, -8
  38              		.cfi_offset 14, -4
  39 0002 2DED028B 		vpush.64	{d8}
  40              	.LCFI1:
  41              		.cfi_def_cfa_offset 16
  42              		.cfi_offset 80, -16
  43              		.cfi_offset 81, -12
  44 0006 84B0     		sub	sp, sp, #16
  45              	.LCFI2:
  46              		.cfi_def_cfa_offset 32
  47 0008 F0EE408A 		vmov.f32	s17, s0
 291:Core/Src/main.c ****   float Ualpha = CALIB_VOLTAGE * cosf(angle);
  48              		.loc 1 291 3 is_stmt 1 view .LVU2
  49              		.loc 1 291 32 is_stmt 0 view .LVU3
  50 000c FFF7FEFF 		bl	cosf
  51              	.LVL1:
  52              		.loc 1 291 32 view .LVU4
ARM GAS  C:\Users\ACER\AppData\Local\Temp\ccJnZfJG.s 			page 7


  53 0010 B0EE408A 		vmov.f32	s16, s0
  54              	.LVL2:
 292:Core/Src/main.c ****   float Ubeta = CALIB_VOLTAGE * sinf(angle);
  55              		.loc 1 292 3 is_stmt 1 view .LVU5
  56              		.loc 1 292 31 is_stmt 0 view .LVU6
  57 0014 B0EE680A 		vmov.f32	s0, s17
  58              	.LVL3:
  59              		.loc 1 292 31 view .LVU7
  60 0018 FFF7FEFF 		bl	sinf
  61              	.LVL4:
  62 001c F0EE400A 		vmov.f32	s1, s0
  63              	.LVL5:
 293:Core/Src/main.c **** 
 294:Core/Src/main.c ****   float dutyA, dutyB, dutyC;
  64              		.loc 1 294 3 is_stmt 1 view .LVU8
 295:Core/Src/main.c ****   SVPWM_Compute(&hsvpwm, Ualpha, Ubeta, &dutyA, &dutyB, &dutyC);
  65              		.loc 1 295 3 view .LVU9
  66 0020 144C     		ldr	r4, .L3
  67 0022 01AB     		add	r3, sp, #4
  68 0024 02AA     		add	r2, sp, #8
  69 0026 03A9     		add	r1, sp, #12
  70 0028 B0EE480A 		vmov.f32	s0, s16
  71              	.LVL6:
  72              		.loc 1 295 3 is_stmt 0 view .LVU10
  73 002c 2046     		mov	r0, r4
  74 002e FFF7FEFF 		bl	SVPWM_Compute
  75              	.LVL7:
 296:Core/Src/main.c **** 
 297:Core/Src/main.c ****   __HAL_TIM_SET_COMPARE(&htim1, TIM_CHANNEL_1, dutyA * hsvpwm.pwm_period);
  76              		.loc 1 297 3 is_stmt 1 view .LVU11
  77 0032 D4ED017A 		vldr.32	s15, [r4, #4]
  78 0036 9DED037A 		vldr.32	s14, [sp, #12]
  79 003a 27EE877A 		vmul.f32	s14, s15, s14
  80 003e 0E4B     		ldr	r3, .L3+4
  81 0040 1B68     		ldr	r3, [r3]
  82 0042 BCEEC77A 		vcvt.u32.f32	s14, s14
  83 0046 83ED0D7A 		vstr.32	s14, [r3, #52]	@ int
 298:Core/Src/main.c ****   __HAL_TIM_SET_COMPARE(&htim1, TIM_CHANNEL_2, dutyB * hsvpwm.pwm_period);
  84              		.loc 1 298 3 view .LVU12
  85 004a 9DED027A 		vldr.32	s14, [sp, #8]
  86 004e 27EE877A 		vmul.f32	s14, s15, s14
  87 0052 BCEEC77A 		vcvt.u32.f32	s14, s14
  88 0056 83ED0E7A 		vstr.32	s14, [r3, #56]	@ int
 299:Core/Src/main.c ****   __HAL_TIM_SET_COMPARE(&htim1, TIM_CHANNEL_3, dutyC * hsvpwm.pwm_period);
  89              		.loc 1 299 3 view .LVU13
  90 005a 9DED017A 		vldr.32	s14, [sp, #4]
  91 005e 67EE877A 		vmul.f32	s15, s15, s14
  92 0062 FCEEE77A 		vcvt.u32.f32	s15, s15
  93 0066 C3ED0F7A 		vstr.32	s15, [r3, #60]	@ int
 300:Core/Src/main.c **** }
  94              		.loc 1 300 1 is_stmt 0 view .LVU14
  95 006a 04B0     		add	sp, sp, #16
  96              	.LCFI3:
  97              		.cfi_def_cfa_offset 16
  98              		@ sp needed
  99 006c BDEC028B 		vldm	sp!, {d8}
 100              	.LCFI4:
ARM GAS  C:\Users\ACER\AppData\Local\Temp\ccJnZfJG.s 			page 8


 101              		.cfi_restore 80
 102              		.cfi_restore 81
 103              		.cfi_def_cfa_offset 8
 104              	.LVL8:
 105              		.loc 1 300 1 view .LVU15
 106 0070 10BD     		pop	{r4, pc}
 107              	.L4:
 108 0072 00BF     		.align	2
 109              	.L3:
 110 0074 00000000 		.word	hsvpwm
 111 0078 00000000 		.word	htim1
 112              		.cfi_endproc
 113              	.LFE144:
 115              		.section	.text.Hall_ReadABC,"ax",%progbits
 116              		.align	1
 117              		.syntax unified
 118              		.thumb
 119              		.thumb_func
 121              	Hall_ReadABC:
 122              	.LFB140:
 197:Core/Src/main.c ****   uint8_t a = HAL_GPIO_ReadPin(HALL_A_PORT, HALL_A_PIN) ? 1 : 0;
 123              		.loc 1 197 1 is_stmt 1 view -0
 124              		.cfi_startproc
 125              		@ args = 0, pretend = 0, frame = 0
 126              		@ frame_needed = 0, uses_anonymous_args = 0
 127 0000 38B5     		push	{r3, r4, r5, lr}
 128              	.LCFI5:
 129              		.cfi_def_cfa_offset 16
 130              		.cfi_offset 3, -16
 131              		.cfi_offset 4, -12
 132              		.cfi_offset 5, -8
 133              		.cfi_offset 14, -4
 198:Core/Src/main.c ****   uint8_t b = HAL_GPIO_ReadPin(HALL_B_PORT, HALL_B_PIN) ? 1 : 0;
 134              		.loc 1 198 3 view .LVU17
 198:Core/Src/main.c ****   uint8_t b = HAL_GPIO_ReadPin(HALL_B_PORT, HALL_B_PIN) ? 1 : 0;
 135              		.loc 1 198 15 is_stmt 0 view .LVU18
 136 0002 0E4C     		ldr	r4, .L7
 137 0004 1021     		movs	r1, #16
 138 0006 2046     		mov	r0, r4
 139 0008 FFF7FEFF 		bl	HAL_GPIO_ReadPin
 140              	.LVL9:
 198:Core/Src/main.c ****   uint8_t b = HAL_GPIO_ReadPin(HALL_B_PORT, HALL_B_PIN) ? 1 : 0;
 141              		.loc 1 198 61 discriminator 1 view .LVU19
 142 000c 051E     		subs	r5, r0, #0
 143 000e 18BF     		it	ne
 144 0010 0125     		movne	r5, #1
 145              	.LVL10:
 199:Core/Src/main.c ****   uint8_t c = HAL_GPIO_ReadPin(HALL_C_PORT, HALL_C_PIN) ? 1 : 0;
 146              		.loc 1 199 3 is_stmt 1 view .LVU20
 199:Core/Src/main.c ****   uint8_t c = HAL_GPIO_ReadPin(HALL_C_PORT, HALL_C_PIN) ? 1 : 0;
 147              		.loc 1 199 15 is_stmt 0 view .LVU21
 148 0012 2021     		movs	r1, #32
 149 0014 2046     		mov	r0, r4
 150 0016 FFF7FEFF 		bl	HAL_GPIO_ReadPin
 151              	.LVL11:
 199:Core/Src/main.c ****   uint8_t c = HAL_GPIO_ReadPin(HALL_C_PORT, HALL_C_PIN) ? 1 : 0;
 152              		.loc 1 199 61 discriminator 1 view .LVU22
ARM GAS  C:\Users\ACER\AppData\Local\Temp\ccJnZfJG.s 			page 9


 153 001a 041E     		subs	r4, r0, #0
 154 001c 18BF     		it	ne
 155 001e 0124     		movne	r4, #1
 156              	.LVL12:
 200:Core/Src/main.c **** 
 157              		.loc 1 200 3 is_stmt 1 view .LVU23
 200:Core/Src/main.c **** 
 158              		.loc 1 200 15 is_stmt 0 view .LVU24
 159 0020 4FF40041 		mov	r1, #32768
 160 0024 0648     		ldr	r0, .L7+4
 161 0026 FFF7FEFF 		bl	HAL_GPIO_ReadPin
 162              	.LVL13:
 202:Core/Src/main.c **** }
 163              		.loc 1 202 3 is_stmt 1 view .LVU25
 202:Core/Src/main.c **** }
 164              		.loc 1 202 19 is_stmt 0 view .LVU26
 165 002a 6400     		lsls	r4, r4, #1
 166              	.LVL14:
 202:Core/Src/main.c **** }
 167              		.loc 1 202 19 view .LVU27
 168 002c 44EA8504 		orr	r4, r4, r5, lsl #2
 203:Core/Src/main.c **** uint8_t hall = 0;
 169              		.loc 1 203 1 view .LVU28
 170 0030 0028     		cmp	r0, #0
 171 0032 0CBF     		ite	eq
 172 0034 2046     		moveq	r0, r4
 173 0036 44F00100 		orrne	r0, r4, #1
 174              	.LVL15:
 203:Core/Src/main.c **** uint8_t hall = 0;
 175              		.loc 1 203 1 view .LVU29
 176 003a 38BD     		pop	{r3, r4, r5, pc}
 177              	.LVL16:
 178              	.L8:
 203:Core/Src/main.c **** uint8_t hall = 0;
 179              		.loc 1 203 1 view .LVU30
 180              		.align	2
 181              	.L7:
 182 003c 00040240 		.word	1073873920
 183 0040 00000240 		.word	1073872896
 184              		.cfi_endproc
 185              	.LFE140:
 187              		.section	.text.MX_GPIO_Init,"ax",%progbits
 188              		.align	1
 189              		.syntax unified
 190              		.thumb
 191              		.thumb_func
 193              	MX_GPIO_Init:
 194              	.LFB161:
 301:Core/Src/main.c **** float Motor_Calib_HallOffset(void)
 302:Core/Src/main.c **** {
 303:Core/Src/main.c ****   uint8_t hall;
 304:Core/Src/main.c ****   int8_t sector;
 305:Core/Src/main.c ****   float offset;
 306:Core/Src/main.c **** 
 307:Core/Src/main.c ****   CDC_Log("HALL CALIB START");
 308:Core/Src/main.c **** 
 309:Core/Src/main.c ****   /* 1. Khóa rotor tại góc điện 0° */
ARM GAS  C:\Users\ACER\AppData\Local\Temp\ccJnZfJG.s 			page 10


 310:Core/Src/main.c ****   Motor_Lock_ElectricalAngle(0.0f);
 311:Core/Src/main.c ****   HAL_Delay(CALIB_DELAY_MS);
 312:Core/Src/main.c **** 
 313:Core/Src/main.c ****   /* 2. Đọc Hall */
 314:Core/Src/main.c ****   hall = Hall_ReadABC();
 315:Core/Src/main.c ****   sector = hall_to_sector[hall];
 316:Core/Src/main.c **** 
 317:Core/Src/main.c ****   if (sector < 0)
 318:Core/Src/main.c ****   {
 319:Core/Src/main.c ****     CDC_Log("HALL CALIB FAIL, hall=%d", hall);
 320:Core/Src/main.c ****     return 0.0f;
 321:Core/Src/main.c ****   }
 322:Core/Src/main.c **** 
 323:Core/Src/main.c ****   /* 3. Tính offset:
 324:Core/Src/main.c ****    * Ta muốn angle + offset = center của sector
 325:Core/Src/main.c ****    * center = sector * 60° + 30°
 326:Core/Src/main.c ****    */
 327:Core/Src/main.c ****   offset = (sector * (M_PI / 3.0f)) + (M_PI / 6.0f);
 328:Core/Src/main.c **** 
 329:Core/Src/main.c ****   /* 4. Wrap về 0..2π */
 330:Core/Src/main.c ****   if (offset >= TWO_PI)
 331:Core/Src/main.c ****     offset -= TWO_PI;
 332:Core/Src/main.c **** 
 333:Core/Src/main.c ****   CDC_Log("HALL CALIB OK, hall=%d sector=%d offset=%.1f deg",
 334:Core/Src/main.c ****           hall,
 335:Core/Src/main.c ****           sector,
 336:Core/Src/main.c ****           offset * 180.0f / M_PI);
 337:Core/Src/main.c **** 
 338:Core/Src/main.c ****   return offset;
 339:Core/Src/main.c **** }
 340:Core/Src/main.c **** float Encoder_GetAngleRad(void)
 341:Core/Src/main.c **** {
 342:Core/Src/main.c ****   return AS5600_GetAngleRad(&as5600); // 0..2PI
 343:Core/Src/main.c **** }
 344:Core/Src/main.c **** 
 345:Core/Src/main.c **** float Encoder_GetSpeedRad(void)
 346:Core/Src/main.c **** {
 347:Core/Src/main.c ****   float dtheta;
 348:Core/Src/main.c **** 
 349:Core/Src/main.c ****   mech_angle = Encoder_GetAngleRad();
 350:Core/Src/main.c ****   dtheta = mech_angle - mech_angle_prev;
 351:Core/Src/main.c **** 
 352:Core/Src/main.c ****   /* unwrap */
 353:Core/Src/main.c ****   if (dtheta > M_PI)
 354:Core/Src/main.c ****     dtheta -= 2.0f * M_PI;
 355:Core/Src/main.c ****   if (dtheta < -M_PI)
 356:Core/Src/main.c ****     dtheta += 2.0f * M_PI;
 357:Core/Src/main.c **** 
 358:Core/Src/main.c ****   mech_speed = dtheta / DT_CTRL;
 359:Core/Src/main.c ****   mech_angle_prev = mech_angle;
 360:Core/Src/main.c **** 
 361:Core/Src/main.c ****   return mech_speed;
 362:Core/Src/main.c **** }
 363:Core/Src/main.c **** #define CALIB_VOLTAGE 5.0f
 364:Core/Src/main.c **** #define CALIB_DELAY_MS 500
 365:Core/Src/main.c **** typedef struct
 366:Core/Src/main.c **** {
ARM GAS  C:\Users\ACER\AppData\Local\Temp\ccJnZfJG.s 			page 11


 367:Core/Src/main.c ****   float kp, ki;
 368:Core/Src/main.c ****   float integral;
 369:Core/Src/main.c **** } PID_t;
 370:Core/Src/main.c **** 
 371:Core/Src/main.c **** PID_t pid_speed = {
 372:Core/Src/main.c ****     .kp = 0.02f,
 373:Core/Src/main.c ****     .ki = 0.5f,
 374:Core/Src/main.c ****     .integral = 0.0f};
 375:Core/Src/main.c **** 
 376:Core/Src/main.c **** float PID_Speed_Run(PID_t *pid, float ref, float fb)
 377:Core/Src/main.c **** {
 378:Core/Src/main.c ****   float err = ref - fb;
 379:Core/Src/main.c **** 
 380:Core/Src/main.c ****   pid->integral += err * DT_CTRL;
 381:Core/Src/main.c **** 
 382:Core/Src/main.c ****   float out = pid->kp * err + pid->ki * pid->integral;
 383:Core/Src/main.c **** 
 384:Core/Src/main.c ****   /* clamp */
 385:Core/Src/main.c ****   if (out > UQ_MAX)
 386:Core/Src/main.c ****     out = UQ_MAX;
 387:Core/Src/main.c ****   if (out < -UQ_MAX)
 388:Core/Src/main.c ****     out = -UQ_MAX;
 389:Core/Src/main.c **** 
 390:Core/Src/main.c ****   return out;
 391:Core/Src/main.c **** }
 392:Core/Src/main.c **** void Motor_SpeedControl_Loop(void)
 393:Core/Src/main.c **** {
 394:Core/Src/main.c ****   /* 1. speed feedback */
 395:Core/Src/main.c ****   float speed_fb = Encoder_GetSpeedRad();
 396:Core/Src/main.c **** 
 397:Core/Src/main.c ****   /* 2. PID */
 398:Core/Src/main.c ****   Uq = PID_Speed_Run(&pid_speed, speed_ref, speed_fb);
 399:Core/Src/main.c **** 
 400:Core/Src/main.c ****   /* 3. electrical angle */
 401:Core/Src/main.c ****   elec_angle = POLE_PAIRS * mech_angle + elec_offset;
 402:Core/Src/main.c **** 
 403:Core/Src/main.c ****   if (elec_angle > 2.0f * M_PI)
 404:Core/Src/main.c ****     elec_angle -= 2.0f * M_PI;
 405:Core/Src/main.c **** 
 406:Core/Src/main.c ****   /* 4. SVPWM (Id = 0) */
 407:Core/Src/main.c ****   float Ualpha = -Uq * sinf(elec_angle);
 408:Core/Src/main.c ****   float Ubeta = Uq * cosf(elec_angle);
 409:Core/Src/main.c **** 
 410:Core/Src/main.c ****   float dA, dB, dC;
 411:Core/Src/main.c ****   SVPWM_Compute(&hsvpwm, Ualpha, Ubeta, &dA, &dB, &dC);
 412:Core/Src/main.c **** 
 413:Core/Src/main.c ****   __HAL_TIM_SET_COMPARE(&htim1, TIM_CHANNEL_1, dA * hsvpwm.pwm_period);
 414:Core/Src/main.c ****   __HAL_TIM_SET_COMPARE(&htim1, TIM_CHANNEL_2, dB * hsvpwm.pwm_period);
 415:Core/Src/main.c ****   __HAL_TIM_SET_COMPARE(&htim1, TIM_CHANNEL_3, dC * hsvpwm.pwm_period);
 416:Core/Src/main.c **** }
 417:Core/Src/main.c **** 
 418:Core/Src/main.c **** void Motor_Calib_EncoderOffset(void)
 419:Core/Src/main.c **** {
 420:Core/Src/main.c ****   float mech;
 421:Core/Src/main.c **** 
 422:Core/Src/main.c ****   CDC_Log("ENCODER CALIB START");
 423:Core/Src/main.c **** 
ARM GAS  C:\Users\ACER\AppData\Local\Temp\ccJnZfJG.s 			page 12


 424:Core/Src/main.c ****   /* 1. khóa rotor tại góc điện 0 */
 425:Core/Src/main.c ****   float Ualpha = CALIB_VOLTAGE;
 426:Core/Src/main.c ****   float Ubeta = 0.0f;
 427:Core/Src/main.c **** 
 428:Core/Src/main.c ****   float dA, dB, dC;
 429:Core/Src/main.c ****   SVPWM_Compute(&hsvpwm, Ualpha, Ubeta, &dA, &dB, &dC);
 430:Core/Src/main.c **** 
 431:Core/Src/main.c ****   __HAL_TIM_SET_COMPARE(&htim1, TIM_CHANNEL_1, dA * hsvpwm.pwm_period);
 432:Core/Src/main.c ****   __HAL_TIM_SET_COMPARE(&htim1, TIM_CHANNEL_2, dB * hsvpwm.pwm_period);
 433:Core/Src/main.c ****   __HAL_TIM_SET_COMPARE(&htim1, TIM_CHANNEL_3, dC * hsvpwm.pwm_period);
 434:Core/Src/main.c **** 
 435:Core/Src/main.c ****   HAL_Delay(CALIB_DELAY_MS);
 436:Core/Src/main.c **** 
 437:Core/Src/main.c ****   /* 2. đọc góc cơ */
 438:Core/Src/main.c ****   mech = Encoder_GetAngleRad();
 439:Core/Src/main.c **** 
 440:Core/Src/main.c ****   /* 3. tính offset */
 441:Core/Src/main.c ****   elec_offset = -POLE_PAIRS * mech;
 442:Core/Src/main.c **** 
 443:Core/Src/main.c ****   /* wrap */
 444:Core/Src/main.c ****   while (elec_offset < 0)
 445:Core/Src/main.c ****     elec_offset += 2.0f * M_PI;
 446:Core/Src/main.c ****   while (elec_offset > 2.0f * M_PI)
 447:Core/Src/main.c ****     elec_offset -= 2.0f * M_PI;
 448:Core/Src/main.c **** 
 449:Core/Src/main.c ****   CDC_Log("ENC CALIB DONE, offset = %.2f deg",
 450:Core/Src/main.c ****           elec_offset * 180.0f / M_PI);
 451:Core/Src/main.c **** }
 452:Core/Src/main.c **** #define CALIB_VOLTAGE 1.8f                 // nhỏ, không giật mạnh
 453:Core/Src/main.c **** #define CALIB_ANGLE (2.0f * M_PI / 180.0f) // ±20° điện
 454:Core/Src/main.c **** #define CALIB_DELAY_MS 5
 455:Core/Src/main.c **** 
 456:Core/Src/main.c **** void Motor_Calib_EncoderOffset_Bidir(void)
 457:Core/Src/main.c **** {
 458:Core/Src/main.c ****   float mech_fwd, mech_rev;
 459:Core/Src/main.c ****   float angle = 0;
 460:Core/Src/main.c **** 
 461:Core/Src/main.c ****   CDC_Log("ENC CALIB BIDIR START");
 462:Core/Src/main.c ****   /* --- BƯỚC 1: QUAY TIẾN --- */
 463:Core/Src/main.c ****   while (angle <= M_PI * 8)
 464:Core/Src/main.c ****   {
 465:Core/Src/main.c ****     angle += CALIB_ANGLE;
 466:Core/Src/main.c ****     float Ualpha = CALIB_VOLTAGE * cosf(angle);
 467:Core/Src/main.c ****     float Ubeta = CALIB_VOLTAGE * sinf(angle);
 468:Core/Src/main.c **** 
 469:Core/Src/main.c ****     float dA, dB, dC;
 470:Core/Src/main.c ****     SVPWM_Compute(&hsvpwm, Ualpha, Ubeta, &dA, &dB, &dC);
 471:Core/Src/main.c **** 
 472:Core/Src/main.c ****     __HAL_TIM_SET_COMPARE(&htim1, TIM_CHANNEL_1, dA * hsvpwm.pwm_period);
 473:Core/Src/main.c ****     __HAL_TIM_SET_COMPARE(&htim1, TIM_CHANNEL_2, dB * hsvpwm.pwm_period);
 474:Core/Src/main.c ****     __HAL_TIM_SET_COMPARE(&htim1, TIM_CHANNEL_3, dC * hsvpwm.pwm_period);
 475:Core/Src/main.c **** 
 476:Core/Src/main.c ****     HAL_Delay(CALIB_DELAY_MS);
 477:Core/Src/main.c ****     mech_fwd = Encoder_GetAngleRad();
 478:Core/Src/main.c ****   }
 479:Core/Src/main.c ****   HAL_Delay(500);
 480:Core/Src/main.c ****   while (angle > 0.0f)
ARM GAS  C:\Users\ACER\AppData\Local\Temp\ccJnZfJG.s 			page 13


 481:Core/Src/main.c ****   {
 482:Core/Src/main.c ****     angle -= CALIB_ANGLE;
 483:Core/Src/main.c ****     float Ualpha = CALIB_VOLTAGE * cosf(angle);
 484:Core/Src/main.c ****     float Ubeta = CALIB_VOLTAGE * sinf(angle);
 485:Core/Src/main.c **** 
 486:Core/Src/main.c ****     float dA, dB, dC;
 487:Core/Src/main.c ****     SVPWM_Compute(&hsvpwm, Ualpha, Ubeta, &dA, &dB, &dC);
 488:Core/Src/main.c **** 
 489:Core/Src/main.c ****     __HAL_TIM_SET_COMPARE(&htim1, TIM_CHANNEL_1, dA * hsvpwm.pwm_period);
 490:Core/Src/main.c ****     __HAL_TIM_SET_COMPARE(&htim1, TIM_CHANNEL_2, dB * hsvpwm.pwm_period);
 491:Core/Src/main.c ****     __HAL_TIM_SET_COMPARE(&htim1, TIM_CHANNEL_3, dC * hsvpwm.pwm_period);
 492:Core/Src/main.c **** 
 493:Core/Src/main.c ****     HAL_Delay(CALIB_DELAY_MS);
 494:Core/Src/main.c ****     mech_rev = Encoder_GetAngleRad();
 495:Core/Src/main.c ****   }
 496:Core/Src/main.c ****   // tính góc 0
 497:Core/Src/main.c ****   float mech_avg = 0.5f * (mech_fwd + mech_rev);
 498:Core/Src/main.c ****   elec_offset = -POLE_PAIRS * mech_avg;
 499:Core/Src/main.c ****   while (elec_offset < 0)
 500:Core/Src/main.c ****     elec_offset += 2.0f * M_PI;
 501:Core/Src/main.c ****   while (elec_offset >= 2.0f * M_PI)
 502:Core/Src/main.c ****     elec_offset -= 2.0f * M_PI;
 503:Core/Src/main.c ****   CDC_Log("elec_0 = %.2f", elec_offset);
 504:Core/Src/main.c ****   DRV8301_DisableGate(&hdrv8301);
 505:Core/Src/main.c **** }
 506:Core/Src/main.c **** float target = 0.0;
 507:Core/Src/main.c **** void Motor_Velocity_OpenLoop_Encoder(float Uq_open)
 508:Core/Src/main.c **** {
 509:Core/Src/main.c ****   /* 1. đọc góc cơ */
 510:Core/Src/main.c ****   float theta_mech = Encoder_GetAngleRad();
 511:Core/Src/main.c **** 
 512:Core/Src/main.c ****   /* 2. tính góc điện */
 513:Core/Src/main.c ****   float theta_elec = POLE_PAIRS * theta_mech + elec_offset;
 514:Core/Src/main.c **** 
 515:Core/Src/main.c ****   /* wrap */
 516:Core/Src/main.c ****   while (theta_elec >= 2.0f * M_PI)
 517:Core/Src/main.c ****     theta_elec -= 2.0f * M_PI;
 518:Core/Src/main.c ****   while (theta_elec < 0)
 519:Core/Src/main.c ****     theta_elec += 2.0f * M_PI;
 520:Core/Src/main.c **** 
 521:Core/Src/main.c ****   /* 3. điện áp q-axis cố định */
 522:Core/Src/main.c ****   float Ualpha = -Uq_open * sinf(theta_elec);
 523:Core/Src/main.c ****   float Ubeta = Uq_open * cosf(theta_elec);
 524:Core/Src/main.c **** 
 525:Core/Src/main.c ****   /* 4. SVPWM */
 526:Core/Src/main.c ****   float dA, dB, dC;
 527:Core/Src/main.c ****   SVPWM_Compute(&hsvpwm, Ualpha, Ubeta, &dA, &dB, &dC);
 528:Core/Src/main.c **** 
 529:Core/Src/main.c ****   __HAL_TIM_SET_COMPARE(&htim1, TIM_CHANNEL_1, dA * hsvpwm.pwm_period);
 530:Core/Src/main.c ****   __HAL_TIM_SET_COMPARE(&htim1, TIM_CHANNEL_2, dB * hsvpwm.pwm_period);
 531:Core/Src/main.c ****   __HAL_TIM_SET_COMPARE(&htim1, TIM_CHANNEL_3, dC * hsvpwm.pwm_period);
 532:Core/Src/main.c ****   if (HAL_GetTick() - last_time > 30)
 533:Core/Src/main.c ****   {
 534:Core/Src/main.c ****     last_time = HAL_GetTick();
 535:Core/Src/main.c ****     CDC_Log("Ua=%f,Ub=%f,da=%f,db=%f,dc=%f", Ualpha, Ubeta, dA, dB, dC);
 536:Core/Src/main.c ****   }
 537:Core/Src/main.c **** 
ARM GAS  C:\Users\ACER\AppData\Local\Temp\ccJnZfJG.s 			page 14


 538:Core/Src/main.c ****   // HAL_Delay(1);
 539:Core/Src/main.c **** }
 540:Core/Src/main.c **** void print(char *c)
 541:Core/Src/main.c **** {
 542:Core/Src/main.c **** 
 543:Core/Src/main.c ****   CDC_Transmit_FS((uint8_t *)c, 20);
 544:Core/Src/main.c **** }
 545:Core/Src/main.c **** 
 546:Core/Src/main.c **** int parse_float_dot(const char *s, float *out)
 547:Core/Src/main.c **** {
 548:Core/Src/main.c ****   int sign = 1;
 549:Core/Src/main.c ****   int ipart = 0;
 550:Core/Src/main.c ****   int dpart = 0;
 551:Core/Src/main.c ****   float dscale = 1.0f;
 552:Core/Src/main.c ****   int has_digit = 0;
 553:Core/Src/main.c **** 
 554:Core/Src/main.c ****   /* skip space */
 555:Core/Src/main.c ****   while (*s == ' ' || *s == '\r' || *s == '\n')
 556:Core/Src/main.c ****     s++;
 557:Core/Src/main.c **** 
 558:Core/Src/main.c ****   /* sign */
 559:Core/Src/main.c ****   if (*s == '-')
 560:Core/Src/main.c ****   {
 561:Core/Src/main.c ****     sign = -1;
 562:Core/Src/main.c ****     s++;
 563:Core/Src/main.c ****   }
 564:Core/Src/main.c ****   else if (*s == '+')
 565:Core/Src/main.c ****   {
 566:Core/Src/main.c ****     s++;
 567:Core/Src/main.c ****   }
 568:Core/Src/main.c **** 
 569:Core/Src/main.c ****   /* integer part */
 570:Core/Src/main.c ****   while (isdigit((unsigned char)*s))
 571:Core/Src/main.c ****   {
 572:Core/Src/main.c ****     ipart = ipart * 10 + (*s - '0');
 573:Core/Src/main.c ****     has_digit = 1;
 574:Core/Src/main.c ****     s++;
 575:Core/Src/main.c ****   }
 576:Core/Src/main.c **** 
 577:Core/Src/main.c ****   /* decimal part */
 578:Core/Src/main.c ****   if (*s == '.')
 579:Core/Src/main.c ****   {
 580:Core/Src/main.c ****     s++;
 581:Core/Src/main.c ****     while (isdigit((unsigned char)*s))
 582:Core/Src/main.c ****     {
 583:Core/Src/main.c ****       dpart = dpart * 10 + (*s - '0');
 584:Core/Src/main.c ****       dscale *= 0.1f;
 585:Core/Src/main.c ****       has_digit = 1;
 586:Core/Src/main.c ****       s++;
 587:Core/Src/main.c ****     }
 588:Core/Src/main.c ****   }
 589:Core/Src/main.c **** 
 590:Core/Src/main.c ****   if (!has_digit)
 591:Core/Src/main.c ****     return 0; // parse fail
 592:Core/Src/main.c **** 
 593:Core/Src/main.c ****   *out = sign * (ipart + dpart * dscale);
 594:Core/Src/main.c ****   return 1; // parse OK
ARM GAS  C:\Users\ACER\AppData\Local\Temp\ccJnZfJG.s 			page 15


 595:Core/Src/main.c **** }
 596:Core/Src/main.c **** // float angle = 0.0;
 597:Core/Src/main.c **** /* USER CODE END 0 */
 598:Core/Src/main.c **** 
 599:Core/Src/main.c **** /**
 600:Core/Src/main.c ****  * @brief  The application entry point.
 601:Core/Src/main.c ****  * @retval int
 602:Core/Src/main.c ****  */
 603:Core/Src/main.c **** int main(void)
 604:Core/Src/main.c **** {
 605:Core/Src/main.c **** 
 606:Core/Src/main.c ****   /* USER CODE BEGIN 1 */
 607:Core/Src/main.c **** 
 608:Core/Src/main.c ****   /* USER CODE END 1 */
 609:Core/Src/main.c **** 
 610:Core/Src/main.c ****   /* MCU Configuration--------------------------------------------------------*/
 611:Core/Src/main.c **** 
 612:Core/Src/main.c ****   /* Reset of all peripherals, Initializes the Flash interface and the Systick. */
 613:Core/Src/main.c ****   HAL_Init();
 614:Core/Src/main.c **** 
 615:Core/Src/main.c ****   /* USER CODE BEGIN Init */
 616:Core/Src/main.c **** 
 617:Core/Src/main.c ****   /* USER CODE END Init */
 618:Core/Src/main.c **** 
 619:Core/Src/main.c ****   /* Configure the system clock */
 620:Core/Src/main.c ****   SystemClock_Config();
 621:Core/Src/main.c **** 
 622:Core/Src/main.c ****   /* USER CODE BEGIN SysInit */
 623:Core/Src/main.c **** 
 624:Core/Src/main.c ****   /* USER CODE END SysInit */
 625:Core/Src/main.c **** 
 626:Core/Src/main.c ****   /* Initialize all configured peripherals */
 627:Core/Src/main.c ****   MX_GPIO_Init();
 628:Core/Src/main.c ****   MX_DMA_Init();
 629:Core/Src/main.c ****   MX_TIM1_Init();
 630:Core/Src/main.c ****   MX_SPI3_Init();
 631:Core/Src/main.c ****   MX_USB_DEVICE_Init();
 632:Core/Src/main.c ****   MX_I2C1_Init();
 633:Core/Src/main.c ****   /* USER CODE BEGIN 2 */
 634:Core/Src/main.c ****   __HAL_TIM_SET_COMPARE(&htim1, TIM_CHANNEL_1, 0);
 635:Core/Src/main.c ****   __HAL_TIM_SET_COMPARE(&htim1, TIM_CHANNEL_2, 0);
 636:Core/Src/main.c ****   __HAL_TIM_SET_COMPARE(&htim1, TIM_CHANNEL_3, 0);
 637:Core/Src/main.c **** 
 638:Core/Src/main.c ****   HAL_TIM_PWM_Start(&htim1, TIM_CHANNEL_1);
 639:Core/Src/main.c ****   HAL_TIM_PWM_Start(&htim1, TIM_CHANNEL_2);
 640:Core/Src/main.c ****   HAL_TIM_PWM_Start(&htim1, TIM_CHANNEL_3);
 641:Core/Src/main.c **** 
 642:Core/Src/main.c ****   HAL_TIMEx_PWMN_Start(&htim1, TIM_CHANNEL_1);
 643:Core/Src/main.c ****   HAL_TIMEx_PWMN_Start(&htim1, TIM_CHANNEL_2);
 644:Core/Src/main.c ****   HAL_TIMEx_PWMN_Start(&htim1, TIM_CHANNEL_3);
 645:Core/Src/main.c ****   __HAL_TIM_MOE_ENABLE(&htim1);
 646:Core/Src/main.c **** 
 647:Core/Src/main.c ****   DRV8301_EnableGate(&hdrv8301);
 648:Core/Src/main.c ****   HAL_Delay(1);
 649:Core/Src/main.c ****   SVPWM_Init(&hsvpwm, 12.0f, 1000);
 650:Core/Src/main.c ****   AS5600_Init(&as5600, &hi2c1);
 651:Core/Src/main.c ****   // HAL_Delay(5000);
ARM GAS  C:\Users\ACER\AppData\Local\Temp\ccJnZfJG.s 			page 16


 652:Core/Src/main.c ****   // elec_offset = 3.16;
 653:Core/Src/main.c ****   // Motor_Calib_EncoderOffset_Bidir();
 654:Core/Src/main.c **** 
 655:Core/Src/main.c ****   /* USER CODE END 2 */
 656:Core/Src/main.c **** 
 657:Core/Src/main.c ****   /* Infinite loop */
 658:Core/Src/main.c ****   /* USER CODE BEGIN WHILE */
 659:Core/Src/main.c ****   while (1)
 660:Core/Src/main.c ****   {
 661:Core/Src/main.c ****     angle = AS5600_GetAngleDeg(&as5600);
 662:Core/Src/main.c ****     CDC_Log("angle = %.2f", AS5600_GetAngleDeg(&as5600));
 663:Core/Src/main.c ****     if (cdc_rx_flag)
 664:Core/Src/main.c ****     {
 665:Core/Src/main.c ****       cdc_rx_flag = 0;
 666:Core/Src/main.c ****       cdc_rx_buf[cdc_rx_len] = 0;
 667:Core/Src/main.c ****       if (Command_Parse((char *)cdc_rx_buf, &cmd))
 668:Core/Src/main.c ****       {
 669:Core/Src/main.c ****         CDC_Log("CMD=%s KEY=%s VAL=%.3f",
 670:Core/Src/main.c ****                 cmd.cmd,
 671:Core/Src/main.c ****                 cmd.has_key ? cmd.key : "-",
 672:Core/Src/main.c ****                 cmd.has_value ? cmd.value : 0.0f);
 673:Core/Src/main.c **** 
 674:Core/Src/main.c ****         if (strcmp(cmd.cmd, "CALIB") == 0)
 675:Core/Src/main.c ****         {
 676:Core/Src/main.c ****           Motor_Calib_EncoderOffset_Bidir();
 677:Core/Src/main.c ****         }
 678:Core/Src/main.c ****         else if (strcmp(cmd.cmd, "SET") == 0 && cmd.has_key)
 679:Core/Src/main.c ****         {
 680:Core/Src/main.c ****           if (strcmp(cmd.key, "UQ") == 0 && cmd.has_value)
 681:Core/Src/main.c ****             target = cmd.value;
 682:Core/Src/main.c ****           else if (strcmp(cmd.key, "SPEED") == 0 && cmd.has_value)
 683:Core/Src/main.c ****             speed_ref = cmd.value;
 684:Core/Src/main.c ****         }
 685:Core/Src/main.c ****         else if (strcmp(cmd.cmd, "EN") == 0)
 686:Core/Src/main.c ****         {
 687:Core/Src/main.c ****           DRV8301_EnableGate(&hdrv8301);
 688:Core/Src/main.c ****         }
 689:Core/Src/main.c ****         else if (strcmp(cmd.cmd, "DIS") == 0)
 690:Core/Src/main.c ****         {
 691:Core/Src/main.c ****           DRV8301_DisableGate(&hdrv8301);
 692:Core/Src/main.c ****         }
 693:Core/Src/main.c ****       }
 694:Core/Src/main.c ****     }
 695:Core/Src/main.c ****     // Motor_Velocity_OpenLoop_Encoder(target);
 696:Core/Src/main.c **** 
 697:Core/Src/main.c ****     /* USER CODE END WHILE */
 698:Core/Src/main.c **** 
 699:Core/Src/main.c ****     /* USER CODE BEGIN 3 */
 700:Core/Src/main.c ****   }
 701:Core/Src/main.c ****   /* USER CODE END 3 */
 702:Core/Src/main.c **** }
 703:Core/Src/main.c **** 
 704:Core/Src/main.c **** /**
 705:Core/Src/main.c ****  * @brief System Clock Configuration
 706:Core/Src/main.c ****  * @retval None
 707:Core/Src/main.c ****  */
 708:Core/Src/main.c **** void SystemClock_Config(void)
ARM GAS  C:\Users\ACER\AppData\Local\Temp\ccJnZfJG.s 			page 17


 709:Core/Src/main.c **** {
 710:Core/Src/main.c ****   RCC_OscInitTypeDef RCC_OscInitStruct = {0};
 711:Core/Src/main.c ****   RCC_ClkInitTypeDef RCC_ClkInitStruct = {0};
 712:Core/Src/main.c **** 
 713:Core/Src/main.c ****   /** Configure the main internal regulator output voltage
 714:Core/Src/main.c ****    */
 715:Core/Src/main.c ****   __HAL_RCC_PWR_CLK_ENABLE();
 716:Core/Src/main.c ****   __HAL_PWR_VOLTAGESCALING_CONFIG(PWR_REGULATOR_VOLTAGE_SCALE1);
 717:Core/Src/main.c **** 
 718:Core/Src/main.c ****   /** Initializes the RCC Oscillators according to the specified parameters
 719:Core/Src/main.c ****    * in the RCC_OscInitTypeDef structure.
 720:Core/Src/main.c ****    */
 721:Core/Src/main.c ****   RCC_OscInitStruct.OscillatorType = RCC_OSCILLATORTYPE_HSE;
 722:Core/Src/main.c ****   RCC_OscInitStruct.HSEState = RCC_HSE_ON;
 723:Core/Src/main.c ****   RCC_OscInitStruct.PLL.PLLState = RCC_PLL_ON;
 724:Core/Src/main.c ****   RCC_OscInitStruct.PLL.PLLSource = RCC_PLLSOURCE_HSE;
 725:Core/Src/main.c ****   RCC_OscInitStruct.PLL.PLLM = 4;
 726:Core/Src/main.c ****   RCC_OscInitStruct.PLL.PLLN = 168;
 727:Core/Src/main.c ****   RCC_OscInitStruct.PLL.PLLP = RCC_PLLP_DIV2;
 728:Core/Src/main.c ****   RCC_OscInitStruct.PLL.PLLQ = 7;
 729:Core/Src/main.c ****   if (HAL_RCC_OscConfig(&RCC_OscInitStruct) != HAL_OK)
 730:Core/Src/main.c ****   {
 731:Core/Src/main.c ****     Error_Handler();
 732:Core/Src/main.c ****   }
 733:Core/Src/main.c **** 
 734:Core/Src/main.c ****   /** Initializes the CPU, AHB and APB buses clocks
 735:Core/Src/main.c ****    */
 736:Core/Src/main.c ****   RCC_ClkInitStruct.ClockType = RCC_CLOCKTYPE_HCLK | RCC_CLOCKTYPE_SYSCLK | RCC_CLOCKTYPE_PCLK1 | R
 737:Core/Src/main.c ****   RCC_ClkInitStruct.SYSCLKSource = RCC_SYSCLKSOURCE_PLLCLK;
 738:Core/Src/main.c ****   RCC_ClkInitStruct.AHBCLKDivider = RCC_SYSCLK_DIV1;
 739:Core/Src/main.c ****   RCC_ClkInitStruct.APB1CLKDivider = RCC_HCLK_DIV4;
 740:Core/Src/main.c ****   RCC_ClkInitStruct.APB2CLKDivider = RCC_HCLK_DIV2;
 741:Core/Src/main.c **** 
 742:Core/Src/main.c ****   if (HAL_RCC_ClockConfig(&RCC_ClkInitStruct, FLASH_LATENCY_5) != HAL_OK)
 743:Core/Src/main.c ****   {
 744:Core/Src/main.c ****     Error_Handler();
 745:Core/Src/main.c ****   }
 746:Core/Src/main.c **** }
 747:Core/Src/main.c **** 
 748:Core/Src/main.c **** /**
 749:Core/Src/main.c ****  * @brief I2C1 Initialization Function
 750:Core/Src/main.c ****  * @param None
 751:Core/Src/main.c ****  * @retval None
 752:Core/Src/main.c ****  */
 753:Core/Src/main.c **** static void MX_I2C1_Init(void)
 754:Core/Src/main.c **** {
 755:Core/Src/main.c **** 
 756:Core/Src/main.c ****   /* USER CODE BEGIN I2C1_Init 0 */
 757:Core/Src/main.c **** 
 758:Core/Src/main.c ****   /* USER CODE END I2C1_Init 0 */
 759:Core/Src/main.c **** 
 760:Core/Src/main.c ****   /* USER CODE BEGIN I2C1_Init 1 */
 761:Core/Src/main.c **** 
 762:Core/Src/main.c ****   /* USER CODE END I2C1_Init 1 */
 763:Core/Src/main.c ****   hi2c1.Instance = I2C1;
 764:Core/Src/main.c ****   hi2c1.Init.ClockSpeed = 100000;
 765:Core/Src/main.c ****   hi2c1.Init.DutyCycle = I2C_DUTYCYCLE_2;
ARM GAS  C:\Users\ACER\AppData\Local\Temp\ccJnZfJG.s 			page 18


 766:Core/Src/main.c ****   hi2c1.Init.OwnAddress1 = 0;
 767:Core/Src/main.c ****   hi2c1.Init.AddressingMode = I2C_ADDRESSINGMODE_7BIT;
 768:Core/Src/main.c ****   hi2c1.Init.DualAddressMode = I2C_DUALADDRESS_DISABLE;
 769:Core/Src/main.c ****   hi2c1.Init.OwnAddress2 = 0;
 770:Core/Src/main.c ****   hi2c1.Init.GeneralCallMode = I2C_GENERALCALL_DISABLE;
 771:Core/Src/main.c ****   hi2c1.Init.NoStretchMode = I2C_NOSTRETCH_DISABLE;
 772:Core/Src/main.c ****   if (HAL_I2C_Init(&hi2c1) != HAL_OK)
 773:Core/Src/main.c ****   {
 774:Core/Src/main.c ****     Error_Handler();
 775:Core/Src/main.c ****   }
 776:Core/Src/main.c ****   /* USER CODE BEGIN I2C1_Init 2 */
 777:Core/Src/main.c **** 
 778:Core/Src/main.c ****   /* USER CODE END I2C1_Init 2 */
 779:Core/Src/main.c **** }
 780:Core/Src/main.c **** 
 781:Core/Src/main.c **** /**
 782:Core/Src/main.c ****  * @brief SPI3 Initialization Function
 783:Core/Src/main.c ****  * @param None
 784:Core/Src/main.c ****  * @retval None
 785:Core/Src/main.c ****  */
 786:Core/Src/main.c **** static void MX_SPI3_Init(void)
 787:Core/Src/main.c **** {
 788:Core/Src/main.c **** 
 789:Core/Src/main.c ****   /* USER CODE BEGIN SPI3_Init 0 */
 790:Core/Src/main.c **** 
 791:Core/Src/main.c ****   /* USER CODE END SPI3_Init 0 */
 792:Core/Src/main.c **** 
 793:Core/Src/main.c ****   /* USER CODE BEGIN SPI3_Init 1 */
 794:Core/Src/main.c **** 
 795:Core/Src/main.c ****   /* USER CODE END SPI3_Init 1 */
 796:Core/Src/main.c ****   /* SPI3 parameter configuration*/
 797:Core/Src/main.c ****   hspi3.Instance = SPI3;
 798:Core/Src/main.c ****   hspi3.Init.Mode = SPI_MODE_MASTER;
 799:Core/Src/main.c ****   hspi3.Init.Direction = SPI_DIRECTION_2LINES;
 800:Core/Src/main.c ****   hspi3.Init.DataSize = SPI_DATASIZE_16BIT;
 801:Core/Src/main.c ****   hspi3.Init.CLKPolarity = SPI_POLARITY_LOW;
 802:Core/Src/main.c ****   hspi3.Init.CLKPhase = SPI_PHASE_2EDGE;
 803:Core/Src/main.c ****   hspi3.Init.NSS = SPI_NSS_SOFT;
 804:Core/Src/main.c ****   hspi3.Init.BaudRatePrescaler = SPI_BAUDRATEPRESCALER_16;
 805:Core/Src/main.c ****   hspi3.Init.FirstBit = SPI_FIRSTBIT_MSB;
 806:Core/Src/main.c ****   hspi3.Init.TIMode = SPI_TIMODE_DISABLE;
 807:Core/Src/main.c ****   hspi3.Init.CRCCalculation = SPI_CRCCALCULATION_DISABLE;
 808:Core/Src/main.c ****   hspi3.Init.CRCPolynomial = 10;
 809:Core/Src/main.c ****   if (HAL_SPI_Init(&hspi3) != HAL_OK)
 810:Core/Src/main.c ****   {
 811:Core/Src/main.c ****     Error_Handler();
 812:Core/Src/main.c ****   }
 813:Core/Src/main.c ****   /* USER CODE BEGIN SPI3_Init 2 */
 814:Core/Src/main.c **** 
 815:Core/Src/main.c ****   /* USER CODE END SPI3_Init 2 */
 816:Core/Src/main.c **** }
 817:Core/Src/main.c **** 
 818:Core/Src/main.c **** /**
 819:Core/Src/main.c ****  * @brief TIM1 Initialization Function
 820:Core/Src/main.c ****  * @param None
 821:Core/Src/main.c ****  * @retval None
 822:Core/Src/main.c ****  */
ARM GAS  C:\Users\ACER\AppData\Local\Temp\ccJnZfJG.s 			page 19


 823:Core/Src/main.c **** static void MX_TIM1_Init(void)
 824:Core/Src/main.c **** {
 825:Core/Src/main.c **** 
 826:Core/Src/main.c ****   /* USER CODE BEGIN TIM1_Init 0 */
 827:Core/Src/main.c **** 
 828:Core/Src/main.c ****   /* USER CODE END TIM1_Init 0 */
 829:Core/Src/main.c **** 
 830:Core/Src/main.c ****   TIM_ClockConfigTypeDef sClockSourceConfig = {0};
 831:Core/Src/main.c ****   TIM_MasterConfigTypeDef sMasterConfig = {0};
 832:Core/Src/main.c ****   TIM_OC_InitTypeDef sConfigOC = {0};
 833:Core/Src/main.c ****   TIM_BreakDeadTimeConfigTypeDef sBreakDeadTimeConfig = {0};
 834:Core/Src/main.c **** 
 835:Core/Src/main.c ****   /* USER CODE BEGIN TIM1_Init 1 */
 836:Core/Src/main.c **** 
 837:Core/Src/main.c ****   /* USER CODE END TIM1_Init 1 */
 838:Core/Src/main.c ****   htim1.Instance = TIM1;
 839:Core/Src/main.c ****   htim1.Init.Prescaler = 1;
 840:Core/Src/main.c ****   htim1.Init.CounterMode = TIM_COUNTERMODE_CENTERALIGNED3;
 841:Core/Src/main.c ****   htim1.Init.Period = 1000 - 1;
 842:Core/Src/main.c ****   htim1.Init.ClockDivision = TIM_CLOCKDIVISION_DIV1;
 843:Core/Src/main.c ****   htim1.Init.RepetitionCounter = 0;
 844:Core/Src/main.c ****   htim1.Init.AutoReloadPreload = TIM_AUTORELOAD_PRELOAD_ENABLE;
 845:Core/Src/main.c ****   if (HAL_TIM_Base_Init(&htim1) != HAL_OK)
 846:Core/Src/main.c ****   {
 847:Core/Src/main.c ****     Error_Handler();
 848:Core/Src/main.c ****   }
 849:Core/Src/main.c ****   sClockSourceConfig.ClockSource = TIM_CLOCKSOURCE_INTERNAL;
 850:Core/Src/main.c ****   if (HAL_TIM_ConfigClockSource(&htim1, &sClockSourceConfig) != HAL_OK)
 851:Core/Src/main.c ****   {
 852:Core/Src/main.c ****     Error_Handler();
 853:Core/Src/main.c ****   }
 854:Core/Src/main.c ****   if (HAL_TIM_PWM_Init(&htim1) != HAL_OK)
 855:Core/Src/main.c ****   {
 856:Core/Src/main.c ****     Error_Handler();
 857:Core/Src/main.c ****   }
 858:Core/Src/main.c ****   sMasterConfig.MasterOutputTrigger = TIM_TRGO_UPDATE;
 859:Core/Src/main.c ****   sMasterConfig.MasterSlaveMode = TIM_MASTERSLAVEMODE_DISABLE;
 860:Core/Src/main.c ****   if (HAL_TIMEx_MasterConfigSynchronization(&htim1, &sMasterConfig) != HAL_OK)
 861:Core/Src/main.c ****   {
 862:Core/Src/main.c ****     Error_Handler();
 863:Core/Src/main.c ****   }
 864:Core/Src/main.c ****   sConfigOC.OCMode = TIM_OCMODE_PWM2;
 865:Core/Src/main.c ****   sConfigOC.Pulse = 0;
 866:Core/Src/main.c ****   sConfigOC.OCPolarity = TIM_OCPOLARITY_HIGH;
 867:Core/Src/main.c ****   sConfigOC.OCNPolarity = TIM_OCNPOLARITY_HIGH;
 868:Core/Src/main.c ****   sConfigOC.OCFastMode = TIM_OCFAST_DISABLE;
 869:Core/Src/main.c ****   sConfigOC.OCIdleState = TIM_OCIDLESTATE_RESET;
 870:Core/Src/main.c ****   sConfigOC.OCNIdleState = TIM_OCNIDLESTATE_RESET;
 871:Core/Src/main.c ****   if (HAL_TIM_PWM_ConfigChannel(&htim1, &sConfigOC, TIM_CHANNEL_1) != HAL_OK)
 872:Core/Src/main.c ****   {
 873:Core/Src/main.c ****     Error_Handler();
 874:Core/Src/main.c ****   }
 875:Core/Src/main.c ****   if (HAL_TIM_PWM_ConfigChannel(&htim1, &sConfigOC, TIM_CHANNEL_2) != HAL_OK)
 876:Core/Src/main.c ****   {
 877:Core/Src/main.c ****     Error_Handler();
 878:Core/Src/main.c ****   }
 879:Core/Src/main.c ****   if (HAL_TIM_PWM_ConfigChannel(&htim1, &sConfigOC, TIM_CHANNEL_3) != HAL_OK)
ARM GAS  C:\Users\ACER\AppData\Local\Temp\ccJnZfJG.s 			page 20


 880:Core/Src/main.c ****   {
 881:Core/Src/main.c ****     Error_Handler();
 882:Core/Src/main.c ****   }
 883:Core/Src/main.c ****   sBreakDeadTimeConfig.OffStateRunMode = TIM_OSSR_ENABLE;
 884:Core/Src/main.c ****   sBreakDeadTimeConfig.OffStateIDLEMode = TIM_OSSI_ENABLE;
 885:Core/Src/main.c ****   sBreakDeadTimeConfig.LockLevel = TIM_LOCKLEVEL_OFF;
 886:Core/Src/main.c ****   sBreakDeadTimeConfig.DeadTime = 150;
 887:Core/Src/main.c ****   sBreakDeadTimeConfig.BreakState = TIM_BREAK_DISABLE;
 888:Core/Src/main.c ****   sBreakDeadTimeConfig.BreakPolarity = TIM_BREAKPOLARITY_HIGH;
 889:Core/Src/main.c ****   sBreakDeadTimeConfig.AutomaticOutput = TIM_AUTOMATICOUTPUT_DISABLE;
 890:Core/Src/main.c ****   if (HAL_TIMEx_ConfigBreakDeadTime(&htim1, &sBreakDeadTimeConfig) != HAL_OK)
 891:Core/Src/main.c ****   {
 892:Core/Src/main.c ****     Error_Handler();
 893:Core/Src/main.c ****   }
 894:Core/Src/main.c ****   /* USER CODE BEGIN TIM1_Init 2 */
 895:Core/Src/main.c **** 
 896:Core/Src/main.c ****   /* USER CODE END TIM1_Init 2 */
 897:Core/Src/main.c ****   HAL_TIM_MspPostInit(&htim1);
 898:Core/Src/main.c **** }
 899:Core/Src/main.c **** 
 900:Core/Src/main.c **** /**
 901:Core/Src/main.c ****  * Enable DMA controller clock
 902:Core/Src/main.c ****  */
 903:Core/Src/main.c **** static void MX_DMA_Init(void)
 904:Core/Src/main.c **** {
 905:Core/Src/main.c **** 
 906:Core/Src/main.c ****   /* DMA controller clock enable */
 907:Core/Src/main.c ****   __HAL_RCC_DMA1_CLK_ENABLE();
 908:Core/Src/main.c **** 
 909:Core/Src/main.c ****   /* DMA interrupt init */
 910:Core/Src/main.c ****   /* DMA1_Stream0_IRQn interrupt configuration */
 911:Core/Src/main.c ****   HAL_NVIC_SetPriority(DMA1_Stream0_IRQn, 0, 0);
 912:Core/Src/main.c ****   HAL_NVIC_EnableIRQ(DMA1_Stream0_IRQn);
 913:Core/Src/main.c ****   /* DMA1_Stream5_IRQn interrupt configuration */
 914:Core/Src/main.c ****   HAL_NVIC_SetPriority(DMA1_Stream5_IRQn, 0, 0);
 915:Core/Src/main.c ****   HAL_NVIC_EnableIRQ(DMA1_Stream5_IRQn);
 916:Core/Src/main.c **** }
 917:Core/Src/main.c **** 
 918:Core/Src/main.c **** /**
 919:Core/Src/main.c ****  * @brief GPIO Initialization Function
 920:Core/Src/main.c ****  * @param None
 921:Core/Src/main.c ****  * @retval None
 922:Core/Src/main.c ****  */
 923:Core/Src/main.c **** static void MX_GPIO_Init(void)
 924:Core/Src/main.c **** {
 195              		.loc 1 924 1 is_stmt 1 view -0
 196              		.cfi_startproc
 197              		@ args = 0, pretend = 0, frame = 40
 198              		@ frame_needed = 0, uses_anonymous_args = 0
 199 0000 2DE9F041 		push	{r4, r5, r6, r7, r8, lr}
 200              	.LCFI6:
 201              		.cfi_def_cfa_offset 24
 202              		.cfi_offset 4, -24
 203              		.cfi_offset 5, -20
 204              		.cfi_offset 6, -16
 205              		.cfi_offset 7, -12
 206              		.cfi_offset 8, -8
ARM GAS  C:\Users\ACER\AppData\Local\Temp\ccJnZfJG.s 			page 21


 207              		.cfi_offset 14, -4
 208 0004 8AB0     		sub	sp, sp, #40
 209              	.LCFI7:
 210              		.cfi_def_cfa_offset 64
 925:Core/Src/main.c ****   GPIO_InitTypeDef GPIO_InitStruct = {0};
 211              		.loc 1 925 3 view .LVU32
 212              		.loc 1 925 20 is_stmt 0 view .LVU33
 213 0006 05AD     		add	r5, sp, #20
 214 0008 0024     		movs	r4, #0
 215 000a 0594     		str	r4, [sp, #20]
 216 000c 0694     		str	r4, [sp, #24]
 217 000e 0794     		str	r4, [sp, #28]
 218 0010 0894     		str	r4, [sp, #32]
 219 0012 0994     		str	r4, [sp, #36]
 926:Core/Src/main.c ****   /* USER CODE BEGIN MX_GPIO_Init_1 */
 927:Core/Src/main.c **** 
 928:Core/Src/main.c ****   /* USER CODE END MX_GPIO_Init_1 */
 929:Core/Src/main.c **** 
 930:Core/Src/main.c ****   /* GPIO Ports Clock Enable */
 931:Core/Src/main.c ****   __HAL_RCC_GPIOC_CLK_ENABLE();
 220              		.loc 1 931 3 is_stmt 1 view .LVU34
 221              	.LBB4:
 222              		.loc 1 931 3 view .LVU35
 223 0014 0094     		str	r4, [sp]
 224              		.loc 1 931 3 view .LVU36
 225 0016 394B     		ldr	r3, .L11
 226 0018 1A6B     		ldr	r2, [r3, #48]
 227 001a 42F00402 		orr	r2, r2, #4
 228 001e 1A63     		str	r2, [r3, #48]
 229              		.loc 1 931 3 view .LVU37
 230 0020 1A6B     		ldr	r2, [r3, #48]
 231 0022 02F00402 		and	r2, r2, #4
 232 0026 0092     		str	r2, [sp]
 233              		.loc 1 931 3 view .LVU38
 234 0028 009A     		ldr	r2, [sp]
 235              	.LBE4:
 236              		.loc 1 931 3 view .LVU39
 932:Core/Src/main.c ****   __HAL_RCC_GPIOH_CLK_ENABLE();
 237              		.loc 1 932 3 view .LVU40
 238              	.LBB5:
 239              		.loc 1 932 3 view .LVU41
 240 002a 0194     		str	r4, [sp, #4]
 241              		.loc 1 932 3 view .LVU42
 242 002c 1A6B     		ldr	r2, [r3, #48]
 243 002e 42F08002 		orr	r2, r2, #128
 244 0032 1A63     		str	r2, [r3, #48]
 245              		.loc 1 932 3 view .LVU43
 246 0034 1A6B     		ldr	r2, [r3, #48]
 247 0036 02F08002 		and	r2, r2, #128
 248 003a 0192     		str	r2, [sp, #4]
 249              		.loc 1 932 3 view .LVU44
 250 003c 019A     		ldr	r2, [sp, #4]
 251              	.LBE5:
 252              		.loc 1 932 3 view .LVU45
 933:Core/Src/main.c ****   __HAL_RCC_GPIOB_CLK_ENABLE();
 253              		.loc 1 933 3 view .LVU46
 254              	.LBB6:
ARM GAS  C:\Users\ACER\AppData\Local\Temp\ccJnZfJG.s 			page 22


 255              		.loc 1 933 3 view .LVU47
 256 003e 0294     		str	r4, [sp, #8]
 257              		.loc 1 933 3 view .LVU48
 258 0040 1A6B     		ldr	r2, [r3, #48]
 259 0042 42F00202 		orr	r2, r2, #2
 260 0046 1A63     		str	r2, [r3, #48]
 261              		.loc 1 933 3 view .LVU49
 262 0048 1A6B     		ldr	r2, [r3, #48]
 263 004a 02F00202 		and	r2, r2, #2
 264 004e 0292     		str	r2, [sp, #8]
 265              		.loc 1 933 3 view .LVU50
 266 0050 029A     		ldr	r2, [sp, #8]
 267              	.LBE6:
 268              		.loc 1 933 3 view .LVU51
 934:Core/Src/main.c ****   __HAL_RCC_GPIOA_CLK_ENABLE();
 269              		.loc 1 934 3 view .LVU52
 270              	.LBB7:
 271              		.loc 1 934 3 view .LVU53
 272 0052 0394     		str	r4, [sp, #12]
 273              		.loc 1 934 3 view .LVU54
 274 0054 1A6B     		ldr	r2, [r3, #48]
 275 0056 42F00102 		orr	r2, r2, #1
 276 005a 1A63     		str	r2, [r3, #48]
 277              		.loc 1 934 3 view .LVU55
 278 005c 1A6B     		ldr	r2, [r3, #48]
 279 005e 02F00102 		and	r2, r2, #1
 280 0062 0392     		str	r2, [sp, #12]
 281              		.loc 1 934 3 view .LVU56
 282 0064 039A     		ldr	r2, [sp, #12]
 283              	.LBE7:
 284              		.loc 1 934 3 view .LVU57
 935:Core/Src/main.c ****   __HAL_RCC_GPIOD_CLK_ENABLE();
 285              		.loc 1 935 3 view .LVU58
 286              	.LBB8:
 287              		.loc 1 935 3 view .LVU59
 288 0066 0494     		str	r4, [sp, #16]
 289              		.loc 1 935 3 view .LVU60
 290 0068 1A6B     		ldr	r2, [r3, #48]
 291 006a 42F00802 		orr	r2, r2, #8
 292 006e 1A63     		str	r2, [r3, #48]
 293              		.loc 1 935 3 view .LVU61
 294 0070 1B6B     		ldr	r3, [r3, #48]
 295 0072 03F00803 		and	r3, r3, #8
 296 0076 0493     		str	r3, [sp, #16]
 297              		.loc 1 935 3 view .LVU62
 298 0078 049B     		ldr	r3, [sp, #16]
 299              	.LBE8:
 300              		.loc 1 935 3 view .LVU63
 936:Core/Src/main.c **** 
 937:Core/Src/main.c ****   /*Configure GPIO pin Output Level */
 938:Core/Src/main.c ****   HAL_GPIO_WritePin(GPIOC, GPIO_PIN_13, GPIO_PIN_RESET);
 301              		.loc 1 938 3 view .LVU64
 302 007a DFF89080 		ldr	r8, .L11+16
 303 007e 2246     		mov	r2, r4
 304 0080 4FF40051 		mov	r1, #8192
 305 0084 4046     		mov	r0, r8
 306 0086 FFF7FEFF 		bl	HAL_GPIO_WritePin
ARM GAS  C:\Users\ACER\AppData\Local\Temp\ccJnZfJG.s 			page 23


 307              	.LVL17:
 939:Core/Src/main.c **** 
 940:Core/Src/main.c ****   /*Configure GPIO pin Output Level */
 941:Core/Src/main.c ****   HAL_GPIO_WritePin(GPIOB, GPIO_PIN_2 | GPIO_PIN_12, GPIO_PIN_RESET);
 308              		.loc 1 941 3 view .LVU65
 309 008a 1D4E     		ldr	r6, .L11+4
 310 008c 2246     		mov	r2, r4
 311 008e 41F20401 		movw	r1, #4100
 312 0092 3046     		mov	r0, r6
 313 0094 FFF7FEFF 		bl	HAL_GPIO_WritePin
 314              	.LVL18:
 942:Core/Src/main.c **** 
 943:Core/Src/main.c ****   /*Configure GPIO pin : PC13 */
 944:Core/Src/main.c ****   GPIO_InitStruct.Pin = GPIO_PIN_13;
 315              		.loc 1 944 3 view .LVU66
 316              		.loc 1 944 23 is_stmt 0 view .LVU67
 317 0098 4FF40053 		mov	r3, #8192
 318 009c 0593     		str	r3, [sp, #20]
 945:Core/Src/main.c ****   GPIO_InitStruct.Mode = GPIO_MODE_OUTPUT_PP;
 319              		.loc 1 945 3 is_stmt 1 view .LVU68
 320              		.loc 1 945 24 is_stmt 0 view .LVU69
 321 009e 0127     		movs	r7, #1
 322 00a0 0697     		str	r7, [sp, #24]
 946:Core/Src/main.c ****   GPIO_InitStruct.Pull = GPIO_NOPULL;
 323              		.loc 1 946 3 is_stmt 1 view .LVU70
 324              		.loc 1 946 24 is_stmt 0 view .LVU71
 325 00a2 0794     		str	r4, [sp, #28]
 947:Core/Src/main.c ****   GPIO_InitStruct.Speed = GPIO_SPEED_FREQ_LOW;
 326              		.loc 1 947 3 is_stmt 1 view .LVU72
 327              		.loc 1 947 25 is_stmt 0 view .LVU73
 328 00a4 0894     		str	r4, [sp, #32]
 948:Core/Src/main.c ****   HAL_GPIO_Init(GPIOC, &GPIO_InitStruct);
 329              		.loc 1 948 3 is_stmt 1 view .LVU74
 330 00a6 2946     		mov	r1, r5
 331 00a8 4046     		mov	r0, r8
 332 00aa FFF7FEFF 		bl	HAL_GPIO_Init
 333              	.LVL19:
 949:Core/Src/main.c **** 
 950:Core/Src/main.c ****   /*Configure GPIO pins : PB2 PB12 */
 951:Core/Src/main.c ****   GPIO_InitStruct.Pin = GPIO_PIN_2 | GPIO_PIN_12;
 334              		.loc 1 951 3 view .LVU75
 335              		.loc 1 951 23 is_stmt 0 view .LVU76
 336 00ae 41F20403 		movw	r3, #4100
 337 00b2 0593     		str	r3, [sp, #20]
 952:Core/Src/main.c ****   GPIO_InitStruct.Mode = GPIO_MODE_OUTPUT_PP;
 338              		.loc 1 952 3 is_stmt 1 view .LVU77
 339              		.loc 1 952 24 is_stmt 0 view .LVU78
 340 00b4 0697     		str	r7, [sp, #24]
 953:Core/Src/main.c ****   GPIO_InitStruct.Pull = GPIO_NOPULL;
 341              		.loc 1 953 3 is_stmt 1 view .LVU79
 342              		.loc 1 953 24 is_stmt 0 view .LVU80
 343 00b6 0794     		str	r4, [sp, #28]
 954:Core/Src/main.c ****   GPIO_InitStruct.Speed = GPIO_SPEED_FREQ_LOW;
 344              		.loc 1 954 3 is_stmt 1 view .LVU81
 345              		.loc 1 954 25 is_stmt 0 view .LVU82
 346 00b8 0894     		str	r4, [sp, #32]
 955:Core/Src/main.c ****   HAL_GPIO_Init(GPIOB, &GPIO_InitStruct);
ARM GAS  C:\Users\ACER\AppData\Local\Temp\ccJnZfJG.s 			page 24


 347              		.loc 1 955 3 is_stmt 1 view .LVU83
 348 00ba 2946     		mov	r1, r5
 349 00bc 3046     		mov	r0, r6
 350 00be FFF7FEFF 		bl	HAL_GPIO_Init
 351              	.LVL20:
 956:Core/Src/main.c **** 
 957:Core/Src/main.c ****   /*Configure GPIO pin : PA15 */
 958:Core/Src/main.c ****   GPIO_InitStruct.Pin = GPIO_PIN_15;
 352              		.loc 1 958 3 view .LVU84
 353              		.loc 1 958 23 is_stmt 0 view .LVU85
 354 00c2 4FF40043 		mov	r3, #32768
 355 00c6 0593     		str	r3, [sp, #20]
 959:Core/Src/main.c ****   GPIO_InitStruct.Mode = GPIO_MODE_INPUT;
 356              		.loc 1 959 3 is_stmt 1 view .LVU86
 357              		.loc 1 959 24 is_stmt 0 view .LVU87
 358 00c8 0694     		str	r4, [sp, #24]
 960:Core/Src/main.c ****   GPIO_InitStruct.Pull = GPIO_NOPULL;
 359              		.loc 1 960 3 is_stmt 1 view .LVU88
 360              		.loc 1 960 24 is_stmt 0 view .LVU89
 361 00ca 0794     		str	r4, [sp, #28]
 961:Core/Src/main.c ****   HAL_GPIO_Init(GPIOA, &GPIO_InitStruct);
 362              		.loc 1 961 3 is_stmt 1 view .LVU90
 363 00cc 2946     		mov	r1, r5
 364 00ce 0D48     		ldr	r0, .L11+8
 365 00d0 FFF7FEFF 		bl	HAL_GPIO_Init
 366              	.LVL21:
 962:Core/Src/main.c **** 
 963:Core/Src/main.c ****   /*Configure GPIO pin : PD2 */
 964:Core/Src/main.c ****   GPIO_InitStruct.Pin = GPIO_PIN_2;
 367              		.loc 1 964 3 view .LVU91
 368              		.loc 1 964 23 is_stmt 0 view .LVU92
 369 00d4 0423     		movs	r3, #4
 370 00d6 0593     		str	r3, [sp, #20]
 965:Core/Src/main.c ****   GPIO_InitStruct.Mode = GPIO_MODE_INPUT;
 371              		.loc 1 965 3 is_stmt 1 view .LVU93
 372              		.loc 1 965 24 is_stmt 0 view .LVU94
 373 00d8 0694     		str	r4, [sp, #24]
 966:Core/Src/main.c ****   GPIO_InitStruct.Pull = GPIO_PULLUP;
 374              		.loc 1 966 3 is_stmt 1 view .LVU95
 375              		.loc 1 966 24 is_stmt 0 view .LVU96
 376 00da 0797     		str	r7, [sp, #28]
 967:Core/Src/main.c ****   HAL_GPIO_Init(GPIOD, &GPIO_InitStruct);
 377              		.loc 1 967 3 is_stmt 1 view .LVU97
 378 00dc 2946     		mov	r1, r5
 379 00de 0A48     		ldr	r0, .L11+12
 380 00e0 FFF7FEFF 		bl	HAL_GPIO_Init
 381              	.LVL22:
 968:Core/Src/main.c **** 
 969:Core/Src/main.c ****   /*Configure GPIO pins : PB4 PB5 */
 970:Core/Src/main.c ****   GPIO_InitStruct.Pin = GPIO_PIN_4 | GPIO_PIN_5;
 382              		.loc 1 970 3 view .LVU98
 383              		.loc 1 970 23 is_stmt 0 view .LVU99
 384 00e4 3023     		movs	r3, #48
 385 00e6 0593     		str	r3, [sp, #20]
 971:Core/Src/main.c ****   GPIO_InitStruct.Mode = GPIO_MODE_INPUT;
 386              		.loc 1 971 3 is_stmt 1 view .LVU100
 387              		.loc 1 971 24 is_stmt 0 view .LVU101
ARM GAS  C:\Users\ACER\AppData\Local\Temp\ccJnZfJG.s 			page 25


 388 00e8 0694     		str	r4, [sp, #24]
 972:Core/Src/main.c ****   GPIO_InitStruct.Pull = GPIO_NOPULL;
 389              		.loc 1 972 3 is_stmt 1 view .LVU102
 390              		.loc 1 972 24 is_stmt 0 view .LVU103
 391 00ea 0794     		str	r4, [sp, #28]
 973:Core/Src/main.c ****   HAL_GPIO_Init(GPIOB, &GPIO_InitStruct);
 392              		.loc 1 973 3 is_stmt 1 view .LVU104
 393 00ec 2946     		mov	r1, r5
 394 00ee 3046     		mov	r0, r6
 395 00f0 FFF7FEFF 		bl	HAL_GPIO_Init
 396              	.LVL23:
 974:Core/Src/main.c **** 
 975:Core/Src/main.c ****   /* USER CODE BEGIN MX_GPIO_Init_2 */
 976:Core/Src/main.c **** 
 977:Core/Src/main.c ****   /* USER CODE END MX_GPIO_Init_2 */
 978:Core/Src/main.c **** }
 397              		.loc 1 978 1 is_stmt 0 view .LVU105
 398 00f4 0AB0     		add	sp, sp, #40
 399              	.LCFI8:
 400              		.cfi_def_cfa_offset 24
 401              		@ sp needed
 402 00f6 BDE8F081 		pop	{r4, r5, r6, r7, r8, pc}
 403              	.L12:
 404 00fa 00BF     		.align	2
 405              	.L11:
 406 00fc 00380240 		.word	1073887232
 407 0100 00040240 		.word	1073873920
 408 0104 00000240 		.word	1073872896
 409 0108 000C0240 		.word	1073875968
 410 010c 00080240 		.word	1073874944
 411              		.cfi_endproc
 412              	.LFE161:
 414              		.section	.text.MX_DMA_Init,"ax",%progbits
 415              		.align	1
 416              		.syntax unified
 417              		.thumb
 418              		.thumb_func
 420              	MX_DMA_Init:
 421              	.LFB160:
 904:Core/Src/main.c **** 
 422              		.loc 1 904 1 is_stmt 1 view -0
 423              		.cfi_startproc
 424              		@ args = 0, pretend = 0, frame = 8
 425              		@ frame_needed = 0, uses_anonymous_args = 0
 426 0000 10B5     		push	{r4, lr}
 427              	.LCFI9:
 428              		.cfi_def_cfa_offset 8
 429              		.cfi_offset 4, -8
 430              		.cfi_offset 14, -4
 431 0002 82B0     		sub	sp, sp, #8
 432              	.LCFI10:
 433              		.cfi_def_cfa_offset 16
 907:Core/Src/main.c **** 
 434              		.loc 1 907 3 view .LVU107
 435              	.LBB9:
 907:Core/Src/main.c **** 
 436              		.loc 1 907 3 view .LVU108
ARM GAS  C:\Users\ACER\AppData\Local\Temp\ccJnZfJG.s 			page 26


 437 0004 0024     		movs	r4, #0
 438 0006 0194     		str	r4, [sp, #4]
 907:Core/Src/main.c **** 
 439              		.loc 1 907 3 view .LVU109
 440 0008 0D4B     		ldr	r3, .L15
 441 000a 1A6B     		ldr	r2, [r3, #48]
 442 000c 42F40012 		orr	r2, r2, #2097152
 443 0010 1A63     		str	r2, [r3, #48]
 907:Core/Src/main.c **** 
 444              		.loc 1 907 3 view .LVU110
 445 0012 1B6B     		ldr	r3, [r3, #48]
 446 0014 03F40013 		and	r3, r3, #2097152
 447 0018 0193     		str	r3, [sp, #4]
 907:Core/Src/main.c **** 
 448              		.loc 1 907 3 view .LVU111
 449 001a 019B     		ldr	r3, [sp, #4]
 450              	.LBE9:
 907:Core/Src/main.c **** 
 451              		.loc 1 907 3 view .LVU112
 911:Core/Src/main.c ****   HAL_NVIC_EnableIRQ(DMA1_Stream0_IRQn);
 452              		.loc 1 911 3 view .LVU113
 453 001c 2246     		mov	r2, r4
 454 001e 2146     		mov	r1, r4
 455 0020 0B20     		movs	r0, #11
 456 0022 FFF7FEFF 		bl	HAL_NVIC_SetPriority
 457              	.LVL24:
 912:Core/Src/main.c ****   /* DMA1_Stream5_IRQn interrupt configuration */
 458              		.loc 1 912 3 view .LVU114
 459 0026 0B20     		movs	r0, #11
 460 0028 FFF7FEFF 		bl	HAL_NVIC_EnableIRQ
 461              	.LVL25:
 914:Core/Src/main.c ****   HAL_NVIC_EnableIRQ(DMA1_Stream5_IRQn);
 462              		.loc 1 914 3 view .LVU115
 463 002c 2246     		mov	r2, r4
 464 002e 2146     		mov	r1, r4
 465 0030 1020     		movs	r0, #16
 466 0032 FFF7FEFF 		bl	HAL_NVIC_SetPriority
 467              	.LVL26:
 915:Core/Src/main.c **** }
 468              		.loc 1 915 3 view .LVU116
 469 0036 1020     		movs	r0, #16
 470 0038 FFF7FEFF 		bl	HAL_NVIC_EnableIRQ
 471              	.LVL27:
 916:Core/Src/main.c **** 
 472              		.loc 1 916 1 is_stmt 0 view .LVU117
 473 003c 02B0     		add	sp, sp, #8
 474              	.LCFI11:
 475              		.cfi_def_cfa_offset 8
 476              		@ sp needed
 477 003e 10BD     		pop	{r4, pc}
 478              	.L16:
 479              		.align	2
 480              	.L15:
 481 0040 00380240 		.word	1073887232
 482              		.cfi_endproc
 483              	.LFE160:
 485              		.section	.text.HAL_SPI_TxRxCpltCallback,"ax",%progbits
ARM GAS  C:\Users\ACER\AppData\Local\Temp\ccJnZfJG.s 			page 27


 486              		.align	1
 487              		.global	HAL_SPI_TxRxCpltCallback
 488              		.syntax unified
 489              		.thumb
 490              		.thumb_func
 492              	HAL_SPI_TxRxCpltCallback:
 493              	.LVL28:
 494              	.LFB139:
 148:Core/Src/main.c ****   /* Prevent unused argument(s) compilation warning */
 495              		.loc 1 148 1 is_stmt 1 view -0
 496              		.cfi_startproc
 497              		@ args = 0, pretend = 0, frame = 0
 498              		@ frame_needed = 0, uses_anonymous_args = 0
 148:Core/Src/main.c ****   /* Prevent unused argument(s) compilation warning */
 499              		.loc 1 148 1 is_stmt 0 view .LVU119
 500 0000 08B5     		push	{r3, lr}
 501              	.LCFI12:
 502              		.cfi_def_cfa_offset 8
 503              		.cfi_offset 3, -8
 504              		.cfi_offset 14, -4
 150:Core/Src/main.c ****   if (hspi == &hspi3)
 505              		.loc 1 150 3 is_stmt 1 view .LVU120
 151:Core/Src/main.c ****   {
 506              		.loc 1 151 3 view .LVU121
 151:Core/Src/main.c ****   {
 507              		.loc 1 151 6 is_stmt 0 view .LVU122
 508 0002 044B     		ldr	r3, .L21
 509 0004 9842     		cmp	r0, r3
 510 0006 00D0     		beq	.L20
 511              	.LVL29:
 512              	.L17:
 155:Core/Src/main.c **** /* USER CODE END PFP */
 513              		.loc 1 155 1 view .LVU123
 514 0008 08BD     		pop	{r3, pc}
 515              	.LVL30:
 516              	.L20:
 153:Core/Src/main.c ****   }
 517              		.loc 1 153 5 is_stmt 1 view .LVU124
 518 000a 0348     		ldr	r0, .L21+4
 519              	.LVL31:
 153:Core/Src/main.c ****   }
 520              		.loc 1 153 5 is_stmt 0 view .LVU125
 521 000c FFF7FEFF 		bl	DRV8301_TxRxCpltCallback
 522              	.LVL32:
 155:Core/Src/main.c **** /* USER CODE END PFP */
 523              		.loc 1 155 1 view .LVU126
 524 0010 FAE7     		b	.L17
 525              	.L22:
 526 0012 00BF     		.align	2
 527              	.L21:
 528 0014 00000000 		.word	hspi3
 529 0018 00000000 		.word	hdrv8301
 530              		.cfi_endproc
 531              	.LFE139:
 533              		.section	.rodata.CDC_Log.str1.4,"aMS",%progbits,1
 534              		.align	2
 535              	.LC0:
ARM GAS  C:\Users\ACER\AppData\Local\Temp\ccJnZfJG.s 			page 28


 536 0000 4C4F472C 		.ascii	"LOG, \000"
 536      2000
 537 0006 0000     		.align	2
 538              	.LC1:
 539 0008 0D0A00   		.ascii	"\015\012\000"
 540              		.section	.text.CDC_Log,"ax",%progbits
 541              		.align	1
 542              		.global	CDC_Log
 543              		.syntax unified
 544              		.thumb
 545              		.thumb_func
 547              	CDC_Log:
 548              	.LVL33:
 549              	.LFB141:
 208:Core/Src/main.c ****   static char buf[CDC_LOG_BUF_SIZE];
 550              		.loc 1 208 1 is_stmt 1 view -0
 551              		.cfi_startproc
 552              		@ args = 4, pretend = 16, frame = 8
 553              		@ frame_needed = 0, uses_anonymous_args = 1
 208:Core/Src/main.c ****   static char buf[CDC_LOG_BUF_SIZE];
 554              		.loc 1 208 1 is_stmt 0 view .LVU128
 555 0000 0FB4     		push	{r0, r1, r2, r3}
 556              	.LCFI13:
 557              		.cfi_def_cfa_offset 16
 558              		.cfi_offset 0, -16
 559              		.cfi_offset 1, -12
 560              		.cfi_offset 2, -8
 561              		.cfi_offset 3, -4
 562 0002 30B5     		push	{r4, r5, lr}
 563              	.LCFI14:
 564              		.cfi_def_cfa_offset 28
 565              		.cfi_offset 4, -28
 566              		.cfi_offset 5, -24
 567              		.cfi_offset 14, -20
 568 0004 83B0     		sub	sp, sp, #12
 569              	.LCFI15:
 570              		.cfi_def_cfa_offset 40
 571 0006 06AB     		add	r3, sp, #24
 572 0008 53F8042B 		ldr	r2, [r3], #4
 209:Core/Src/main.c ****   int len = 0;
 573              		.loc 1 209 3 is_stmt 1 view .LVU129
 210:Core/Src/main.c **** 
 574              		.loc 1 210 3 view .LVU130
 575              	.LVL34:
 213:Core/Src/main.c **** 
 576              		.loc 1 213 3 view .LVU131
 213:Core/Src/main.c **** 
 577              		.loc 1 213 10 is_stmt 0 view .LVU132
 578 000c 0E4D     		ldr	r5, .L27
 579 000e 0F49     		ldr	r1, .L27+4
 580 0010 03C9     		ldm	r1, {r0, r1}
 581 0012 2860     		str	r0, [r5]
 582 0014 A980     		strh	r1, [r5, #4]	@ movhi
 583              	.LVL35:
 216:Core/Src/main.c ****   va_start(args, fmt);
 584              		.loc 1 216 3 is_stmt 1 view .LVU133
 217:Core/Src/main.c ****   len += vsnprintf(buf + len, CDC_LOG_BUF_SIZE - len, fmt, args);
ARM GAS  C:\Users\ACER\AppData\Local\Temp\ccJnZfJG.s 			page 29


 585              		.loc 1 217 3 view .LVU134
 586 0016 0193     		str	r3, [sp, #4]
 218:Core/Src/main.c ****   va_end(args);
 587              		.loc 1 218 3 view .LVU135
 218:Core/Src/main.c ****   va_end(args);
 588              		.loc 1 218 10 is_stmt 0 view .LVU136
 589 0018 FB21     		movs	r1, #251
 590 001a 681D     		adds	r0, r5, #5
 591 001c FFF7FEFF 		bl	vsnprintf
 592              	.LVL36:
 218:Core/Src/main.c ****   va_end(args);
 593              		.loc 1 218 7 discriminator 1 view .LVU137
 594 0020 441D     		adds	r4, r0, #5
 595              	.LVL37:
 219:Core/Src/main.c **** 
 596              		.loc 1 219 3 is_stmt 1 view .LVU138
 222:Core/Src/main.c **** 
 597              		.loc 1 222 3 view .LVU139
 222:Core/Src/main.c **** 
 598              		.loc 1 222 10 is_stmt 0 view .LVU140
 599 0022 0B4A     		ldr	r2, .L27+8
 600 0024 C0F1FB01 		rsb	r1, r0, #251
 601 0028 2819     		adds	r0, r5, r4
 602 002a FFF7FEFF 		bl	snprintf
 603              	.LVL38:
 222:Core/Src/main.c **** 
 604              		.loc 1 222 7 discriminator 1 view .LVU141
 605 002e 0444     		add	r4, r4, r0
 606              	.LVL39:
 225:Core/Src/main.c ****   {
 607              		.loc 1 225 3 is_stmt 1 view .LVU142
 225:Core/Src/main.c ****   {
 608              		.loc 1 225 6 is_stmt 0 view .LVU143
 609 0030 002C     		cmp	r4, #0
 610 0032 04DC     		bgt	.L26
 611              	.L23:
 229:Core/Src/main.c **** void Motor_Hall_SVPWM_Run(void)
 612              		.loc 1 229 1 view .LVU144
 613 0034 03B0     		add	sp, sp, #12
 614              	.LCFI16:
 615              		.cfi_remember_state
 616              		.cfi_def_cfa_offset 28
 617              		@ sp needed
 618 0036 BDE83040 		pop	{r4, r5, lr}
 619              	.LCFI17:
 620              		.cfi_restore 14
 621              		.cfi_restore 5
 622              		.cfi_restore 4
 623              		.cfi_def_cfa_offset 16
 624              	.LVL40:
 229:Core/Src/main.c **** void Motor_Hall_SVPWM_Run(void)
 625              		.loc 1 229 1 view .LVU145
 626 003a 04B0     		add	sp, sp, #16
 627              	.LCFI18:
 628              		.cfi_restore 3
 629              		.cfi_restore 2
 630              		.cfi_restore 1
ARM GAS  C:\Users\ACER\AppData\Local\Temp\ccJnZfJG.s 			page 30


 631              		.cfi_restore 0
 632              		.cfi_def_cfa_offset 0
 633 003c 7047     		bx	lr
 634              	.LVL41:
 635              	.L26:
 636              	.LCFI19:
 637              		.cfi_restore_state
 227:Core/Src/main.c ****   }
 638              		.loc 1 227 5 is_stmt 1 view .LVU146
 639 003e A1B2     		uxth	r1, r4
 640 0040 2846     		mov	r0, r5
 641 0042 FFF7FEFF 		bl	CDC_Transmit_FS
 642              	.LVL42:
 229:Core/Src/main.c **** void Motor_Hall_SVPWM_Run(void)
 643              		.loc 1 229 1 is_stmt 0 view .LVU147
 644 0046 F5E7     		b	.L23
 645              	.L28:
 646              		.align	2
 647              	.L27:
 648 0048 00000000 		.word	buf.0
 649 004c 00000000 		.word	.LC0
 650 0050 08000000 		.word	.LC1
 651              		.cfi_endproc
 652              	.LFE141:
 654              		.section	.rodata.Motor_Hall_SVPWM_Run.str1.4,"aMS",%progbits,1
 655              		.align	2
 656              	.LC2:
 657 0000 613D252E 		.ascii	"a=%.2f, b=%.2f,c=%.2f\000"
 657      32662C20 
 657      623D252E 
 657      32662C63 
 657      3D252E32 
 658              		.section	.text.Motor_Hall_SVPWM_Run,"ax",%progbits
 659              		.align	1
 660              		.global	Motor_Hall_SVPWM_Run
 661              		.syntax unified
 662              		.thumb
 663              		.thumb_func
 665              	Motor_Hall_SVPWM_Run:
 666              	.LFB142:
 231:Core/Src/main.c ****   hall = Hall_ReadABC();
 667              		.loc 1 231 1 is_stmt 1 view -0
 668              		.cfi_startproc
 669              		@ args = 0, pretend = 0, frame = 16
 670              		@ frame_needed = 0, uses_anonymous_args = 0
 671 0000 30B5     		push	{r4, r5, lr}
 672              	.LCFI20:
 673              		.cfi_def_cfa_offset 12
 674              		.cfi_offset 4, -12
 675              		.cfi_offset 5, -8
 676              		.cfi_offset 14, -4
 677 0002 2DED048B 		vpush.64	{d8, d9}
 678              	.LCFI21:
 679              		.cfi_def_cfa_offset 28
 680              		.cfi_offset 80, -28
 681              		.cfi_offset 81, -24
 682              		.cfi_offset 82, -20
ARM GAS  C:\Users\ACER\AppData\Local\Temp\ccJnZfJG.s 			page 31


 683              		.cfi_offset 83, -16
 684 0006 89B0     		sub	sp, sp, #36
 685              	.LCFI22:
 686              		.cfi_def_cfa_offset 64
 232:Core/Src/main.c ****   int8_t sector = hall_to_sector[hall];
 687              		.loc 1 232 3 view .LVU149
 232:Core/Src/main.c ****   int8_t sector = hall_to_sector[hall];
 688              		.loc 1 232 10 is_stmt 0 view .LVU150
 689 0008 FFF7FEFF 		bl	Hall_ReadABC
 690              	.LVL43:
 232:Core/Src/main.c ****   int8_t sector = hall_to_sector[hall];
 691              		.loc 1 232 8 discriminator 1 view .LVU151
 692 000c 3C4B     		ldr	r3, .L37
 693 000e 1870     		strb	r0, [r3]
 233:Core/Src/main.c **** 
 694              		.loc 1 233 3 is_stmt 1 view .LVU152
 233:Core/Src/main.c **** 
 695              		.loc 1 233 10 is_stmt 0 view .LVU153
 696 0010 3C4B     		ldr	r3, .L37+4
 697 0012 1A56     		ldrsb	r2, [r3, r0]
 698              	.LVL44:
 235:Core/Src/main.c ****   {
 699              		.loc 1 235 3 is_stmt 1 view .LVU154
 235:Core/Src/main.c ****   {
 700              		.loc 1 235 6 is_stmt 0 view .LVU155
 701 0014 002A     		cmp	r2, #0
 702 0016 6CDB     		blt	.L36
 245:Core/Src/main.c ****   /* wrap về 0..2π */
 703              		.loc 1 245 3 is_stmt 1 view .LVU156
 245:Core/Src/main.c ****   /* wrap về 0..2π */
 704              		.loc 1 245 23 is_stmt 0 view .LVU157
 705 0018 3B4B     		ldr	r3, .L37+8
 706 001a 03EB8203 		add	r3, r3, r2, lsl #2
 707 001e D3ED007A 		vldr.32	s15, [r3]
 245:Core/Src/main.c ****   /* wrap về 0..2π */
 708              		.loc 1 245 9 view .LVU158
 709 0022 3A4B     		ldr	r3, .L37+12
 710 0024 C3ED007A 		vstr.32	s15, [r3]
 247:Core/Src/main.c ****     angle -= 2.0f * M_PI;
 711              		.loc 1 247 3 is_stmt 1 view .LVU159
 247:Core/Src/main.c ****     angle -= 2.0f * M_PI;
 712              		.loc 1 247 6 is_stmt 0 view .LVU160
 713 0028 9FED397A 		vldr.32	s14, .L37+16
 714 002c F4EEC77A 		vcmpe.f32	s15, s14
 715 0030 F1EE10FA 		vmrs	APSR_nzcv, FPSCR
 716 0034 03DB     		blt	.L32
 248:Core/Src/main.c ****   /* Vector điện áp */
 717              		.loc 1 248 5 is_stmt 1 view .LVU161
 248:Core/Src/main.c ****   /* Vector điện áp */
 718              		.loc 1 248 11 is_stmt 0 view .LVU162
 719 0036 77EEC77A 		vsub.f32	s15, s15, s14
 720 003a C3ED007A 		vstr.32	s15, [r3]
 721              	.L32:
 250:Core/Src/main.c ****   float Ubeta = hall_voltage * sinf(angle);
 722              		.loc 1 250 3 is_stmt 1 view .LVU163
 250:Core/Src/main.c ****   float Ubeta = hall_voltage * sinf(angle);
 723              		.loc 1 250 33 is_stmt 0 view .LVU164
ARM GAS  C:\Users\ACER\AppData\Local\Temp\ccJnZfJG.s 			page 32


 724 003e 334B     		ldr	r3, .L37+12
 725 0040 D3ED008A 		vldr.32	s17, [r3]
 726 0044 B0EE680A 		vmov.f32	s0, s17
 727 0048 FFF7FEFF 		bl	cosf
 728              	.LVL45:
 250:Core/Src/main.c ****   float Ubeta = hall_voltage * sinf(angle);
 729              		.loc 1 250 31 discriminator 1 view .LVU165
 730 004c 314B     		ldr	r3, .L37+20
 731 004e 93ED008A 		vldr.32	s16, [r3]
 250:Core/Src/main.c ****   float Ubeta = hall_voltage * sinf(angle);
 732              		.loc 1 250 9 discriminator 1 view .LVU166
 733 0052 20EE089A 		vmul.f32	s18, s0, s16
 734              	.LVL46:
 251:Core/Src/main.c **** 
 735              		.loc 1 251 3 is_stmt 1 view .LVU167
 251:Core/Src/main.c **** 
 736              		.loc 1 251 32 is_stmt 0 view .LVU168
 737 0056 B0EE680A 		vmov.f32	s0, s17
 738 005a FFF7FEFF 		bl	sinf
 739              	.LVL47:
 254:Core/Src/main.c ****   SVPWM_Compute(&hsvpwm, Ualpha, Ubeta, &dutyA, &dutyB, &dutyC);
 740              		.loc 1 254 3 is_stmt 1 view .LVU169
 255:Core/Src/main.c **** 
 741              		.loc 1 255 3 view .LVU170
 742 005e 05AB     		add	r3, sp, #20
 743 0060 06AA     		add	r2, sp, #24
 744 0062 07A9     		add	r1, sp, #28
 745 0064 68EE000A 		vmul.f32	s1, s16, s0
 746              	.LVL48:
 255:Core/Src/main.c **** 
 747              		.loc 1 255 3 is_stmt 0 view .LVU171
 748 0068 B0EE490A 		vmov.f32	s0, s18
 749 006c 2A48     		ldr	r0, .L37+24
 750 006e FFF7FEFF 		bl	SVPWM_Compute
 751              	.LVL49:
 258:Core/Src/main.c ****   __HAL_TIM_SET_COMPARE(&htim1, TIM_CHANNEL_2, dutyB * hsvpwm.pwm_period);
 752              		.loc 1 258 3 is_stmt 1 view .LVU172
 753 0072 294B     		ldr	r3, .L37+24
 754 0074 D3ED017A 		vldr.32	s15, [r3, #4]
 755 0078 DDED076A 		vldr.32	s13, [sp, #28]
 756 007c 27EEA67A 		vmul.f32	s14, s15, s13
 757 0080 264B     		ldr	r3, .L37+28
 758 0082 1B68     		ldr	r3, [r3]
 759 0084 BCEEC77A 		vcvt.u32.f32	s14, s14
 760 0088 83ED0D7A 		vstr.32	s14, [r3, #52]	@ int
 259:Core/Src/main.c ****   __HAL_TIM_SET_COMPARE(&htim1, TIM_CHANNEL_3, dutyC * hsvpwm.pwm_period);
 761              		.loc 1 259 3 view .LVU173
 762 008c 9DED066A 		vldr.32	s12, [sp, #24]
 763 0090 27EE867A 		vmul.f32	s14, s15, s12
 764 0094 BCEEC77A 		vcvt.u32.f32	s14, s14
 765 0098 83ED0E7A 		vstr.32	s14, [r3, #56]	@ int
 260:Core/Src/main.c ****   CDC_Log("a=%.2f, b=%.2f,c=%.2f", dutyA / 3.0f, dutyB / 3.0f, dutyC / 3.0f);
 766              		.loc 1 260 3 view .LVU174
 767 009c 9DED057A 		vldr.32	s14, [sp, #20]
 768 00a0 67EE877A 		vmul.f32	s15, s15, s14
 769 00a4 FCEEE77A 		vcvt.u32.f32	s15, s15
 770 00a8 C3ED0F7A 		vstr.32	s15, [r3, #60]	@ int
ARM GAS  C:\Users\ACER\AppData\Local\Temp\ccJnZfJG.s 			page 33


 261:Core/Src/main.c **** }
 771              		.loc 1 261 3 view .LVU175
 261:Core/Src/main.c **** }
 772              		.loc 1 261 42 is_stmt 0 view .LVU176
 773 00ac F0EE087A 		vmov.f32	s15, #3.0e+0
 261:Core/Src/main.c **** }
 774              		.loc 1 261 56 view .LVU177
 775 00b0 86EE278A 		vdiv.f32	s16, s12, s15
 261:Core/Src/main.c **** }
 776              		.loc 1 261 70 view .LVU178
 777 00b4 C7EE278A 		vdiv.f32	s17, s14, s15
 261:Core/Src/main.c **** }
 778              		.loc 1 261 3 view .LVU179
 779 00b8 C6EEA77A 		vdiv.f32	s15, s13, s15
 780 00bc 17EE900A 		vmov	r0, s15
 781 00c0 FFF7FEFF 		bl	__aeabi_f2d
 782              	.LVL50:
 783 00c4 0446     		mov	r4, r0
 784 00c6 0D46     		mov	r5, r1
 785 00c8 18EE900A 		vmov	r0, s17
 786 00cc FFF7FEFF 		bl	__aeabi_f2d
 787              	.LVL51:
 788 00d0 CDE90201 		strd	r0, [sp, #8]
 789 00d4 18EE100A 		vmov	r0, s16
 790 00d8 FFF7FEFF 		bl	__aeabi_f2d
 791              	.LVL52:
 792 00dc CDE90001 		strd	r0, [sp]
 793 00e0 2246     		mov	r2, r4
 794 00e2 2B46     		mov	r3, r5
 795 00e4 0E48     		ldr	r0, .L37+32
 796 00e6 FFF7FEFF 		bl	CDC_Log
 797              	.LVL53:
 798              	.L29:
 262:Core/Src/main.c **** 
 799              		.loc 1 262 1 view .LVU180
 800 00ea 09B0     		add	sp, sp, #36
 801              	.LCFI23:
 802              		.cfi_remember_state
 803              		.cfi_def_cfa_offset 28
 804              		@ sp needed
 805 00ec BDEC048B 		vldm	sp!, {d8-d9}
 806              	.LCFI24:
 807              		.cfi_restore 82
 808              		.cfi_restore 83
 809              		.cfi_restore 80
 810              		.cfi_restore 81
 811              		.cfi_def_cfa_offset 12
 812 00f0 30BD     		pop	{r4, r5, pc}
 813              	.LVL54:
 814              	.L36:
 815              	.LCFI25:
 816              		.cfi_restore_state
 238:Core/Src/main.c ****     __HAL_TIM_SET_COMPARE(&htim1, TIM_CHANNEL_2, 0);
 817              		.loc 1 238 5 is_stmt 1 view .LVU181
 818 00f2 0A4B     		ldr	r3, .L37+28
 819 00f4 1B68     		ldr	r3, [r3]
 820 00f6 0022     		movs	r2, #0
ARM GAS  C:\Users\ACER\AppData\Local\Temp\ccJnZfJG.s 			page 34


 821              	.LVL55:
 238:Core/Src/main.c ****     __HAL_TIM_SET_COMPARE(&htim1, TIM_CHANNEL_2, 0);
 822              		.loc 1 238 5 is_stmt 0 view .LVU182
 823 00f8 5A63     		str	r2, [r3, #52]
 239:Core/Src/main.c ****     __HAL_TIM_SET_COMPARE(&htim1, TIM_CHANNEL_3, 0);
 824              		.loc 1 239 5 is_stmt 1 view .LVU183
 825 00fa 9A63     		str	r2, [r3, #56]
 240:Core/Src/main.c ****     return;
 826              		.loc 1 240 5 view .LVU184
 827 00fc DA63     		str	r2, [r3, #60]
 241:Core/Src/main.c ****   }
 828              		.loc 1 241 5 view .LVU185
 829 00fe F4E7     		b	.L29
 830              	.L38:
 831              		.align	2
 832              	.L37:
 833 0100 00000000 		.word	hall
 834 0104 00000000 		.word	hall_to_sector
 835 0108 00000000 		.word	sector_angle
 836 010c 00000000 		.word	angle
 837 0110 DB0FC940 		.word	1086918619
 838 0114 00000000 		.word	hall_voltage
 839 0118 00000000 		.word	hsvpwm
 840 011c 00000000 		.word	htim1
 841 0120 00000000 		.word	.LC2
 842              		.cfi_endproc
 843              	.LFE142:
 845              		.section	.text.Motor_OpenLoop_SVPWM_Run,"ax",%progbits
 846              		.align	1
 847              		.global	Motor_OpenLoop_SVPWM_Run
 848              		.syntax unified
 849              		.thumb
 850              		.thumb_func
 852              	Motor_OpenLoop_SVPWM_Run:
 853              	.LFB143:
 265:Core/Src/main.c ****   uint32_t now = HAL_GetTick();
 854              		.loc 1 265 1 view -0
 855              		.cfi_startproc
 856              		@ args = 0, pretend = 0, frame = 16
 857              		@ frame_needed = 0, uses_anonymous_args = 0
 858 0000 30B5     		push	{r4, r5, lr}
 859              	.LCFI26:
 860              		.cfi_def_cfa_offset 12
 861              		.cfi_offset 4, -12
 862              		.cfi_offset 5, -8
 863              		.cfi_offset 14, -4
 864 0002 2DED048B 		vpush.64	{d8, d9}
 865              	.LCFI27:
 866              		.cfi_def_cfa_offset 28
 867              		.cfi_offset 80, -28
 868              		.cfi_offset 81, -24
 869              		.cfi_offset 82, -20
 870              		.cfi_offset 83, -16
 871 0006 89B0     		sub	sp, sp, #36
 872              	.LCFI28:
 873              		.cfi_def_cfa_offset 64
 266:Core/Src/main.c ****   float dt = (now - last_tick) * 0.001f; // ms → s
ARM GAS  C:\Users\ACER\AppData\Local\Temp\ccJnZfJG.s 			page 35


 874              		.loc 1 266 3 view .LVU187
 266:Core/Src/main.c ****   float dt = (now - last_tick) * 0.001f; // ms → s
 875              		.loc 1 266 18 is_stmt 0 view .LVU188
 876 0008 FFF7FEFF 		bl	HAL_GetTick
 877              	.LVL56:
 267:Core/Src/main.c ****   last_tick = now;
 878              		.loc 1 267 3 is_stmt 1 view .LVU189
 267:Core/Src/main.c ****   last_tick = now;
 879              		.loc 1 267 19 is_stmt 0 view .LVU190
 880 000c 3D4A     		ldr	r2, .L44
 881 000e 1368     		ldr	r3, [r2]
 882 0010 C31A     		subs	r3, r0, r3
 883 0012 07EE903A 		vmov	s15, r3	@ int
 267:Core/Src/main.c ****   last_tick = now;
 884              		.loc 1 267 32 view .LVU191
 885 0016 F8EE677A 		vcvt.f32.u32	s15, s15
 267:Core/Src/main.c ****   last_tick = now;
 886              		.loc 1 267 9 view .LVU192
 887 001a 9FED3B7A 		vldr.32	s14, .L44+4
 888 001e 67EE877A 		vmul.f32	s15, s15, s14
 889              	.LVL57:
 268:Core/Src/main.c **** 
 890              		.loc 1 268 3 is_stmt 1 view .LVU193
 268:Core/Src/main.c **** 
 891              		.loc 1 268 13 is_stmt 0 view .LVU194
 892 0022 1060     		str	r0, [r2]
 271:Core/Src/main.c ****   if (elec_angle > TWO_PI)
 893              		.loc 1 271 3 is_stmt 1 view .LVU195
 271:Core/Src/main.c ****   if (elec_angle > TWO_PI)
 894              		.loc 1 271 32 is_stmt 0 view .LVU196
 895 0024 B2EE047A 		vmov.f32	s14, #1.0e+1
 896 0028 67EE877A 		vmul.f32	s15, s15, s14
 897              	.LVL58:
 271:Core/Src/main.c ****   if (elec_angle > TWO_PI)
 898              		.loc 1 271 14 view .LVU197
 899 002c 374B     		ldr	r3, .L44+8
 900              	.LVL59:
 271:Core/Src/main.c ****   if (elec_angle > TWO_PI)
 901              		.loc 1 271 14 view .LVU198
 902 002e 93ED007A 		vldr.32	s14, [r3]
 903 0032 77EE877A 		vadd.f32	s15, s15, s14
 904 0036 C3ED007A 		vstr.32	s15, [r3]
 272:Core/Src/main.c ****     elec_angle -= TWO_PI;
 905              		.loc 1 272 3 is_stmt 1 view .LVU199
 272:Core/Src/main.c ****     elec_angle -= TWO_PI;
 906              		.loc 1 272 6 is_stmt 0 view .LVU200
 907 003a 9FED357A 		vldr.32	s14, .L44+12
 908 003e F4EEC77A 		vcmpe.f32	s15, s14
 909 0042 F1EE10FA 		vmrs	APSR_nzcv, FPSCR
 910 0046 03DD     		ble	.L40
 273:Core/Src/main.c **** 
 911              		.loc 1 273 5 is_stmt 1 view .LVU201
 273:Core/Src/main.c **** 
 912              		.loc 1 273 16 is_stmt 0 view .LVU202
 913 0048 77EEC77A 		vsub.f32	s15, s15, s14
 914 004c C3ED007A 		vstr.32	s15, [r3]
 915              	.L40:
ARM GAS  C:\Users\ACER\AppData\Local\Temp\ccJnZfJG.s 			page 36


 276:Core/Src/main.c ****   float Ubeta = OPENLOOP_VOLTAGE * sinf(elec_angle);
 916              		.loc 1 276 3 is_stmt 1 view .LVU203
 276:Core/Src/main.c ****   float Ubeta = OPENLOOP_VOLTAGE * sinf(elec_angle);
 917              		.loc 1 276 37 is_stmt 0 view .LVU204
 918 0050 2E4B     		ldr	r3, .L44+8
 919 0052 D3ED008A 		vldr.32	s17, [r3]
 920 0056 B0EE680A 		vmov.f32	s0, s17
 921 005a FFF7FEFF 		bl	cosf
 922              	.LVL60:
 276:Core/Src/main.c ****   float Ubeta = OPENLOOP_VOLTAGE * sinf(elec_angle);
 923              		.loc 1 276 9 discriminator 1 view .LVU205
 924 005e 9FED2D8A 		vldr.32	s16, .L44+16
 925 0062 20EE089A 		vmul.f32	s18, s0, s16
 926              	.LVL61:
 277:Core/Src/main.c **** 
 927              		.loc 1 277 3 is_stmt 1 view .LVU206
 277:Core/Src/main.c **** 
 928              		.loc 1 277 36 is_stmt 0 view .LVU207
 929 0066 B0EE680A 		vmov.f32	s0, s17
 930 006a FFF7FEFF 		bl	sinf
 931              	.LVL62:
 280:Core/Src/main.c ****   SVPWM_Compute(&hsvpwm, Ualpha, Ubeta, &dutyA, &dutyB, &dutyC);
 932              		.loc 1 280 3 is_stmt 1 view .LVU208
 281:Core/Src/main.c **** 
 933              		.loc 1 281 3 view .LVU209
 934 006e 2A4C     		ldr	r4, .L44+20
 935 0070 05AB     		add	r3, sp, #20
 936 0072 06AA     		add	r2, sp, #24
 937 0074 07A9     		add	r1, sp, #28
 938 0076 60EE080A 		vmul.f32	s1, s0, s16
 939              	.LVL63:
 281:Core/Src/main.c **** 
 940              		.loc 1 281 3 is_stmt 0 view .LVU210
 941 007a B0EE490A 		vmov.f32	s0, s18
 942 007e 2046     		mov	r0, r4
 943 0080 FFF7FEFF 		bl	SVPWM_Compute
 944              	.LVL64:
 284:Core/Src/main.c ****   __HAL_TIM_SET_COMPARE(&htim1, TIM_CHANNEL_2, dutyB * hsvpwm.pwm_period);
 945              		.loc 1 284 3 is_stmt 1 view .LVU211
 946 0084 D4ED017A 		vldr.32	s15, [r4, #4]
 947 0088 DDED076A 		vldr.32	s13, [sp, #28]
 948 008c 27EEA67A 		vmul.f32	s14, s15, s13
 949 0090 224B     		ldr	r3, .L44+24
 950 0092 1B68     		ldr	r3, [r3]
 951 0094 BCEEC77A 		vcvt.u32.f32	s14, s14
 952 0098 83ED0D7A 		vstr.32	s14, [r3, #52]	@ int
 285:Core/Src/main.c ****   __HAL_TIM_SET_COMPARE(&htim1, TIM_CHANNEL_3, dutyC * hsvpwm.pwm_period);
 953              		.loc 1 285 3 view .LVU212
 954 009c 9DED066A 		vldr.32	s12, [sp, #24]
 955 00a0 27EE867A 		vmul.f32	s14, s15, s12
 956 00a4 BCEEC77A 		vcvt.u32.f32	s14, s14
 957 00a8 83ED0E7A 		vstr.32	s14, [r3, #56]	@ int
 286:Core/Src/main.c ****   CDC_Log("a=%.2f, b=%.2f,c=%.2f", dutyA / 3.0f, dutyB / 3.0f, dutyC / 3.0f);
 958              		.loc 1 286 3 view .LVU213
 959 00ac 9DED057A 		vldr.32	s14, [sp, #20]
 960 00b0 67EE877A 		vmul.f32	s15, s15, s14
 961 00b4 FCEEE77A 		vcvt.u32.f32	s15, s15
ARM GAS  C:\Users\ACER\AppData\Local\Temp\ccJnZfJG.s 			page 37


 962 00b8 C3ED0F7A 		vstr.32	s15, [r3, #60]	@ int
 287:Core/Src/main.c **** }
 963              		.loc 1 287 3 view .LVU214
 287:Core/Src/main.c **** }
 964              		.loc 1 287 42 is_stmt 0 view .LVU215
 965 00bc F0EE087A 		vmov.f32	s15, #3.0e+0
 287:Core/Src/main.c **** }
 966              		.loc 1 287 56 view .LVU216
 967 00c0 86EE278A 		vdiv.f32	s16, s12, s15
 287:Core/Src/main.c **** }
 968              		.loc 1 287 70 view .LVU217
 969 00c4 C7EE278A 		vdiv.f32	s17, s14, s15
 287:Core/Src/main.c **** }
 970              		.loc 1 287 3 view .LVU218
 971 00c8 C6EEA77A 		vdiv.f32	s15, s13, s15
 972 00cc 17EE900A 		vmov	r0, s15
 973 00d0 FFF7FEFF 		bl	__aeabi_f2d
 974              	.LVL65:
 975 00d4 0446     		mov	r4, r0
 976 00d6 0D46     		mov	r5, r1
 977 00d8 18EE900A 		vmov	r0, s17
 978 00dc FFF7FEFF 		bl	__aeabi_f2d
 979              	.LVL66:
 980 00e0 CDE90201 		strd	r0, [sp, #8]
 981 00e4 18EE100A 		vmov	r0, s16
 982 00e8 FFF7FEFF 		bl	__aeabi_f2d
 983              	.LVL67:
 984 00ec CDE90001 		strd	r0, [sp]
 985 00f0 2246     		mov	r2, r4
 986 00f2 2B46     		mov	r3, r5
 987 00f4 0A48     		ldr	r0, .L44+28
 988 00f6 FFF7FEFF 		bl	CDC_Log
 989              	.LVL68:
 288:Core/Src/main.c **** static void Motor_Lock_ElectricalAngle(float angle)
 990              		.loc 1 288 1 view .LVU219
 991 00fa 09B0     		add	sp, sp, #36
 992              	.LCFI29:
 993              		.cfi_def_cfa_offset 28
 994              		@ sp needed
 995 00fc BDEC048B 		vldm	sp!, {d8-d9}
 996              	.LCFI30:
 997              		.cfi_restore 82
 998              		.cfi_restore 83
 999              		.cfi_restore 80
 1000              		.cfi_restore 81
 1001              		.cfi_def_cfa_offset 12
 1002              	.LVL69:
 288:Core/Src/main.c **** static void Motor_Lock_ElectricalAngle(float angle)
 1003              		.loc 1 288 1 view .LVU220
 1004 0100 30BD     		pop	{r4, r5, pc}
 1005              	.L45:
 1006 0102 00BF     		.align	2
 1007              	.L44:
 1008 0104 00000000 		.word	last_tick
 1009 0108 6F12833A 		.word	981668463
 1010 010c 00000000 		.word	elec_angle
 1011 0110 DB0FC940 		.word	1086918619
ARM GAS  C:\Users\ACER\AppData\Local\Temp\ccJnZfJG.s 			page 38


 1012 0114 1F858340 		.word	1082361119
 1013 0118 00000000 		.word	hsvpwm
 1014 011c 00000000 		.word	htim1
 1015 0120 00000000 		.word	.LC2
 1016              		.cfi_endproc
 1017              	.LFE143:
 1019              		.section	.rodata.Motor_Calib_HallOffset.str1.4,"aMS",%progbits,1
 1020              		.align	2
 1021              	.LC3:
 1022 0000 48414C4C 		.ascii	"HALL CALIB START\000"
 1022      2043414C 
 1022      49422053 
 1022      54415254 
 1022      00
 1023 0011 000000   		.align	2
 1024              	.LC4:
 1025 0014 48414C4C 		.ascii	"HALL CALIB FAIL, hall=%d\000"
 1025      2043414C 
 1025      49422046 
 1025      41494C2C 
 1025      2068616C 
 1026 002d 000000   		.align	2
 1027              	.LC5:
 1028 0030 48414C4C 		.ascii	"HALL CALIB OK, hall=%d sector=%d offset=%.1f deg\000"
 1028      2043414C 
 1028      4942204F 
 1028      4B2C2068 
 1028      616C6C3D 
 1029              		.section	.text.Motor_Calib_HallOffset,"ax",%progbits
 1030              		.align	1
 1031              		.global	Motor_Calib_HallOffset
 1032              		.syntax unified
 1033              		.thumb
 1034              		.thumb_func
 1036              	Motor_Calib_HallOffset:
 1037              	.LFB145:
 302:Core/Src/main.c ****   uint8_t hall;
 1038              		.loc 1 302 1 is_stmt 1 view -0
 1039              		.cfi_startproc
 1040              		@ args = 0, pretend = 0, frame = 0
 1041              		@ frame_needed = 0, uses_anonymous_args = 0
 1042 0000 30B5     		push	{r4, r5, lr}
 1043              	.LCFI31:
 1044              		.cfi_def_cfa_offset 12
 1045              		.cfi_offset 4, -12
 1046              		.cfi_offset 5, -8
 1047              		.cfi_offset 14, -4
 1048 0002 2DED028B 		vpush.64	{d8}
 1049              	.LCFI32:
 1050              		.cfi_def_cfa_offset 20
 1051              		.cfi_offset 80, -20
 1052              		.cfi_offset 81, -16
 1053 0006 83B0     		sub	sp, sp, #12
 1054              	.LCFI33:
 1055              		.cfi_def_cfa_offset 32
 303:Core/Src/main.c ****   int8_t sector;
 1056              		.loc 1 303 3 view .LVU222
ARM GAS  C:\Users\ACER\AppData\Local\Temp\ccJnZfJG.s 			page 39


 304:Core/Src/main.c ****   float offset;
 1057              		.loc 1 304 3 view .LVU223
 305:Core/Src/main.c **** 
 1058              		.loc 1 305 3 view .LVU224
 307:Core/Src/main.c **** 
 1059              		.loc 1 307 3 view .LVU225
 1060 0008 2548     		ldr	r0, .L54
 1061 000a FFF7FEFF 		bl	CDC_Log
 1062              	.LVL70:
 310:Core/Src/main.c ****   HAL_Delay(CALIB_DELAY_MS);
 1063              		.loc 1 310 3 view .LVU226
 1064 000e 9FED250A 		vldr.32	s0, .L54+4
 1065 0012 FFF7FEFF 		bl	Motor_Lock_ElectricalAngle
 1066              	.LVL71:
 311:Core/Src/main.c **** 
 1067              		.loc 1 311 3 view .LVU227
 1068 0016 4FF4FA60 		mov	r0, #2000
 1069 001a FFF7FEFF 		bl	HAL_Delay
 1070              	.LVL72:
 314:Core/Src/main.c ****   sector = hall_to_sector[hall];
 1071              		.loc 1 314 3 view .LVU228
 314:Core/Src/main.c ****   sector = hall_to_sector[hall];
 1072              		.loc 1 314 10 is_stmt 0 view .LVU229
 1073 001e FFF7FEFF 		bl	Hall_ReadABC
 1074              	.LVL73:
 1075 0022 0546     		mov	r5, r0
 315:Core/Src/main.c **** 
 1076              		.loc 1 315 3 is_stmt 1 view .LVU230
 315:Core/Src/main.c **** 
 1077              		.loc 1 315 10 is_stmt 0 view .LVU231
 1078 0024 204B     		ldr	r3, .L54+8
 1079 0026 1C56     		ldrsb	r4, [r3, r0]
 1080              	.LVL74:
 317:Core/Src/main.c ****   {
 1081              		.loc 1 317 3 is_stmt 1 view .LVU232
 317:Core/Src/main.c ****   {
 1082              		.loc 1 317 6 is_stmt 0 view .LVU233
 1083 0028 002C     		cmp	r4, #0
 1084 002a 31DB     		blt	.L53
 327:Core/Src/main.c **** 
 1085              		.loc 1 327 3 is_stmt 1 view .LVU234
 327:Core/Src/main.c **** 
 1086              		.loc 1 327 20 is_stmt 0 view .LVU235
 1087 002c 07EE904A 		vmov	s15, r4	@ int
 1088 0030 B8EEE78A 		vcvt.f32.s32	s16, s15
 1089 0034 DFED1D7A 		vldr.32	s15, .L54+12
 1090 0038 28EE278A 		vmul.f32	s16, s16, s15
 327:Core/Src/main.c **** 
 1091              		.loc 1 327 10 view .LVU236
 1092 003c DFED1C7A 		vldr.32	s15, .L54+16
 1093 0040 38EE278A 		vadd.f32	s16, s16, s15
 1094              	.LVL75:
 330:Core/Src/main.c ****     offset -= TWO_PI;
 1095              		.loc 1 330 3 is_stmt 1 view .LVU237
 330:Core/Src/main.c ****     offset -= TWO_PI;
 1096              		.loc 1 330 6 is_stmt 0 view .LVU238
 1097 0044 DFED1B7A 		vldr.32	s15, .L54+20
ARM GAS  C:\Users\ACER\AppData\Local\Temp\ccJnZfJG.s 			page 40


 1098 0048 B4EEE78A 		vcmpe.f32	s16, s15
 1099 004c F1EE10FA 		vmrs	APSR_nzcv, FPSCR
 1100 0050 01DB     		blt	.L49
 331:Core/Src/main.c **** 
 1101              		.loc 1 331 5 is_stmt 1 view .LVU239
 331:Core/Src/main.c **** 
 1102              		.loc 1 331 12 is_stmt 0 view .LVU240
 1103 0052 38EE678A 		vsub.f32	s16, s16, s15
 1104              	.LVL76:
 1105              	.L49:
 333:Core/Src/main.c ****           hall,
 1106              		.loc 1 333 3 is_stmt 1 view .LVU241
 336:Core/Src/main.c **** 
 1107              		.loc 1 336 18 is_stmt 0 view .LVU242
 1108 0056 DFED187A 		vldr.32	s15, .L54+24
 1109 005a 68EE277A 		vmul.f32	s15, s16, s15
 336:Core/Src/main.c **** 
 1110              		.loc 1 336 27 view .LVU243
 1111 005e DFED156A 		vldr.32	s13, .L54+20
 1112 0062 87EEA67A 		vdiv.f32	s14, s15, s13
 333:Core/Src/main.c ****           hall,
 1113              		.loc 1 333 3 view .LVU244
 1114 0066 F6EE007A 		vmov.f32	s15, #5.0e-1
 1115 006a 67EE277A 		vmul.f32	s15, s14, s15
 1116 006e 17EE900A 		vmov	r0, s15
 1117 0072 FFF7FEFF 		bl	__aeabi_f2d
 1118              	.LVL77:
 1119 0076 CDE90001 		strd	r0, [sp]
 1120 007a 2246     		mov	r2, r4
 1121 007c 2946     		mov	r1, r5
 1122 007e 0F48     		ldr	r0, .L54+28
 1123 0080 FFF7FEFF 		bl	CDC_Log
 1124              	.LVL78:
 338:Core/Src/main.c **** }
 1125              		.loc 1 338 3 is_stmt 1 view .LVU245
 1126              	.L46:
 339:Core/Src/main.c **** float Encoder_GetAngleRad(void)
 1127              		.loc 1 339 1 is_stmt 0 view .LVU246
 1128 0084 B0EE480A 		vmov.f32	s0, s16
 1129 0088 03B0     		add	sp, sp, #12
 1130              	.LCFI34:
 1131              		.cfi_remember_state
 1132              		.cfi_def_cfa_offset 20
 1133              		@ sp needed
 1134 008a BDEC028B 		vldm	sp!, {d8}
 1135              	.LCFI35:
 1136              		.cfi_restore 80
 1137              		.cfi_restore 81
 1138              		.cfi_def_cfa_offset 12
 1139 008e 30BD     		pop	{r4, r5, pc}
 1140              	.LVL79:
 1141              	.L53:
 1142              	.LCFI36:
 1143              		.cfi_restore_state
 319:Core/Src/main.c ****     return 0.0f;
 1144              		.loc 1 319 5 is_stmt 1 view .LVU247
 1145 0090 0146     		mov	r1, r0
ARM GAS  C:\Users\ACER\AppData\Local\Temp\ccJnZfJG.s 			page 41


 1146 0092 0B48     		ldr	r0, .L54+32
 1147 0094 FFF7FEFF 		bl	CDC_Log
 1148              	.LVL80:
 320:Core/Src/main.c ****   }
 1149              		.loc 1 320 5 view .LVU248
 320:Core/Src/main.c ****   }
 1150              		.loc 1 320 12 is_stmt 0 view .LVU249
 1151 0098 9FED028A 		vldr.32	s16, .L54+4
 1152 009c F2E7     		b	.L46
 1153              	.L55:
 1154 009e 00BF     		.align	2
 1155              	.L54:
 1156 00a0 00000000 		.word	.LC3
 1157 00a4 00000000 		.word	0
 1158 00a8 00000000 		.word	hall_to_sector
 1159 00ac 920A863F 		.word	1065749138
 1160 00b0 920A063F 		.word	1057360530
 1161 00b4 DB0FC940 		.word	1086918619
 1162 00b8 00003443 		.word	1127481344
 1163 00bc 30000000 		.word	.LC5
 1164 00c0 14000000 		.word	.LC4
 1165              		.cfi_endproc
 1166              	.LFE145:
 1168              		.section	.text.Encoder_GetAngleRad,"ax",%progbits
 1169              		.align	1
 1170              		.global	Encoder_GetAngleRad
 1171              		.syntax unified
 1172              		.thumb
 1173              		.thumb_func
 1175              	Encoder_GetAngleRad:
 1176              	.LFB146:
 341:Core/Src/main.c ****   return AS5600_GetAngleRad(&as5600); // 0..2PI
 1177              		.loc 1 341 1 is_stmt 1 view -0
 1178              		.cfi_startproc
 1179              		@ args = 0, pretend = 0, frame = 0
 1180              		@ frame_needed = 0, uses_anonymous_args = 0
 1181 0000 08B5     		push	{r3, lr}
 1182              	.LCFI37:
 1183              		.cfi_def_cfa_offset 8
 1184              		.cfi_offset 3, -8
 1185              		.cfi_offset 14, -4
 342:Core/Src/main.c **** }
 1186              		.loc 1 342 3 view .LVU251
 342:Core/Src/main.c **** }
 1187              		.loc 1 342 10 is_stmt 0 view .LVU252
 1188 0002 0248     		ldr	r0, .L58
 1189 0004 FFF7FEFF 		bl	AS5600_GetAngleRad
 1190              	.LVL81:
 343:Core/Src/main.c **** 
 1191              		.loc 1 343 1 view .LVU253
 1192 0008 08BD     		pop	{r3, pc}
 1193              	.L59:
 1194 000a 00BF     		.align	2
 1195              	.L58:
 1196 000c 00000000 		.word	as5600
 1197              		.cfi_endproc
 1198              	.LFE146:
ARM GAS  C:\Users\ACER\AppData\Local\Temp\ccJnZfJG.s 			page 42


 1200              		.section	.text.Encoder_GetSpeedRad,"ax",%progbits
 1201              		.align	1
 1202              		.global	Encoder_GetSpeedRad
 1203              		.syntax unified
 1204              		.thumb
 1205              		.thumb_func
 1207              	Encoder_GetSpeedRad:
 1208              	.LFB147:
 346:Core/Src/main.c ****   float dtheta;
 1209              		.loc 1 346 1 is_stmt 1 view -0
 1210              		.cfi_startproc
 1211              		@ args = 0, pretend = 0, frame = 0
 1212              		@ frame_needed = 0, uses_anonymous_args = 0
 1213 0000 08B5     		push	{r3, lr}
 1214              	.LCFI38:
 1215              		.cfi_def_cfa_offset 8
 1216              		.cfi_offset 3, -8
 1217              		.cfi_offset 14, -4
 347:Core/Src/main.c **** 
 1218              		.loc 1 347 3 view .LVU255
 349:Core/Src/main.c ****   dtheta = mech_angle - mech_angle_prev;
 1219              		.loc 1 349 3 view .LVU256
 349:Core/Src/main.c ****   dtheta = mech_angle - mech_angle_prev;
 1220              		.loc 1 349 16 is_stmt 0 view .LVU257
 1221 0002 FFF7FEFF 		bl	Encoder_GetAngleRad
 1222              	.LVL82:
 1223 0006 B0EE407A 		vmov.f32	s14, s0
 349:Core/Src/main.c ****   dtheta = mech_angle - mech_angle_prev;
 1224              		.loc 1 349 14 discriminator 1 view .LVU258
 1225 000a 154B     		ldr	r3, .L69
 1226 000c 83ED000A 		vstr.32	s0, [r3]
 350:Core/Src/main.c **** 
 1227              		.loc 1 350 3 is_stmt 1 view .LVU259
 350:Core/Src/main.c **** 
 1228              		.loc 1 350 23 is_stmt 0 view .LVU260
 1229 0010 144B     		ldr	r3, .L69+4
 1230 0012 D3ED007A 		vldr.32	s15, [r3]
 350:Core/Src/main.c **** 
 1231              		.loc 1 350 10 view .LVU261
 1232 0016 70EE677A 		vsub.f32	s15, s0, s15
 1233              	.LVL83:
 353:Core/Src/main.c ****     dtheta -= 2.0f * M_PI;
 1234              		.loc 1 353 3 is_stmt 1 view .LVU262
 353:Core/Src/main.c ****     dtheta -= 2.0f * M_PI;
 1235              		.loc 1 353 6 is_stmt 0 view .LVU263
 1236 001a DFED136A 		vldr.32	s13, .L69+8
 1237 001e F4EEE67A 		vcmpe.f32	s15, s13
 1238 0022 F1EE10FA 		vmrs	APSR_nzcv, FPSCR
 1239 0026 0EDD     		ble	.L67
 354:Core/Src/main.c ****   if (dtheta < -M_PI)
 1240              		.loc 1 354 5 is_stmt 1 view .LVU264
 354:Core/Src/main.c ****   if (dtheta < -M_PI)
 1241              		.loc 1 354 12 is_stmt 0 view .LVU265
 1242 0028 DFED106A 		vldr.32	s13, .L69+12
 1243 002c 77EEE67A 		vsub.f32	s15, s15, s13
 1244              	.LVL84:
 355:Core/Src/main.c ****     dtheta += 2.0f * M_PI;
ARM GAS  C:\Users\ACER\AppData\Local\Temp\ccJnZfJG.s 			page 43


 1245              		.loc 1 355 3 is_stmt 1 view .LVU266
 1246              	.L63:
 358:Core/Src/main.c ****   mech_angle_prev = mech_angle;
 1247              		.loc 1 358 3 view .LVU267
 358:Core/Src/main.c ****   mech_angle_prev = mech_angle;
 1248              		.loc 1 358 23 is_stmt 0 view .LVU268
 1249 0030 DFED0F6A 		vldr.32	s13, .L69+16
 1250 0034 87EEA60A 		vdiv.f32	s0, s15, s13
 358:Core/Src/main.c ****   mech_angle_prev = mech_angle;
 1251              		.loc 1 358 14 view .LVU269
 1252 0038 0E4B     		ldr	r3, .L69+20
 1253 003a 83ED000A 		vstr.32	s0, [r3]
 359:Core/Src/main.c **** 
 1254              		.loc 1 359 3 is_stmt 1 view .LVU270
 359:Core/Src/main.c **** 
 1255              		.loc 1 359 19 is_stmt 0 view .LVU271
 1256 003e 094B     		ldr	r3, .L69+4
 1257 0040 83ED007A 		vstr.32	s14, [r3]
 361:Core/Src/main.c **** }
 1258              		.loc 1 361 3 is_stmt 1 view .LVU272
 362:Core/Src/main.c **** #define CALIB_VOLTAGE 5.0f
 1259              		.loc 1 362 1 is_stmt 0 view .LVU273
 1260 0044 08BD     		pop	{r3, pc}
 1261              	.L67:
 355:Core/Src/main.c ****     dtheta += 2.0f * M_PI;
 1262              		.loc 1 355 3 is_stmt 1 view .LVU274
 355:Core/Src/main.c ****     dtheta += 2.0f * M_PI;
 1263              		.loc 1 355 6 is_stmt 0 view .LVU275
 1264 0046 DFED0C6A 		vldr.32	s13, .L69+24
 1265 004a F4EEE67A 		vcmpe.f32	s15, s13
 1266 004e F1EE10FA 		vmrs	APSR_nzcv, FPSCR
 1267 0052 EDD5     		bpl	.L63
 356:Core/Src/main.c **** 
 1268              		.loc 1 356 5 is_stmt 1 view .LVU276
 356:Core/Src/main.c **** 
 1269              		.loc 1 356 12 is_stmt 0 view .LVU277
 1270 0054 DFED056A 		vldr.32	s13, .L69+12
 1271 0058 77EEA67A 		vadd.f32	s15, s15, s13
 1272              	.LVL85:
 356:Core/Src/main.c **** 
 1273              		.loc 1 356 12 view .LVU278
 1274 005c E8E7     		b	.L63
 1275              	.L70:
 1276 005e 00BF     		.align	2
 1277              	.L69:
 1278 0060 00000000 		.word	mech_angle
 1279 0064 00000000 		.word	mech_angle_prev
 1280 0068 DB0F4940 		.word	1078530011
 1281 006c DB0FC940 		.word	1086918619
 1282 0070 6F12833A 		.word	981668463
 1283 0074 00000000 		.word	mech_speed
 1284 0078 DB0F49C0 		.word	-1068953637
 1285              		.cfi_endproc
 1286              	.LFE147:
 1288              		.section	.text.PID_Speed_Run,"ax",%progbits
 1289              		.align	1
 1290              		.global	PID_Speed_Run
ARM GAS  C:\Users\ACER\AppData\Local\Temp\ccJnZfJG.s 			page 44


 1291              		.syntax unified
 1292              		.thumb
 1293              		.thumb_func
 1295              	PID_Speed_Run:
 1296              	.LVL86:
 1297              	.LFB148:
 377:Core/Src/main.c ****   float err = ref - fb;
 1298              		.loc 1 377 1 is_stmt 1 view -0
 1299              		.cfi_startproc
 1300              		@ args = 0, pretend = 0, frame = 0
 1301              		@ frame_needed = 0, uses_anonymous_args = 0
 1302              		@ link register save eliminated.
 378:Core/Src/main.c **** 
 1303              		.loc 1 378 3 view .LVU280
 378:Core/Src/main.c **** 
 1304              		.loc 1 378 9 is_stmt 0 view .LVU281
 1305 0000 70EE600A 		vsub.f32	s1, s0, s1
 1306              	.LVL87:
 380:Core/Src/main.c **** 
 1307              		.loc 1 380 3 is_stmt 1 view .LVU282
 380:Core/Src/main.c **** 
 1308              		.loc 1 380 6 is_stmt 0 view .LVU283
 1309 0004 D0ED027A 		vldr.32	s15, [r0, #8]
 380:Core/Src/main.c **** 
 1310              		.loc 1 380 24 view .LVU284
 1311 0008 9FED137A 		vldr.32	s14, .L75
 1312 000c 20EE877A 		vmul.f32	s14, s1, s14
 380:Core/Src/main.c **** 
 1313              		.loc 1 380 17 view .LVU285
 1314 0010 77EE877A 		vadd.f32	s15, s15, s14
 1315 0014 C0ED027A 		vstr.32	s15, [r0, #8]
 382:Core/Src/main.c **** 
 1316              		.loc 1 382 3 is_stmt 1 view .LVU286
 382:Core/Src/main.c **** 
 1317              		.loc 1 382 18 is_stmt 0 view .LVU287
 1318 0018 90ED000A 		vldr.32	s0, [r0]
 1319              	.LVL88:
 382:Core/Src/main.c **** 
 1320              		.loc 1 382 23 view .LVU288
 1321 001c 20EE200A 		vmul.f32	s0, s0, s1
 382:Core/Src/main.c **** 
 1322              		.loc 1 382 34 view .LVU289
 1323 0020 90ED017A 		vldr.32	s14, [r0, #4]
 382:Core/Src/main.c **** 
 1324              		.loc 1 382 39 view .LVU290
 1325 0024 67EE877A 		vmul.f32	s15, s15, s14
 382:Core/Src/main.c **** 
 1326              		.loc 1 382 9 view .LVU291
 1327 0028 30EE270A 		vadd.f32	s0, s0, s15
 1328              	.LVL89:
 385:Core/Src/main.c ****     out = UQ_MAX;
 1329              		.loc 1 385 3 is_stmt 1 view .LVU292
 385:Core/Src/main.c ****     out = UQ_MAX;
 1330              		.loc 1 385 6 is_stmt 0 view .LVU293
 1331 002c F1EE087A 		vmov.f32	s15, #6.0e+0
 1332 0030 B4EEE70A 		vcmpe.f32	s0, s15
 1333 0034 F1EE10FA 		vmrs	APSR_nzcv, FPSCR
ARM GAS  C:\Users\ACER\AppData\Local\Temp\ccJnZfJG.s 			page 45


 1334 0038 07DC     		bgt	.L73
 387:Core/Src/main.c ****     out = -UQ_MAX;
 1335              		.loc 1 387 3 is_stmt 1 view .LVU294
 387:Core/Src/main.c ****     out = -UQ_MAX;
 1336              		.loc 1 387 6 is_stmt 0 view .LVU295
 1337 003a F9EE087A 		vmov.f32	s15, #-6.0e+0
 1338 003e B4EEE70A 		vcmpe.f32	s0, s15
 1339 0042 F1EE10FA 		vmrs	APSR_nzcv, FPSCR
 1340 0046 03D4     		bmi	.L74
 1341 0048 7047     		bx	lr
 1342              	.L73:
 386:Core/Src/main.c ****   if (out < -UQ_MAX)
 1343              		.loc 1 386 9 view .LVU296
 1344 004a B1EE080A 		vmov.f32	s0, #6.0e+0
 1345              	.LVL90:
 386:Core/Src/main.c ****   if (out < -UQ_MAX)
 1346              		.loc 1 386 9 view .LVU297
 1347 004e 7047     		bx	lr
 1348              	.LVL91:
 1349              	.L74:
 388:Core/Src/main.c **** 
 1350              		.loc 1 388 9 view .LVU298
 1351 0050 B9EE080A 		vmov.f32	s0, #-6.0e+0
 1352              	.LVL92:
 390:Core/Src/main.c **** }
 1353              		.loc 1 390 3 is_stmt 1 view .LVU299
 391:Core/Src/main.c **** void Motor_SpeedControl_Loop(void)
 1354              		.loc 1 391 1 is_stmt 0 view .LVU300
 1355 0054 7047     		bx	lr
 1356              	.L76:
 1357 0056 00BF     		.align	2
 1358              	.L75:
 1359 0058 6F12833A 		.word	981668463
 1360              		.cfi_endproc
 1361              	.LFE148:
 1363              		.section	.text.Motor_SpeedControl_Loop,"ax",%progbits
 1364              		.align	1
 1365              		.global	Motor_SpeedControl_Loop
 1366              		.syntax unified
 1367              		.thumb
 1368              		.thumb_func
 1370              	Motor_SpeedControl_Loop:
 1371              	.LFB149:
 393:Core/Src/main.c ****   /* 1. speed feedback */
 1372              		.loc 1 393 1 is_stmt 1 view -0
 1373              		.cfi_startproc
 1374              		@ args = 0, pretend = 0, frame = 16
 1375              		@ frame_needed = 0, uses_anonymous_args = 0
 1376 0000 10B5     		push	{r4, lr}
 1377              	.LCFI39:
 1378              		.cfi_def_cfa_offset 8
 1379              		.cfi_offset 4, -8
 1380              		.cfi_offset 14, -4
 1381 0002 2DED048B 		vpush.64	{d8, d9}
 1382              	.LCFI40:
 1383              		.cfi_def_cfa_offset 24
 1384              		.cfi_offset 80, -24
ARM GAS  C:\Users\ACER\AppData\Local\Temp\ccJnZfJG.s 			page 46


 1385              		.cfi_offset 81, -20
 1386              		.cfi_offset 82, -16
 1387              		.cfi_offset 83, -12
 1388 0006 84B0     		sub	sp, sp, #16
 1389              	.LCFI41:
 1390              		.cfi_def_cfa_offset 40
 395:Core/Src/main.c **** 
 1391              		.loc 1 395 3 view .LVU302
 395:Core/Src/main.c **** 
 1392              		.loc 1 395 20 is_stmt 0 view .LVU303
 1393 0008 FFF7FEFF 		bl	Encoder_GetSpeedRad
 1394              	.LVL93:
 1395 000c F0EE400A 		vmov.f32	s1, s0
 1396              	.LVL94:
 398:Core/Src/main.c **** 
 1397              		.loc 1 398 3 is_stmt 1 view .LVU304
 398:Core/Src/main.c **** 
 1398              		.loc 1 398 8 is_stmt 0 view .LVU305
 1399 0010 2F4B     		ldr	r3, .L82
 1400 0012 93ED000A 		vldr.32	s0, [r3]
 1401              	.LVL95:
 398:Core/Src/main.c **** 
 1402              		.loc 1 398 8 view .LVU306
 1403 0016 2F48     		ldr	r0, .L82+4
 1404 0018 FFF7FEFF 		bl	PID_Speed_Run
 1405              	.LVL96:
 398:Core/Src/main.c **** 
 1406              		.loc 1 398 8 view .LVU307
 1407 001c B0EE408A 		vmov.f32	s16, s0
 398:Core/Src/main.c **** 
 1408              		.loc 1 398 6 discriminator 1 view .LVU308
 1409 0020 2D4B     		ldr	r3, .L82+8
 1410 0022 83ED000A 		vstr.32	s0, [r3]
 401:Core/Src/main.c **** 
 1411              		.loc 1 401 3 is_stmt 1 view .LVU309
 401:Core/Src/main.c **** 
 1412              		.loc 1 401 27 is_stmt 0 view .LVU310
 1413 0026 2D4B     		ldr	r3, .L82+12
 1414 0028 D3ED007A 		vldr.32	s15, [r3]
 1415 002c B1EE0C7A 		vmov.f32	s14, #7.0e+0
 1416 0030 67EE877A 		vmul.f32	s15, s15, s14
 401:Core/Src/main.c **** 
 1417              		.loc 1 401 40 view .LVU311
 1418 0034 2A4B     		ldr	r3, .L82+16
 1419 0036 93ED007A 		vldr.32	s14, [r3]
 1420 003a 77EE877A 		vadd.f32	s15, s15, s14
 401:Core/Src/main.c **** 
 1421              		.loc 1 401 14 view .LVU312
 1422 003e 294B     		ldr	r3, .L82+20
 1423 0040 C3ED007A 		vstr.32	s15, [r3]
 403:Core/Src/main.c ****     elec_angle -= 2.0f * M_PI;
 1424              		.loc 1 403 3 is_stmt 1 view .LVU313
 403:Core/Src/main.c ****     elec_angle -= 2.0f * M_PI;
 1425              		.loc 1 403 6 is_stmt 0 view .LVU314
 1426 0044 9FED287A 		vldr.32	s14, .L82+24
 1427 0048 F4EEC77A 		vcmpe.f32	s15, s14
 1428 004c F1EE10FA 		vmrs	APSR_nzcv, FPSCR
ARM GAS  C:\Users\ACER\AppData\Local\Temp\ccJnZfJG.s 			page 47


 1429 0050 03DD     		ble	.L78
 404:Core/Src/main.c **** 
 1430              		.loc 1 404 5 is_stmt 1 view .LVU315
 404:Core/Src/main.c **** 
 1431              		.loc 1 404 16 is_stmt 0 view .LVU316
 1432 0052 77EEC77A 		vsub.f32	s15, s15, s14
 1433 0056 C3ED007A 		vstr.32	s15, [r3]
 1434              	.L78:
 407:Core/Src/main.c ****   float Ubeta = Uq * cosf(elec_angle);
 1435              		.loc 1 407 3 is_stmt 1 view .LVU317
 407:Core/Src/main.c ****   float Ubeta = Uq * cosf(elec_angle);
 1436              		.loc 1 407 18 is_stmt 0 view .LVU318
 1437 005a F1EE488A 		vneg.f32	s17, s16
 407:Core/Src/main.c ****   float Ubeta = Uq * cosf(elec_angle);
 1438              		.loc 1 407 24 view .LVU319
 1439 005e 214B     		ldr	r3, .L82+20
 1440 0060 93ED009A 		vldr.32	s18, [r3]
 1441 0064 B0EE490A 		vmov.f32	s0, s18
 1442 0068 FFF7FEFF 		bl	sinf
 1443              	.LVL97:
 407:Core/Src/main.c ****   float Ubeta = Uq * cosf(elec_angle);
 1444              		.loc 1 407 9 discriminator 1 view .LVU320
 1445 006c 68EE808A 		vmul.f32	s17, s17, s0
 1446              	.LVL98:
 408:Core/Src/main.c **** 
 1447              		.loc 1 408 3 is_stmt 1 view .LVU321
 408:Core/Src/main.c **** 
 1448              		.loc 1 408 22 is_stmt 0 view .LVU322
 1449 0070 B0EE490A 		vmov.f32	s0, s18
 1450 0074 FFF7FEFF 		bl	cosf
 1451              	.LVL99:
 410:Core/Src/main.c ****   SVPWM_Compute(&hsvpwm, Ualpha, Ubeta, &dA, &dB, &dC);
 1452              		.loc 1 410 3 is_stmt 1 view .LVU323
 411:Core/Src/main.c **** 
 1453              		.loc 1 411 3 view .LVU324
 1454 0078 1C4C     		ldr	r4, .L82+28
 1455 007a 01AB     		add	r3, sp, #4
 1456 007c 02AA     		add	r2, sp, #8
 1457 007e 03A9     		add	r1, sp, #12
 1458 0080 68EE000A 		vmul.f32	s1, s16, s0
 1459              	.LVL100:
 411:Core/Src/main.c **** 
 1460              		.loc 1 411 3 is_stmt 0 view .LVU325
 1461 0084 B0EE680A 		vmov.f32	s0, s17
 1462 0088 2046     		mov	r0, r4
 1463 008a FFF7FEFF 		bl	SVPWM_Compute
 1464              	.LVL101:
 413:Core/Src/main.c ****   __HAL_TIM_SET_COMPARE(&htim1, TIM_CHANNEL_2, dB * hsvpwm.pwm_period);
 1465              		.loc 1 413 3 is_stmt 1 view .LVU326
 1466 008e D4ED017A 		vldr.32	s15, [r4, #4]
 1467 0092 9DED037A 		vldr.32	s14, [sp, #12]
 1468 0096 27EE877A 		vmul.f32	s14, s15, s14
 1469 009a 154B     		ldr	r3, .L82+32
 1470 009c 1B68     		ldr	r3, [r3]
 1471 009e BCEEC77A 		vcvt.u32.f32	s14, s14
 1472 00a2 83ED0D7A 		vstr.32	s14, [r3, #52]	@ int
 414:Core/Src/main.c ****   __HAL_TIM_SET_COMPARE(&htim1, TIM_CHANNEL_3, dC * hsvpwm.pwm_period);
ARM GAS  C:\Users\ACER\AppData\Local\Temp\ccJnZfJG.s 			page 48


 1473              		.loc 1 414 3 view .LVU327
 1474 00a6 9DED027A 		vldr.32	s14, [sp, #8]
 1475 00aa 27EE877A 		vmul.f32	s14, s15, s14
 1476 00ae BCEEC77A 		vcvt.u32.f32	s14, s14
 1477 00b2 83ED0E7A 		vstr.32	s14, [r3, #56]	@ int
 415:Core/Src/main.c **** }
 1478              		.loc 1 415 3 view .LVU328
 1479 00b6 9DED017A 		vldr.32	s14, [sp, #4]
 1480 00ba 67EE877A 		vmul.f32	s15, s15, s14
 1481 00be FCEEE77A 		vcvt.u32.f32	s15, s15
 1482 00c2 C3ED0F7A 		vstr.32	s15, [r3, #60]	@ int
 416:Core/Src/main.c **** 
 1483              		.loc 1 416 1 is_stmt 0 view .LVU329
 1484 00c6 04B0     		add	sp, sp, #16
 1485              	.LCFI42:
 1486              		.cfi_def_cfa_offset 24
 1487              		@ sp needed
 1488 00c8 BDEC048B 		vldm	sp!, {d8-d9}
 1489              	.LCFI43:
 1490              		.cfi_restore 82
 1491              		.cfi_restore 83
 1492              		.cfi_restore 80
 1493              		.cfi_restore 81
 1494              		.cfi_def_cfa_offset 8
 416:Core/Src/main.c **** 
 1495              		.loc 1 416 1 view .LVU330
 1496 00cc 10BD     		pop	{r4, pc}
 1497              	.L83:
 1498 00ce 00BF     		.align	2
 1499              	.L82:
 1500 00d0 00000000 		.word	speed_ref
 1501 00d4 00000000 		.word	pid_speed
 1502 00d8 00000000 		.word	Uq
 1503 00dc 00000000 		.word	mech_angle
 1504 00e0 00000000 		.word	elec_offset
 1505 00e4 00000000 		.word	elec_angle
 1506 00e8 DB0FC940 		.word	1086918619
 1507 00ec 00000000 		.word	hsvpwm
 1508 00f0 00000000 		.word	htim1
 1509              		.cfi_endproc
 1510              	.LFE149:
 1512              		.section	.rodata.Motor_Calib_EncoderOffset.str1.4,"aMS",%progbits,1
 1513              		.align	2
 1514              	.LC6:
 1515 0000 454E434F 		.ascii	"ENCODER CALIB START\000"
 1515      44455220 
 1515      43414C49 
 1515      42205354 
 1515      41525400 
 1516              		.align	2
 1517              	.LC7:
 1518 0014 454E4320 		.ascii	"ENC CALIB DONE, offset = %.2f deg\000"
 1518      43414C49 
 1518      4220444F 
 1518      4E452C20 
 1518      6F666673 
 1519              		.section	.text.Motor_Calib_EncoderOffset,"ax",%progbits
ARM GAS  C:\Users\ACER\AppData\Local\Temp\ccJnZfJG.s 			page 49


 1520              		.align	1
 1521              		.global	Motor_Calib_EncoderOffset
 1522              		.syntax unified
 1523              		.thumb
 1524              		.thumb_func
 1526              	Motor_Calib_EncoderOffset:
 1527              	.LFB150:
 419:Core/Src/main.c ****   float mech;
 1528              		.loc 1 419 1 is_stmt 1 view -0
 1529              		.cfi_startproc
 1530              		@ args = 0, pretend = 0, frame = 16
 1531              		@ frame_needed = 0, uses_anonymous_args = 0
 1532 0000 10B5     		push	{r4, lr}
 1533              	.LCFI44:
 1534              		.cfi_def_cfa_offset 8
 1535              		.cfi_offset 4, -8
 1536              		.cfi_offset 14, -4
 1537 0002 84B0     		sub	sp, sp, #16
 1538              	.LCFI45:
 1539              		.cfi_def_cfa_offset 24
 420:Core/Src/main.c **** 
 1540              		.loc 1 420 3 view .LVU332
 422:Core/Src/main.c **** 
 1541              		.loc 1 422 3 view .LVU333
 1542 0004 3748     		ldr	r0, .L90
 1543 0006 FFF7FEFF 		bl	CDC_Log
 1544              	.LVL102:
 425:Core/Src/main.c ****   float Ubeta = 0.0f;
 1545              		.loc 1 425 3 view .LVU334
 426:Core/Src/main.c **** 
 1546              		.loc 1 426 3 view .LVU335
 428:Core/Src/main.c ****   SVPWM_Compute(&hsvpwm, Ualpha, Ubeta, &dA, &dB, &dC);
 1547              		.loc 1 428 3 view .LVU336
 429:Core/Src/main.c **** 
 1548              		.loc 1 429 3 view .LVU337
 1549 000a 374C     		ldr	r4, .L90+4
 1550 000c 01AB     		add	r3, sp, #4
 1551 000e 02AA     		add	r2, sp, #8
 1552 0010 03A9     		add	r1, sp, #12
 1553 0012 DFED360A 		vldr.32	s1, .L90+8
 1554 0016 B1EE040A 		vmov.f32	s0, #5.0e+0
 1555 001a 2046     		mov	r0, r4
 1556 001c FFF7FEFF 		bl	SVPWM_Compute
 1557              	.LVL103:
 431:Core/Src/main.c ****   __HAL_TIM_SET_COMPARE(&htim1, TIM_CHANNEL_2, dB * hsvpwm.pwm_period);
 1558              		.loc 1 431 3 view .LVU338
 1559 0020 D4ED017A 		vldr.32	s15, [r4, #4]
 1560 0024 9DED037A 		vldr.32	s14, [sp, #12]
 1561 0028 27EE877A 		vmul.f32	s14, s15, s14
 1562 002c 304B     		ldr	r3, .L90+12
 1563 002e 1B68     		ldr	r3, [r3]
 1564 0030 BCEEC77A 		vcvt.u32.f32	s14, s14
 1565 0034 83ED0D7A 		vstr.32	s14, [r3, #52]	@ int
 432:Core/Src/main.c ****   __HAL_TIM_SET_COMPARE(&htim1, TIM_CHANNEL_3, dC * hsvpwm.pwm_period);
 1566              		.loc 1 432 3 view .LVU339
 1567 0038 9DED027A 		vldr.32	s14, [sp, #8]
 1568 003c 27EE877A 		vmul.f32	s14, s15, s14
ARM GAS  C:\Users\ACER\AppData\Local\Temp\ccJnZfJG.s 			page 50


 1569 0040 BCEEC77A 		vcvt.u32.f32	s14, s14
 1570 0044 83ED0E7A 		vstr.32	s14, [r3, #56]	@ int
 433:Core/Src/main.c **** 
 1571              		.loc 1 433 3 view .LVU340
 1572 0048 9DED017A 		vldr.32	s14, [sp, #4]
 1573 004c 67EE877A 		vmul.f32	s15, s15, s14
 1574 0050 FCEEE77A 		vcvt.u32.f32	s15, s15
 1575 0054 C3ED0F7A 		vstr.32	s15, [r3, #60]	@ int
 435:Core/Src/main.c **** 
 1576              		.loc 1 435 3 view .LVU341
 1577 0058 4FF4FA70 		mov	r0, #500
 1578 005c FFF7FEFF 		bl	HAL_Delay
 1579              	.LVL104:
 438:Core/Src/main.c **** 
 1580              		.loc 1 438 3 view .LVU342
 438:Core/Src/main.c **** 
 1581              		.loc 1 438 10 is_stmt 0 view .LVU343
 1582 0060 FFF7FEFF 		bl	Encoder_GetAngleRad
 1583              	.LVL105:
 441:Core/Src/main.c **** 
 1584              		.loc 1 441 3 is_stmt 1 view .LVU344
 441:Core/Src/main.c **** 
 1585              		.loc 1 441 29 is_stmt 0 view .LVU345
 1586 0064 F9EE0C7A 		vmov.f32	s15, #-7.0e+0
 1587 0068 20EE270A 		vmul.f32	s0, s0, s15
 1588              	.LVL106:
 441:Core/Src/main.c **** 
 1589              		.loc 1 441 15 view .LVU346
 1590 006c 214B     		ldr	r3, .L90+16
 1591 006e 83ED000A 		vstr.32	s0, [r3]
 444:Core/Src/main.c ****     elec_offset += 2.0f * M_PI;
 1592              		.loc 1 444 3 is_stmt 1 view .LVU347
 444:Core/Src/main.c ****     elec_offset += 2.0f * M_PI;
 1593              		.loc 1 444 9 is_stmt 0 view .LVU348
 1594 0072 06E0     		b	.L85
 1595              	.L86:
 445:Core/Src/main.c ****   while (elec_offset > 2.0f * M_PI)
 1596              		.loc 1 445 5 is_stmt 1 view .LVU349
 445:Core/Src/main.c ****   while (elec_offset > 2.0f * M_PI)
 1597              		.loc 1 445 17 is_stmt 0 view .LVU350
 1598 0074 9FED207A 		vldr.32	s14, .L90+20
 1599 0078 77EE877A 		vadd.f32	s15, s15, s14
 1600 007c 1D4B     		ldr	r3, .L90+16
 1601 007e C3ED007A 		vstr.32	s15, [r3]
 1602              	.L85:
 444:Core/Src/main.c ****     elec_offset += 2.0f * M_PI;
 1603              		.loc 1 444 22 is_stmt 1 view .LVU351
 1604 0082 1C4B     		ldr	r3, .L90+16
 1605 0084 D3ED007A 		vldr.32	s15, [r3]
 1606 0088 F5EEC07A 		vcmpe.f32	s15, #0
 1607 008c F1EE10FA 		vmrs	APSR_nzcv, FPSCR
 1608 0090 F0D4     		bmi	.L86
 1609 0092 06E0     		b	.L87
 1610              	.L88:
 447:Core/Src/main.c **** 
 1611              		.loc 1 447 5 view .LVU352
 447:Core/Src/main.c **** 
ARM GAS  C:\Users\ACER\AppData\Local\Temp\ccJnZfJG.s 			page 51


 1612              		.loc 1 447 17 is_stmt 0 view .LVU353
 1613 0094 9FED187A 		vldr.32	s14, .L90+20
 1614 0098 77EEC77A 		vsub.f32	s15, s15, s14
 1615 009c 154B     		ldr	r3, .L90+16
 1616 009e C3ED007A 		vstr.32	s15, [r3]
 1617              	.L87:
 446:Core/Src/main.c ****     elec_offset -= 2.0f * M_PI;
 1618              		.loc 1 446 22 is_stmt 1 view .LVU354
 1619 00a2 144B     		ldr	r3, .L90+16
 1620 00a4 D3ED007A 		vldr.32	s15, [r3]
 1621 00a8 9FED137A 		vldr.32	s14, .L90+20
 1622 00ac F4EEC77A 		vcmpe.f32	s15, s14
 1623 00b0 F1EE10FA 		vmrs	APSR_nzcv, FPSCR
 1624 00b4 EEDC     		bgt	.L88
 449:Core/Src/main.c ****           elec_offset * 180.0f / M_PI);
 1625              		.loc 1 449 3 view .LVU355
 450:Core/Src/main.c **** }
 1626              		.loc 1 450 23 is_stmt 0 view .LVU356
 1627 00b6 9FED117A 		vldr.32	s14, .L90+24
 1628 00ba 67EE877A 		vmul.f32	s15, s15, s14
 450:Core/Src/main.c **** }
 1629              		.loc 1 450 32 view .LVU357
 1630 00be DFED0E6A 		vldr.32	s13, .L90+20
 1631 00c2 87EEA67A 		vdiv.f32	s14, s15, s13
 449:Core/Src/main.c ****           elec_offset * 180.0f / M_PI);
 1632              		.loc 1 449 3 view .LVU358
 1633 00c6 F6EE007A 		vmov.f32	s15, #5.0e-1
 1634 00ca 67EE277A 		vmul.f32	s15, s14, s15
 1635 00ce 17EE900A 		vmov	r0, s15
 1636 00d2 FFF7FEFF 		bl	__aeabi_f2d
 1637              	.LVL107:
 1638 00d6 0246     		mov	r2, r0
 1639 00d8 0B46     		mov	r3, r1
 1640 00da 0948     		ldr	r0, .L90+28
 1641 00dc FFF7FEFF 		bl	CDC_Log
 1642              	.LVL108:
 451:Core/Src/main.c **** #define CALIB_VOLTAGE 1.8f                 // nhỏ, không giật mạnh
 1643              		.loc 1 451 1 view .LVU359
 1644 00e0 04B0     		add	sp, sp, #16
 1645              	.LCFI46:
 1646              		.cfi_def_cfa_offset 8
 1647              		@ sp needed
 1648 00e2 10BD     		pop	{r4, pc}
 1649              	.L91:
 1650              		.align	2
 1651              	.L90:
 1652 00e4 00000000 		.word	.LC6
 1653 00e8 00000000 		.word	hsvpwm
 1654 00ec 00000000 		.word	0
 1655 00f0 00000000 		.word	htim1
 1656 00f4 00000000 		.word	elec_offset
 1657 00f8 DB0FC940 		.word	1086918619
 1658 00fc 00003443 		.word	1127481344
 1659 0100 14000000 		.word	.LC7
 1660              		.cfi_endproc
 1661              	.LFE150:
 1663              		.section	.rodata.Motor_Calib_EncoderOffset_Bidir.str1.4,"aMS",%progbits,1
ARM GAS  C:\Users\ACER\AppData\Local\Temp\ccJnZfJG.s 			page 52


 1664              		.align	2
 1665              	.LC8:
 1666 0000 454E4320 		.ascii	"ENC CALIB BIDIR START\000"
 1666      43414C49 
 1666      42204249 
 1666      44495220 
 1666      53544152 
 1667 0016 0000     		.align	2
 1668              	.LC9:
 1669 0018 656C6563 		.ascii	"elec_0 = %.2f\000"
 1669      5F30203D 
 1669      20252E32 
 1669      6600
 1670              		.section	.text.Motor_Calib_EncoderOffset_Bidir,"ax",%progbits
 1671              		.align	1
 1672              		.global	Motor_Calib_EncoderOffset_Bidir
 1673              		.syntax unified
 1674              		.thumb
 1675              		.thumb_func
 1677              	Motor_Calib_EncoderOffset_Bidir:
 1678              	.LFB151:
 457:Core/Src/main.c ****   float mech_fwd, mech_rev;
 1679              		.loc 1 457 1 is_stmt 1 view -0
 1680              		.cfi_startproc
 1681              		@ args = 0, pretend = 0, frame = 16
 1682              		@ frame_needed = 0, uses_anonymous_args = 0
 1683 0000 10B5     		push	{r4, lr}
 1684              	.LCFI47:
 1685              		.cfi_def_cfa_offset 8
 1686              		.cfi_offset 4, -8
 1687              		.cfi_offset 14, -4
 1688 0002 2DED048B 		vpush.64	{d8, d9}
 1689              	.LCFI48:
 1690              		.cfi_def_cfa_offset 24
 1691              		.cfi_offset 80, -24
 1692              		.cfi_offset 81, -20
 1693              		.cfi_offset 82, -16
 1694              		.cfi_offset 83, -12
 1695 0006 84B0     		sub	sp, sp, #16
 1696              	.LCFI49:
 1697              		.cfi_def_cfa_offset 40
 458:Core/Src/main.c ****   float angle = 0;
 1698              		.loc 1 458 3 view .LVU361
 459:Core/Src/main.c **** 
 1699              		.loc 1 459 3 view .LVU362
 1700              	.LVL109:
 461:Core/Src/main.c ****   /* --- BƯỚC 1: QUAY TIẾN --- */
 1701              		.loc 1 461 3 view .LVU363
 1702 0008 6848     		ldr	r0, .L102
 1703 000a FFF7FEFF 		bl	CDC_Log
 1704              	.LVL110:
 463:Core/Src/main.c ****   {
 1705              		.loc 1 463 3 view .LVU364
 459:Core/Src/main.c **** 
 1706              		.loc 1 459 9 is_stmt 0 view .LVU365
 1707 000e 9FED688A 		vldr.32	s16, .L102+4
 463:Core/Src/main.c ****   {
ARM GAS  C:\Users\ACER\AppData\Local\Temp\ccJnZfJG.s 			page 53


 1708              		.loc 1 463 9 view .LVU366
 1709 0012 3DE0     		b	.L93
 1710              	.LVL111:
 1711              	.L94:
 1712              	.LBB10:
 465:Core/Src/main.c ****     float Ualpha = CALIB_VOLTAGE * cosf(angle);
 1713              		.loc 1 465 5 is_stmt 1 view .LVU367
 465:Core/Src/main.c ****     float Ualpha = CALIB_VOLTAGE * cosf(angle);
 1714              		.loc 1 465 11 is_stmt 0 view .LVU368
 1715 0014 DFED677A 		vldr.32	s15, .L102+8
 1716 0018 38EE278A 		vadd.f32	s16, s16, s15
 1717              	.LVL112:
 466:Core/Src/main.c ****     float Ubeta = CALIB_VOLTAGE * sinf(angle);
 1718              		.loc 1 466 5 is_stmt 1 view .LVU369
 466:Core/Src/main.c ****     float Ubeta = CALIB_VOLTAGE * sinf(angle);
 1719              		.loc 1 466 36 is_stmt 0 view .LVU370
 1720 001c B0EE480A 		vmov.f32	s0, s16
 1721 0020 FFF7FEFF 		bl	cosf
 1722              	.LVL113:
 466:Core/Src/main.c ****     float Ubeta = CALIB_VOLTAGE * sinf(angle);
 1723              		.loc 1 466 11 discriminator 1 view .LVU371
 1724 0024 9FED649A 		vldr.32	s18, .L102+12
 1725 0028 60EE098A 		vmul.f32	s17, s0, s18
 1726              	.LVL114:
 467:Core/Src/main.c **** 
 1727              		.loc 1 467 5 is_stmt 1 view .LVU372
 467:Core/Src/main.c **** 
 1728              		.loc 1 467 35 is_stmt 0 view .LVU373
 1729 002c B0EE480A 		vmov.f32	s0, s16
 1730 0030 FFF7FEFF 		bl	sinf
 1731              	.LVL115:
 469:Core/Src/main.c ****     SVPWM_Compute(&hsvpwm, Ualpha, Ubeta, &dA, &dB, &dC);
 1732              		.loc 1 469 5 is_stmt 1 view .LVU374
 470:Core/Src/main.c **** 
 1733              		.loc 1 470 5 view .LVU375
 1734 0034 614C     		ldr	r4, .L102+16
 1735 0036 03AB     		add	r3, sp, #12
 1736 0038 02AA     		add	r2, sp, #8
 1737 003a 01A9     		add	r1, sp, #4
 1738 003c 60EE090A 		vmul.f32	s1, s0, s18
 1739              	.LVL116:
 470:Core/Src/main.c **** 
 1740              		.loc 1 470 5 is_stmt 0 view .LVU376
 1741 0040 B0EE680A 		vmov.f32	s0, s17
 1742 0044 2046     		mov	r0, r4
 1743 0046 FFF7FEFF 		bl	SVPWM_Compute
 1744              	.LVL117:
 472:Core/Src/main.c ****     __HAL_TIM_SET_COMPARE(&htim1, TIM_CHANNEL_2, dB * hsvpwm.pwm_period);
 1745              		.loc 1 472 5 is_stmt 1 view .LVU377
 1746 004a D4ED017A 		vldr.32	s15, [r4, #4]
 1747 004e 9DED017A 		vldr.32	s14, [sp, #4]
 1748 0052 27EE877A 		vmul.f32	s14, s15, s14
 1749 0056 5A4B     		ldr	r3, .L102+20
 1750 0058 1B68     		ldr	r3, [r3]
 1751 005a BCEEC77A 		vcvt.u32.f32	s14, s14
 1752 005e 83ED0D7A 		vstr.32	s14, [r3, #52]	@ int
 473:Core/Src/main.c ****     __HAL_TIM_SET_COMPARE(&htim1, TIM_CHANNEL_3, dC * hsvpwm.pwm_period);
ARM GAS  C:\Users\ACER\AppData\Local\Temp\ccJnZfJG.s 			page 54


 1753              		.loc 1 473 5 view .LVU378
 1754 0062 9DED027A 		vldr.32	s14, [sp, #8]
 1755 0066 27EE877A 		vmul.f32	s14, s15, s14
 1756 006a BCEEC77A 		vcvt.u32.f32	s14, s14
 1757 006e 83ED0E7A 		vstr.32	s14, [r3, #56]	@ int
 474:Core/Src/main.c **** 
 1758              		.loc 1 474 5 view .LVU379
 1759 0072 9DED037A 		vldr.32	s14, [sp, #12]
 1760 0076 67EE877A 		vmul.f32	s15, s15, s14
 1761 007a FCEEE77A 		vcvt.u32.f32	s15, s15
 1762 007e C3ED0F7A 		vstr.32	s15, [r3, #60]	@ int
 476:Core/Src/main.c ****     mech_fwd = Encoder_GetAngleRad();
 1763              		.loc 1 476 5 view .LVU380
 1764 0082 0520     		movs	r0, #5
 1765 0084 FFF7FEFF 		bl	HAL_Delay
 1766              	.LVL118:
 477:Core/Src/main.c ****   }
 1767              		.loc 1 477 5 view .LVU381
 477:Core/Src/main.c ****   }
 1768              		.loc 1 477 16 is_stmt 0 view .LVU382
 1769 0088 FFF7FEFF 		bl	Encoder_GetAngleRad
 1770              	.LVL119:
 1771 008c F0EE408A 		vmov.f32	s17, s0
 1772              	.LVL120:
 1773              	.L93:
 477:Core/Src/main.c ****   }
 1774              		.loc 1 477 16 view .LVU383
 1775              	.LBE10:
 463:Core/Src/main.c ****   {
 1776              		.loc 1 463 16 is_stmt 1 view .LVU384
 1777 0090 DFED4C7A 		vldr.32	s15, .L102+24
 1778 0094 B4EEE78A 		vcmpe.f32	s16, s15
 1779 0098 F1EE10FA 		vmrs	APSR_nzcv, FPSCR
 1780 009c BAD9     		bls	.L94
 479:Core/Src/main.c ****   while (angle > 0.0f)
 1781              		.loc 1 479 3 view .LVU385
 1782 009e 4FF4FA70 		mov	r0, #500
 1783 00a2 FFF7FEFF 		bl	HAL_Delay
 1784              	.LVL121:
 480:Core/Src/main.c ****   {
 1785              		.loc 1 480 3 view .LVU386
 480:Core/Src/main.c ****   {
 1786              		.loc 1 480 9 is_stmt 0 view .LVU387
 1787 00a6 3DE0     		b	.L95
 1788              	.LVL122:
 1789              	.L96:
 1790              	.LBB11:
 482:Core/Src/main.c ****     float Ualpha = CALIB_VOLTAGE * cosf(angle);
 1791              		.loc 1 482 5 is_stmt 1 view .LVU388
 482:Core/Src/main.c ****     float Ualpha = CALIB_VOLTAGE * cosf(angle);
 1792              		.loc 1 482 11 is_stmt 0 view .LVU389
 1793 00a8 DFED427A 		vldr.32	s15, .L102+8
 1794 00ac 38EE678A 		vsub.f32	s16, s16, s15
 1795              	.LVL123:
 483:Core/Src/main.c ****     float Ubeta = CALIB_VOLTAGE * sinf(angle);
 1796              		.loc 1 483 5 is_stmt 1 view .LVU390
 483:Core/Src/main.c ****     float Ubeta = CALIB_VOLTAGE * sinf(angle);
ARM GAS  C:\Users\ACER\AppData\Local\Temp\ccJnZfJG.s 			page 55


 1797              		.loc 1 483 36 is_stmt 0 view .LVU391
 1798 00b0 B0EE480A 		vmov.f32	s0, s16
 1799 00b4 FFF7FEFF 		bl	cosf
 1800              	.LVL124:
 483:Core/Src/main.c ****     float Ubeta = CALIB_VOLTAGE * sinf(angle);
 1801              		.loc 1 483 11 discriminator 1 view .LVU392
 1802 00b8 DFED3F9A 		vldr.32	s19, .L102+12
 1803              	.LVL125:
 483:Core/Src/main.c ****     float Ubeta = CALIB_VOLTAGE * sinf(angle);
 1804              		.loc 1 483 11 discriminator 1 view .LVU393
 1805 00bc 20EE299A 		vmul.f32	s18, s0, s19
 1806              	.LVL126:
 484:Core/Src/main.c **** 
 1807              		.loc 1 484 5 is_stmt 1 view .LVU394
 484:Core/Src/main.c **** 
 1808              		.loc 1 484 35 is_stmt 0 view .LVU395
 1809 00c0 B0EE480A 		vmov.f32	s0, s16
 1810 00c4 FFF7FEFF 		bl	sinf
 1811              	.LVL127:
 486:Core/Src/main.c ****     SVPWM_Compute(&hsvpwm, Ualpha, Ubeta, &dA, &dB, &dC);
 1812              		.loc 1 486 5 is_stmt 1 view .LVU396
 487:Core/Src/main.c **** 
 1813              		.loc 1 487 5 view .LVU397
 1814 00c8 3C4C     		ldr	r4, .L102+16
 1815 00ca 03AB     		add	r3, sp, #12
 1816 00cc 02AA     		add	r2, sp, #8
 1817 00ce 01A9     		add	r1, sp, #4
 1818 00d0 60EE290A 		vmul.f32	s1, s0, s19
 1819              	.LVL128:
 487:Core/Src/main.c **** 
 1820              		.loc 1 487 5 is_stmt 0 view .LVU398
 1821 00d4 B0EE490A 		vmov.f32	s0, s18
 1822 00d8 2046     		mov	r0, r4
 1823 00da FFF7FEFF 		bl	SVPWM_Compute
 1824              	.LVL129:
 489:Core/Src/main.c ****     __HAL_TIM_SET_COMPARE(&htim1, TIM_CHANNEL_2, dB * hsvpwm.pwm_period);
 1825              		.loc 1 489 5 is_stmt 1 view .LVU399
 1826 00de D4ED017A 		vldr.32	s15, [r4, #4]
 1827 00e2 9DED017A 		vldr.32	s14, [sp, #4]
 1828 00e6 27EE877A 		vmul.f32	s14, s15, s14
 1829 00ea 354B     		ldr	r3, .L102+20
 1830 00ec 1B68     		ldr	r3, [r3]
 1831 00ee BCEEC77A 		vcvt.u32.f32	s14, s14
 1832 00f2 83ED0D7A 		vstr.32	s14, [r3, #52]	@ int
 490:Core/Src/main.c ****     __HAL_TIM_SET_COMPARE(&htim1, TIM_CHANNEL_3, dC * hsvpwm.pwm_period);
 1833              		.loc 1 490 5 view .LVU400
 1834 00f6 9DED027A 		vldr.32	s14, [sp, #8]
 1835 00fa 27EE877A 		vmul.f32	s14, s15, s14
 1836 00fe BCEEC77A 		vcvt.u32.f32	s14, s14
 1837 0102 83ED0E7A 		vstr.32	s14, [r3, #56]	@ int
 491:Core/Src/main.c **** 
 1838              		.loc 1 491 5 view .LVU401
 1839 0106 9DED037A 		vldr.32	s14, [sp, #12]
 1840 010a 67EE877A 		vmul.f32	s15, s15, s14
 1841 010e FCEEE77A 		vcvt.u32.f32	s15, s15
 1842 0112 C3ED0F7A 		vstr.32	s15, [r3, #60]	@ int
 493:Core/Src/main.c ****     mech_rev = Encoder_GetAngleRad();
ARM GAS  C:\Users\ACER\AppData\Local\Temp\ccJnZfJG.s 			page 56


 1843              		.loc 1 493 5 view .LVU402
 1844 0116 0520     		movs	r0, #5
 1845 0118 FFF7FEFF 		bl	HAL_Delay
 1846              	.LVL130:
 494:Core/Src/main.c ****   }
 1847              		.loc 1 494 5 view .LVU403
 494:Core/Src/main.c ****   }
 1848              		.loc 1 494 16 is_stmt 0 view .LVU404
 1849 011c FFF7FEFF 		bl	Encoder_GetAngleRad
 1850              	.LVL131:
 1851 0120 F0EE409A 		vmov.f32	s19, s0
 1852              	.LVL132:
 1853              	.L95:
 494:Core/Src/main.c ****   }
 1854              		.loc 1 494 16 view .LVU405
 1855              	.LBE11:
 480:Core/Src/main.c ****   {
 1856              		.loc 1 480 16 is_stmt 1 view .LVU406
 1857 0124 B5EEC08A 		vcmpe.f32	s16, #0
 1858 0128 F1EE10FA 		vmrs	APSR_nzcv, FPSCR
 1859 012c BCDC     		bgt	.L96
 497:Core/Src/main.c ****   elec_offset = -POLE_PAIRS * mech_avg;
 1860              		.loc 1 497 3 view .LVU407
 497:Core/Src/main.c ****   elec_offset = -POLE_PAIRS * mech_avg;
 1861              		.loc 1 497 37 is_stmt 0 view .LVU408
 1862 012e 78EEA97A 		vadd.f32	s15, s17, s19
 497:Core/Src/main.c ****   elec_offset = -POLE_PAIRS * mech_avg;
 1863              		.loc 1 497 9 view .LVU409
 1864 0132 B6EE007A 		vmov.f32	s14, #5.0e-1
 1865 0136 67EE877A 		vmul.f32	s15, s15, s14
 1866              	.LVL133:
 498:Core/Src/main.c ****   while (elec_offset < 0)
 1867              		.loc 1 498 3 is_stmt 1 view .LVU410
 498:Core/Src/main.c ****   while (elec_offset < 0)
 1868              		.loc 1 498 29 is_stmt 0 view .LVU411
 1869 013a B9EE0C7A 		vmov.f32	s14, #-7.0e+0
 1870 013e 67EE877A 		vmul.f32	s15, s15, s14
 1871              	.LVL134:
 498:Core/Src/main.c ****   while (elec_offset < 0)
 1872              		.loc 1 498 15 view .LVU412
 1873 0142 214B     		ldr	r3, .L102+28
 1874 0144 C3ED007A 		vstr.32	s15, [r3]
 499:Core/Src/main.c ****     elec_offset += 2.0f * M_PI;
 1875              		.loc 1 499 3 is_stmt 1 view .LVU413
 499:Core/Src/main.c ****     elec_offset += 2.0f * M_PI;
 1876              		.loc 1 499 9 is_stmt 0 view .LVU414
 1877 0148 06E0     		b	.L97
 1878              	.L98:
 500:Core/Src/main.c ****   while (elec_offset >= 2.0f * M_PI)
 1879              		.loc 1 500 5 is_stmt 1 view .LVU415
 500:Core/Src/main.c ****   while (elec_offset >= 2.0f * M_PI)
 1880              		.loc 1 500 17 is_stmt 0 view .LVU416
 1881 014a 9FED207A 		vldr.32	s14, .L102+32
 1882 014e 77EE877A 		vadd.f32	s15, s15, s14
 1883 0152 1D4B     		ldr	r3, .L102+28
 1884 0154 C3ED007A 		vstr.32	s15, [r3]
 1885              	.L97:
ARM GAS  C:\Users\ACER\AppData\Local\Temp\ccJnZfJG.s 			page 57


 499:Core/Src/main.c ****     elec_offset += 2.0f * M_PI;
 1886              		.loc 1 499 22 is_stmt 1 view .LVU417
 1887 0158 1B4B     		ldr	r3, .L102+28
 1888 015a D3ED007A 		vldr.32	s15, [r3]
 1889 015e F5EEC07A 		vcmpe.f32	s15, #0
 1890 0162 F1EE10FA 		vmrs	APSR_nzcv, FPSCR
 1891 0166 F0D4     		bmi	.L98
 1892 0168 06E0     		b	.L99
 1893              	.L100:
 502:Core/Src/main.c ****   CDC_Log("elec_0 = %.2f", elec_offset);
 1894              		.loc 1 502 5 view .LVU418
 502:Core/Src/main.c ****   CDC_Log("elec_0 = %.2f", elec_offset);
 1895              		.loc 1 502 17 is_stmt 0 view .LVU419
 1896 016a 9FED187A 		vldr.32	s14, .L102+32
 1897 016e 77EEC77A 		vsub.f32	s15, s15, s14
 1898 0172 154B     		ldr	r3, .L102+28
 1899 0174 C3ED007A 		vstr.32	s15, [r3]
 1900              	.L99:
 501:Core/Src/main.c ****     elec_offset -= 2.0f * M_PI;
 1901              		.loc 1 501 22 is_stmt 1 view .LVU420
 1902 0178 134B     		ldr	r3, .L102+28
 1903 017a D3ED007A 		vldr.32	s15, [r3]
 1904 017e 9FED137A 		vldr.32	s14, .L102+32
 1905 0182 F4EEC77A 		vcmpe.f32	s15, s14
 1906 0186 F1EE10FA 		vmrs	APSR_nzcv, FPSCR
 1907 018a EEDA     		bge	.L100
 503:Core/Src/main.c ****   DRV8301_DisableGate(&hdrv8301);
 1908              		.loc 1 503 3 view .LVU421
 1909 018c 17EE900A 		vmov	r0, s15
 1910 0190 FFF7FEFF 		bl	__aeabi_f2d
 1911              	.LVL135:
 1912 0194 0246     		mov	r2, r0
 1913 0196 0B46     		mov	r3, r1
 1914 0198 0D48     		ldr	r0, .L102+36
 1915 019a FFF7FEFF 		bl	CDC_Log
 1916              	.LVL136:
 504:Core/Src/main.c **** }
 1917              		.loc 1 504 3 view .LVU422
 1918 019e 0D48     		ldr	r0, .L102+40
 1919 01a0 FFF7FEFF 		bl	DRV8301_DisableGate
 1920              	.LVL137:
 505:Core/Src/main.c **** float target = 0.0;
 1921              		.loc 1 505 1 is_stmt 0 view .LVU423
 1922 01a4 04B0     		add	sp, sp, #16
 1923              	.LCFI50:
 1924              		.cfi_def_cfa_offset 24
 1925              		@ sp needed
 1926 01a6 BDEC048B 		vldm	sp!, {d8-d9}
 1927              	.LCFI51:
 1928              		.cfi_restore 82
 1929              		.cfi_restore 83
 1930              		.cfi_restore 80
 1931              		.cfi_restore 81
 1932              		.cfi_def_cfa_offset 8
 1933              	.LVL138:
 505:Core/Src/main.c **** float target = 0.0;
 1934              		.loc 1 505 1 view .LVU424
ARM GAS  C:\Users\ACER\AppData\Local\Temp\ccJnZfJG.s 			page 58


 1935 01aa 10BD     		pop	{r4, pc}
 1936              	.L103:
 1937              		.align	2
 1938              	.L102:
 1939 01ac 00000000 		.word	.LC8
 1940 01b0 00000000 		.word	0
 1941 01b4 35FA0E3D 		.word	1024391733
 1942 01b8 6666E63F 		.word	1072064102
 1943 01bc 00000000 		.word	hsvpwm
 1944 01c0 00000000 		.word	htim1
 1945 01c4 DB0FC941 		.word	1103695835
 1946 01c8 00000000 		.word	elec_offset
 1947 01cc DB0FC940 		.word	1086918619
 1948 01d0 18000000 		.word	.LC9
 1949 01d4 00000000 		.word	hdrv8301
 1950              		.cfi_endproc
 1951              	.LFE151:
 1953              		.section	.rodata.Motor_Velocity_OpenLoop_Encoder.str1.4,"aMS",%progbits,1
 1954              		.align	2
 1955              	.LC10:
 1956 0000 55613D25 		.ascii	"Ua=%f,Ub=%f,da=%f,db=%f,dc=%f\000"
 1956      662C5562 
 1956      3D25662C 
 1956      64613D25 
 1956      662C6462 
 1957              		.section	.text.Motor_Velocity_OpenLoop_Encoder,"ax",%progbits
 1958              		.align	1
 1959              		.global	Motor_Velocity_OpenLoop_Encoder
 1960              		.syntax unified
 1961              		.thumb
 1962              		.thumb_func
 1964              	Motor_Velocity_OpenLoop_Encoder:
 1965              	.LVL139:
 1966              	.LFB152:
 508:Core/Src/main.c ****   /* 1. đọc góc cơ */
 1967              		.loc 1 508 1 is_stmt 1 view -0
 1968              		.cfi_startproc
 1969              		@ args = 0, pretend = 0, frame = 16
 1970              		@ frame_needed = 0, uses_anonymous_args = 0
 508:Core/Src/main.c ****   /* 1. đọc góc cơ */
 1971              		.loc 1 508 1 is_stmt 0 view .LVU426
 1972 0000 30B5     		push	{r4, r5, lr}
 1973              	.LCFI52:
 1974              		.cfi_def_cfa_offset 12
 1975              		.cfi_offset 4, -12
 1976              		.cfi_offset 5, -8
 1977              		.cfi_offset 14, -4
 1978 0002 2DED048B 		vpush.64	{d8, d9}
 1979              	.LCFI53:
 1980              		.cfi_def_cfa_offset 28
 1981              		.cfi_offset 80, -28
 1982              		.cfi_offset 81, -24
 1983              		.cfi_offset 82, -20
 1984              		.cfi_offset 83, -16
 1985 0006 8DB0     		sub	sp, sp, #52
 1986              	.LCFI54:
 1987              		.cfi_def_cfa_offset 80
ARM GAS  C:\Users\ACER\AppData\Local\Temp\ccJnZfJG.s 			page 59


 1988 0008 F0EE408A 		vmov.f32	s17, s0
 510:Core/Src/main.c **** 
 1989              		.loc 1 510 3 is_stmt 1 view .LVU427
 510:Core/Src/main.c **** 
 1990              		.loc 1 510 22 is_stmt 0 view .LVU428
 1991 000c FFF7FEFF 		bl	Encoder_GetAngleRad
 1992              	.LVL140:
 513:Core/Src/main.c **** 
 1993              		.loc 1 513 3 is_stmt 1 view .LVU429
 513:Core/Src/main.c **** 
 1994              		.loc 1 513 33 is_stmt 0 view .LVU430
 1995 0010 F1EE0C7A 		vmov.f32	s15, #7.0e+0
 1996 0014 20EE278A 		vmul.f32	s16, s0, s15
 513:Core/Src/main.c **** 
 1997              		.loc 1 513 46 view .LVU431
 1998 0018 3F4B     		ldr	r3, .L112
 1999 001a D3ED007A 		vldr.32	s15, [r3]
 513:Core/Src/main.c **** 
 2000              		.loc 1 513 9 view .LVU432
 2001 001e 38EE278A 		vadd.f32	s16, s16, s15
 2002              	.LVL141:
 516:Core/Src/main.c ****     theta_elec -= 2.0f * M_PI;
 2003              		.loc 1 516 3 is_stmt 1 view .LVU433
 516:Core/Src/main.c ****     theta_elec -= 2.0f * M_PI;
 2004              		.loc 1 516 9 is_stmt 0 view .LVU434
 2005 0022 03E0     		b	.L105
 2006              	.L106:
 517:Core/Src/main.c ****   while (theta_elec < 0)
 2007              		.loc 1 517 5 is_stmt 1 view .LVU435
 517:Core/Src/main.c ****   while (theta_elec < 0)
 2008              		.loc 1 517 16 is_stmt 0 view .LVU436
 2009 0024 DFED3D7A 		vldr.32	s15, .L112+4
 2010 0028 38EE678A 		vsub.f32	s16, s16, s15
 2011              	.LVL142:
 2012              	.L105:
 516:Core/Src/main.c ****     theta_elec -= 2.0f * M_PI;
 2013              		.loc 1 516 21 is_stmt 1 view .LVU437
 2014 002c DFED3B7A 		vldr.32	s15, .L112+4
 2015 0030 B4EEE78A 		vcmpe.f32	s16, s15
 2016 0034 F1EE10FA 		vmrs	APSR_nzcv, FPSCR
 2017 0038 F4DA     		bge	.L106
 2018 003a 03E0     		b	.L107
 2019              	.L108:
 519:Core/Src/main.c **** 
 2020              		.loc 1 519 5 view .LVU438
 519:Core/Src/main.c **** 
 2021              		.loc 1 519 16 is_stmt 0 view .LVU439
 2022 003c DFED377A 		vldr.32	s15, .L112+4
 2023 0040 38EE278A 		vadd.f32	s16, s16, s15
 2024              	.LVL143:
 2025              	.L107:
 518:Core/Src/main.c ****     theta_elec += 2.0f * M_PI;
 2026              		.loc 1 518 21 is_stmt 1 view .LVU440
 2027 0044 B5EEC08A 		vcmpe.f32	s16, #0
 2028 0048 F1EE10FA 		vmrs	APSR_nzcv, FPSCR
 2029 004c F6D4     		bmi	.L108
 522:Core/Src/main.c ****   float Ubeta = Uq_open * cosf(theta_elec);
ARM GAS  C:\Users\ACER\AppData\Local\Temp\ccJnZfJG.s 			page 60


 2030              		.loc 1 522 3 view .LVU441
 522:Core/Src/main.c ****   float Ubeta = Uq_open * cosf(theta_elec);
 2031              		.loc 1 522 18 is_stmt 0 view .LVU442
 2032 004e B1EE689A 		vneg.f32	s18, s17
 522:Core/Src/main.c ****   float Ubeta = Uq_open * cosf(theta_elec);
 2033              		.loc 1 522 29 view .LVU443
 2034 0052 B0EE480A 		vmov.f32	s0, s16
 2035              	.LVL144:
 522:Core/Src/main.c ****   float Ubeta = Uq_open * cosf(theta_elec);
 2036              		.loc 1 522 29 view .LVU444
 2037 0056 FFF7FEFF 		bl	sinf
 2038              	.LVL145:
 522:Core/Src/main.c ****   float Ubeta = Uq_open * cosf(theta_elec);
 2039              		.loc 1 522 9 discriminator 1 view .LVU445
 2040 005a 29EE009A 		vmul.f32	s18, s18, s0
 2041              	.LVL146:
 523:Core/Src/main.c **** 
 2042              		.loc 1 523 3 is_stmt 1 view .LVU446
 523:Core/Src/main.c **** 
 2043              		.loc 1 523 27 is_stmt 0 view .LVU447
 2044 005e B0EE480A 		vmov.f32	s0, s16
 2045 0062 FFF7FEFF 		bl	cosf
 2046              	.LVL147:
 523:Core/Src/main.c **** 
 2047              		.loc 1 523 9 discriminator 1 view .LVU448
 2048 0066 60EE288A 		vmul.f32	s17, s0, s17
 2049              	.LVL148:
 526:Core/Src/main.c ****   SVPWM_Compute(&hsvpwm, Ualpha, Ubeta, &dA, &dB, &dC);
 2050              		.loc 1 526 3 is_stmt 1 view .LVU449
 527:Core/Src/main.c **** 
 2051              		.loc 1 527 3 view .LVU450
 2052 006a 2D4C     		ldr	r4, .L112+8
 2053 006c 09AB     		add	r3, sp, #36
 2054 006e 0AAA     		add	r2, sp, #40
 2055 0070 0BA9     		add	r1, sp, #44
 2056 0072 F0EE680A 		vmov.f32	s1, s17
 2057 0076 B0EE490A 		vmov.f32	s0, s18
 2058 007a 2046     		mov	r0, r4
 2059 007c FFF7FEFF 		bl	SVPWM_Compute
 2060              	.LVL149:
 529:Core/Src/main.c ****   __HAL_TIM_SET_COMPARE(&htim1, TIM_CHANNEL_2, dB * hsvpwm.pwm_period);
 2061              		.loc 1 529 3 view .LVU451
 2062 0080 D4ED017A 		vldr.32	s15, [r4, #4]
 2063 0084 9DED0B7A 		vldr.32	s14, [sp, #44]
 2064 0088 27EE877A 		vmul.f32	s14, s15, s14
 2065 008c 254B     		ldr	r3, .L112+12
 2066 008e 1B68     		ldr	r3, [r3]
 2067 0090 BCEEC77A 		vcvt.u32.f32	s14, s14
 2068 0094 83ED0D7A 		vstr.32	s14, [r3, #52]	@ int
 530:Core/Src/main.c ****   __HAL_TIM_SET_COMPARE(&htim1, TIM_CHANNEL_3, dC * hsvpwm.pwm_period);
 2069              		.loc 1 530 3 view .LVU452
 2070 0098 9DED0A7A 		vldr.32	s14, [sp, #40]
 2071 009c 27EE877A 		vmul.f32	s14, s15, s14
 2072 00a0 BCEEC77A 		vcvt.u32.f32	s14, s14
 2073 00a4 83ED0E7A 		vstr.32	s14, [r3, #56]	@ int
 531:Core/Src/main.c ****   if (HAL_GetTick() - last_time > 30)
 2074              		.loc 1 531 3 view .LVU453
ARM GAS  C:\Users\ACER\AppData\Local\Temp\ccJnZfJG.s 			page 61


 2075 00a8 9DED097A 		vldr.32	s14, [sp, #36]
 2076 00ac 67EE877A 		vmul.f32	s15, s15, s14
 2077 00b0 FCEEE77A 		vcvt.u32.f32	s15, s15
 2078 00b4 C3ED0F7A 		vstr.32	s15, [r3, #60]	@ int
 532:Core/Src/main.c ****   {
 2079              		.loc 1 532 3 view .LVU454
 532:Core/Src/main.c ****   {
 2080              		.loc 1 532 7 is_stmt 0 view .LVU455
 2081 00b8 FFF7FEFF 		bl	HAL_GetTick
 2082              	.LVL150:
 532:Core/Src/main.c ****   {
 2083              		.loc 1 532 21 discriminator 1 view .LVU456
 2084 00bc 1A4B     		ldr	r3, .L112+16
 2085 00be 1B68     		ldr	r3, [r3]
 2086 00c0 C01A     		subs	r0, r0, r3
 532:Core/Src/main.c ****   {
 2087              		.loc 1 532 6 discriminator 1 view .LVU457
 2088 00c2 1E28     		cmp	r0, #30
 2089 00c4 03D8     		bhi	.L111
 2090              	.L104:
 539:Core/Src/main.c **** void print(char *c)
 2091              		.loc 1 539 1 view .LVU458
 2092 00c6 0DB0     		add	sp, sp, #52
 2093              	.LCFI55:
 2094              		.cfi_remember_state
 2095              		.cfi_def_cfa_offset 28
 2096              		@ sp needed
 2097 00c8 BDEC048B 		vldm	sp!, {d8-d9}
 2098              	.LCFI56:
 2099              		.cfi_restore 82
 2100              		.cfi_restore 83
 2101              		.cfi_restore 80
 2102              		.cfi_restore 81
 2103              		.cfi_def_cfa_offset 12
 2104              	.LVL151:
 539:Core/Src/main.c **** void print(char *c)
 2105              		.loc 1 539 1 view .LVU459
 2106 00cc 30BD     		pop	{r4, r5, pc}
 2107              	.LVL152:
 2108              	.L111:
 2109              	.LCFI57:
 2110              		.cfi_restore_state
 534:Core/Src/main.c ****     CDC_Log("Ua=%f,Ub=%f,da=%f,db=%f,dc=%f", Ualpha, Ubeta, dA, dB, dC);
 2111              		.loc 1 534 5 is_stmt 1 view .LVU460
 534:Core/Src/main.c ****     CDC_Log("Ua=%f,Ub=%f,da=%f,db=%f,dc=%f", Ualpha, Ubeta, dA, dB, dC);
 2112              		.loc 1 534 17 is_stmt 0 view .LVU461
 2113 00ce FFF7FEFF 		bl	HAL_GetTick
 2114              	.LVL153:
 534:Core/Src/main.c ****     CDC_Log("Ua=%f,Ub=%f,da=%f,db=%f,dc=%f", Ualpha, Ubeta, dA, dB, dC);
 2115              		.loc 1 534 15 discriminator 1 view .LVU462
 2116 00d2 154B     		ldr	r3, .L112+16
 2117 00d4 1860     		str	r0, [r3]
 535:Core/Src/main.c ****   }
 2118              		.loc 1 535 5 is_stmt 1 view .LVU463
 2119 00d6 19EE100A 		vmov	r0, s18
 2120 00da FFF7FEFF 		bl	__aeabi_f2d
 2121              	.LVL154:
ARM GAS  C:\Users\ACER\AppData\Local\Temp\ccJnZfJG.s 			page 62


 2122 00de 0446     		mov	r4, r0
 2123 00e0 0D46     		mov	r5, r1
 2124 00e2 0998     		ldr	r0, [sp, #36]	@ float
 2125 00e4 FFF7FEFF 		bl	__aeabi_f2d
 2126              	.LVL155:
 2127 00e8 CDE90601 		strd	r0, [sp, #24]
 2128 00ec 0A98     		ldr	r0, [sp, #40]	@ float
 2129 00ee FFF7FEFF 		bl	__aeabi_f2d
 2130              	.LVL156:
 2131 00f2 CDE90401 		strd	r0, [sp, #16]
 2132 00f6 0B98     		ldr	r0, [sp, #44]	@ float
 2133 00f8 FFF7FEFF 		bl	__aeabi_f2d
 2134              	.LVL157:
 2135 00fc CDE90201 		strd	r0, [sp, #8]
 2136 0100 18EE900A 		vmov	r0, s17
 2137 0104 FFF7FEFF 		bl	__aeabi_f2d
 2138              	.LVL158:
 2139 0108 CDE90001 		strd	r0, [sp]
 2140 010c 2246     		mov	r2, r4
 2141 010e 2B46     		mov	r3, r5
 2142 0110 0648     		ldr	r0, .L112+20
 2143 0112 FFF7FEFF 		bl	CDC_Log
 2144              	.LVL159:
 539:Core/Src/main.c **** void print(char *c)
 2145              		.loc 1 539 1 is_stmt 0 view .LVU464
 2146 0116 D6E7     		b	.L104
 2147              	.L113:
 2148              		.align	2
 2149              	.L112:
 2150 0118 00000000 		.word	elec_offset
 2151 011c DB0FC940 		.word	1086918619
 2152 0120 00000000 		.word	hsvpwm
 2153 0124 00000000 		.word	htim1
 2154 0128 00000000 		.word	last_time
 2155 012c 00000000 		.word	.LC10
 2156              		.cfi_endproc
 2157              	.LFE152:
 2159              		.section	.text.print,"ax",%progbits
 2160              		.align	1
 2161              		.global	print
 2162              		.syntax unified
 2163              		.thumb
 2164              		.thumb_func
 2166              	print:
 2167              	.LVL160:
 2168              	.LFB153:
 541:Core/Src/main.c **** 
 2169              		.loc 1 541 1 is_stmt 1 view -0
 2170              		.cfi_startproc
 2171              		@ args = 0, pretend = 0, frame = 0
 2172              		@ frame_needed = 0, uses_anonymous_args = 0
 541:Core/Src/main.c **** 
 2173              		.loc 1 541 1 is_stmt 0 view .LVU466
 2174 0000 08B5     		push	{r3, lr}
 2175              	.LCFI58:
 2176              		.cfi_def_cfa_offset 8
 2177              		.cfi_offset 3, -8
ARM GAS  C:\Users\ACER\AppData\Local\Temp\ccJnZfJG.s 			page 63


 2178              		.cfi_offset 14, -4
 543:Core/Src/main.c **** }
 2179              		.loc 1 543 3 is_stmt 1 view .LVU467
 2180 0002 1421     		movs	r1, #20
 2181 0004 FFF7FEFF 		bl	CDC_Transmit_FS
 2182              	.LVL161:
 544:Core/Src/main.c **** 
 2183              		.loc 1 544 1 is_stmt 0 view .LVU468
 2184 0008 08BD     		pop	{r3, pc}
 2185              		.cfi_endproc
 2186              	.LFE153:
 2188              		.section	.text.parse_float_dot,"ax",%progbits
 2189              		.align	1
 2190              		.global	parse_float_dot
 2191              		.syntax unified
 2192              		.thumb
 2193              		.thumb_func
 2195              	parse_float_dot:
 2196              	.LVL162:
 2197              	.LFB154:
 547:Core/Src/main.c ****   int sign = 1;
 2198              		.loc 1 547 1 is_stmt 1 view -0
 2199              		.cfi_startproc
 2200              		@ args = 0, pretend = 0, frame = 0
 2201              		@ frame_needed = 0, uses_anonymous_args = 0
 547:Core/Src/main.c ****   int sign = 1;
 2202              		.loc 1 547 1 is_stmt 0 view .LVU470
 2203 0000 30B5     		push	{r4, r5, lr}
 2204              	.LCFI59:
 2205              		.cfi_def_cfa_offset 12
 2206              		.cfi_offset 4, -12
 2207              		.cfi_offset 5, -8
 2208              		.cfi_offset 14, -4
 2209 0002 0346     		mov	r3, r0
 2210 0004 0C46     		mov	r4, r1
 548:Core/Src/main.c ****   int ipart = 0;
 2211              		.loc 1 548 3 is_stmt 1 view .LVU471
 2212              	.LVL163:
 549:Core/Src/main.c ****   int dpart = 0;
 2213              		.loc 1 549 3 view .LVU472
 550:Core/Src/main.c ****   float dscale = 1.0f;
 2214              		.loc 1 550 3 view .LVU473
 551:Core/Src/main.c ****   int has_digit = 0;
 2215              		.loc 1 551 3 view .LVU474
 552:Core/Src/main.c **** 
 2216              		.loc 1 552 3 view .LVU475
 555:Core/Src/main.c ****     s++;
 2217              		.loc 1 555 3 view .LVU476
 555:Core/Src/main.c ****     s++;
 2218              		.loc 1 555 9 is_stmt 0 view .LVU477
 2219 0006 00E0     		b	.L117
 2220              	.LVL164:
 2221              	.L118:
 556:Core/Src/main.c **** 
 2222              		.loc 1 556 5 is_stmt 1 view .LVU478
 556:Core/Src/main.c **** 
 2223              		.loc 1 556 6 is_stmt 0 view .LVU479
ARM GAS  C:\Users\ACER\AppData\Local\Temp\ccJnZfJG.s 			page 64


 2224 0008 0133     		adds	r3, r3, #1
 2225              	.LVL165:
 2226              	.L117:
 555:Core/Src/main.c ****     s++;
 2227              		.loc 1 555 34 is_stmt 1 view .LVU480
 555:Core/Src/main.c ****     s++;
 2228              		.loc 1 555 10 is_stmt 0 view .LVU481
 2229 000a 1A78     		ldrb	r2, [r3]	@ zero_extendqisi2
 555:Core/Src/main.c ****     s++;
 2230              		.loc 1 555 34 view .LVU482
 2231 000c 202A     		cmp	r2, #32
 2232 000e FBD0     		beq	.L118
 555:Core/Src/main.c ****     s++;
 2233              		.loc 1 555 20 discriminator 1 view .LVU483
 2234 0010 0D2A     		cmp	r2, #13
 2235 0012 F9D0     		beq	.L118
 555:Core/Src/main.c ****     s++;
 2236              		.loc 1 555 34 discriminator 2 view .LVU484
 2237 0014 0A2A     		cmp	r2, #10
 2238 0016 F7D0     		beq	.L118
 559:Core/Src/main.c ****   {
 2239              		.loc 1 559 3 is_stmt 1 view .LVU485
 559:Core/Src/main.c ****   {
 2240              		.loc 1 559 6 is_stmt 0 view .LVU486
 2241 0018 2D2A     		cmp	r2, #45
 2242 001a 06D0     		beq	.L130
 564:Core/Src/main.c ****   {
 2243              		.loc 1 564 8 is_stmt 1 view .LVU487
 564:Core/Src/main.c ****   {
 2244              		.loc 1 564 11 is_stmt 0 view .LVU488
 2245 001c 2B2A     		cmp	r2, #43
 2246 001e 09D0     		beq	.L131
 548:Core/Src/main.c ****   int ipart = 0;
 2247              		.loc 1 548 7 view .LVU489
 2248 0020 0122     		movs	r2, #1
 2249 0022 1546     		mov	r5, r2
 2250              	.LVL166:
 2251              	.L120:
 561:Core/Src/main.c ****     s++;
 2252              		.loc 1 561 10 view .LVU490
 2253 0024 0020     		movs	r0, #0
 2254 0026 0246     		mov	r2, r0
 2255 0028 10E0     		b	.L121
 2256              	.LVL167:
 2257              	.L130:
 561:Core/Src/main.c ****     s++;
 2258              		.loc 1 561 5 is_stmt 1 view .LVU491
 562:Core/Src/main.c ****   }
 2259              		.loc 1 562 5 view .LVU492
 562:Core/Src/main.c ****   }
 2260              		.loc 1 562 6 is_stmt 0 view .LVU493
 2261 002a 0133     		adds	r3, r3, #1
 2262              	.LVL168:
 561:Core/Src/main.c ****     s++;
 2263              		.loc 1 561 10 view .LVU494
 2264 002c 4FF0FF32 		mov	r2, #-1
 2265 0030 1546     		mov	r5, r2
ARM GAS  C:\Users\ACER\AppData\Local\Temp\ccJnZfJG.s 			page 65


 2266 0032 F7E7     		b	.L120
 2267              	.LVL169:
 2268              	.L131:
 566:Core/Src/main.c ****   }
 2269              		.loc 1 566 5 is_stmt 1 view .LVU495
 566:Core/Src/main.c ****   }
 2270              		.loc 1 566 6 is_stmt 0 view .LVU496
 2271 0034 0133     		adds	r3, r3, #1
 2272              	.LVL170:
 548:Core/Src/main.c ****   int ipart = 0;
 2273              		.loc 1 548 7 view .LVU497
 2274 0036 0122     		movs	r2, #1
 2275 0038 1546     		mov	r5, r2
 2276 003a F3E7     		b	.L120
 2277              	.LVL171:
 2278              	.L122:
 572:Core/Src/main.c ****     has_digit = 1;
 2279              		.loc 1 572 5 is_stmt 1 view .LVU498
 572:Core/Src/main.c ****     has_digit = 1;
 2280              		.loc 1 572 19 is_stmt 0 view .LVU499
 2281 003c 02EB8202 		add	r2, r2, r2, lsl #2
 2282              	.LVL172:
 572:Core/Src/main.c ****     has_digit = 1;
 2283              		.loc 1 572 30 view .LVU500
 2284 0040 ACF1300C 		sub	ip, ip, #48
 572:Core/Src/main.c ****     has_digit = 1;
 2285              		.loc 1 572 11 view .LVU501
 2286 0044 0CEB4202 		add	r2, ip, r2, lsl #1
 2287              	.LVL173:
 573:Core/Src/main.c ****     s++;
 2288              		.loc 1 573 5 is_stmt 1 view .LVU502
 574:Core/Src/main.c ****   }
 2289              		.loc 1 574 5 view .LVU503
 574:Core/Src/main.c ****   }
 2290              		.loc 1 574 6 is_stmt 0 view .LVU504
 2291 0048 0133     		adds	r3, r3, #1
 2292              	.LVL174:
 573:Core/Src/main.c ****     s++;
 2293              		.loc 1 573 15 view .LVU505
 2294 004a 0120     		movs	r0, #1
 2295              	.LVL175:
 2296              	.L121:
 570:Core/Src/main.c ****   {
 2297              		.loc 1 570 10 is_stmt 1 view .LVU506
 2298 004c 93F800C0 		ldrb	ip, [r3]	@ zero_extendqisi2
 2299 0050 1E49     		ldr	r1, .L133
 2300 0052 11F80CE0 		ldrb	lr, [r1, ip]	@ zero_extendqisi2
 2301 0056 1EF0040F 		tst	lr, #4
 2302 005a EFD1     		bne	.L122
 578:Core/Src/main.c ****   {
 2303              		.loc 1 578 3 view .LVU507
 578:Core/Src/main.c ****   {
 2304              		.loc 1 578 6 is_stmt 0 view .LVU508
 2305 005c BCF12E0F 		cmp	ip, #46
 2306 0060 19D0     		beq	.L132
 551:Core/Src/main.c ****   int has_digit = 0;
 2307              		.loc 1 551 9 view .LVU509
ARM GAS  C:\Users\ACER\AppData\Local\Temp\ccJnZfJG.s 			page 66


 2308 0062 F7EE007A 		vmov.f32	s15, #1.0e+0
 550:Core/Src/main.c ****   float dscale = 1.0f;
 2309              		.loc 1 550 7 view .LVU510
 2310 0066 4FF0000C 		mov	ip, #0
 2311              	.LVL176:
 2312              	.L123:
 590:Core/Src/main.c ****     return 0; // parse fail
 2313              		.loc 1 590 3 is_stmt 1 view .LVU511
 590:Core/Src/main.c ****     return 0; // parse fail
 2314              		.loc 1 590 6 is_stmt 0 view .LVU512
 2315 006a 98B1     		cbz	r0, .L116
 593:Core/Src/main.c ****   return 1; // parse OK
 2316              		.loc 1 593 3 is_stmt 1 view .LVU513
 593:Core/Src/main.c ****   return 1; // parse OK
 2317              		.loc 1 593 32 is_stmt 0 view .LVU514
 2318 006c 07EE10CA 		vmov	s14, ip	@ int
 2319 0070 B8EEC77A 		vcvt.f32.s32	s14, s14
 2320 0074 27EE277A 		vmul.f32	s14, s14, s15
 593:Core/Src/main.c ****   return 1; // parse OK
 2321              		.loc 1 593 24 view .LVU515
 2322 0078 07EE902A 		vmov	s15, r2	@ int
 2323              	.LVL177:
 593:Core/Src/main.c ****   return 1; // parse OK
 2324              		.loc 1 593 24 view .LVU516
 2325 007c F8EEE77A 		vcvt.f32.s32	s15, s15
 2326 0080 77EE877A 		vadd.f32	s15, s15, s14
 593:Core/Src/main.c ****   return 1; // parse OK
 2327              		.loc 1 593 15 view .LVU517
 2328 0084 07EE105A 		vmov	s14, r5	@ int
 2329 0088 B8EEC77A 		vcvt.f32.s32	s14, s14
 2330 008c 67EE277A 		vmul.f32	s15, s14, s15
 593:Core/Src/main.c ****   return 1; // parse OK
 2331              		.loc 1 593 8 view .LVU518
 2332 0090 C4ED007A 		vstr.32	s15, [r4]
 594:Core/Src/main.c **** }
 2333              		.loc 1 594 3 is_stmt 1 view .LVU519
 2334              	.L116:
 595:Core/Src/main.c **** // float angle = 0.0;
 2335              		.loc 1 595 1 is_stmt 0 view .LVU520
 2336 0094 30BD     		pop	{r4, r5, pc}
 2337              	.LVL178:
 2338              	.L132:
 580:Core/Src/main.c ****     while (isdigit((unsigned char)*s))
 2339              		.loc 1 580 5 is_stmt 1 view .LVU521
 580:Core/Src/main.c ****     while (isdigit((unsigned char)*s))
 2340              		.loc 1 580 6 is_stmt 0 view .LVU522
 2341 0096 0133     		adds	r3, r3, #1
 2342              	.LVL179:
 581:Core/Src/main.c ****     {
 2343              		.loc 1 581 5 is_stmt 1 view .LVU523
 551:Core/Src/main.c ****   int has_digit = 0;
 2344              		.loc 1 551 9 is_stmt 0 view .LVU524
 2345 0098 F7EE007A 		vmov.f32	s15, #1.0e+0
 550:Core/Src/main.c ****   float dscale = 1.0f;
 2346              		.loc 1 550 7 view .LVU525
 2347 009c 4FF0000C 		mov	ip, #0
 581:Core/Src/main.c ****     {
ARM GAS  C:\Users\ACER\AppData\Local\Temp\ccJnZfJG.s 			page 67


 2348              		.loc 1 581 11 view .LVU526
 2349 00a0 0BE0     		b	.L124
 2350              	.LVL180:
 2351              	.L125:
 583:Core/Src/main.c ****       dscale *= 0.1f;
 2352              		.loc 1 583 7 is_stmt 1 view .LVU527
 583:Core/Src/main.c ****       dscale *= 0.1f;
 2353              		.loc 1 583 21 is_stmt 0 view .LVU528
 2354 00a2 0CEB8C0C 		add	ip, ip, ip, lsl #2
 2355              	.LVL181:
 583:Core/Src/main.c ****       dscale *= 0.1f;
 2356              		.loc 1 583 32 view .LVU529
 2357 00a6 AEF1300E 		sub	lr, lr, #48
 583:Core/Src/main.c ****       dscale *= 0.1f;
 2358              		.loc 1 583 13 view .LVU530
 2359 00aa 0EEB4C0C 		add	ip, lr, ip, lsl #1
 2360              	.LVL182:
 584:Core/Src/main.c ****       has_digit = 1;
 2361              		.loc 1 584 7 is_stmt 1 view .LVU531
 584:Core/Src/main.c ****       has_digit = 1;
 2362              		.loc 1 584 14 is_stmt 0 view .LVU532
 2363 00ae 9FED087A 		vldr.32	s14, .L133+4
 2364 00b2 67EE877A 		vmul.f32	s15, s15, s14
 2365              	.LVL183:
 585:Core/Src/main.c ****       s++;
 2366              		.loc 1 585 7 is_stmt 1 view .LVU533
 586:Core/Src/main.c ****     }
 2367              		.loc 1 586 7 view .LVU534
 586:Core/Src/main.c ****     }
 2368              		.loc 1 586 8 is_stmt 0 view .LVU535
 2369 00b6 0133     		adds	r3, r3, #1
 2370              	.LVL184:
 585:Core/Src/main.c ****       s++;
 2371              		.loc 1 585 17 view .LVU536
 2372 00b8 0120     		movs	r0, #1
 2373              	.LVL185:
 2374              	.L124:
 581:Core/Src/main.c ****     {
 2375              		.loc 1 581 12 is_stmt 1 view .LVU537
 2376 00ba 93F800E0 		ldrb	lr, [r3]	@ zero_extendqisi2
 2377 00be 0349     		ldr	r1, .L133
 2378 00c0 11F80E10 		ldrb	r1, [r1, lr]	@ zero_extendqisi2
 2379 00c4 11F0040F 		tst	r1, #4
 2380 00c8 EBD1     		bne	.L125
 581:Core/Src/main.c ****     {
 2381              		.loc 1 581 12 is_stmt 0 view .LVU538
 2382 00ca CEE7     		b	.L123
 2383              	.L134:
 2384              		.align	2
 2385              	.L133:
 2386 00cc 01000000 		.word	_ctype_+1
 2387 00d0 CDCCCC3D 		.word	1036831949
 2388              		.cfi_endproc
 2389              	.LFE154:
 2391              		.section	.text.HAL_TIM_PeriodElapsedCallback,"ax",%progbits
 2392              		.align	1
 2393              		.global	HAL_TIM_PeriodElapsedCallback
ARM GAS  C:\Users\ACER\AppData\Local\Temp\ccJnZfJG.s 			page 68


 2394              		.syntax unified
 2395              		.thumb
 2396              		.thumb_func
 2398              	HAL_TIM_PeriodElapsedCallback:
 2399              	.LVL186:
 2400              	.LFB162:
 979:Core/Src/main.c **** 
 980:Core/Src/main.c **** /* USER CODE BEGIN 4 */
 981:Core/Src/main.c **** 
 982:Core/Src/main.c **** /* USER CODE END 4 */
 983:Core/Src/main.c **** 
 984:Core/Src/main.c **** /**
 985:Core/Src/main.c ****  * @brief  Period elapsed callback in non blocking mode
 986:Core/Src/main.c ****  * @note   This function is called  when TIM14 interrupt took place, inside
 987:Core/Src/main.c ****  * HAL_TIM_IRQHandler(). It makes a direct call to HAL_IncTick() to increment
 988:Core/Src/main.c ****  * a global variable "uwTick" used as application time base.
 989:Core/Src/main.c ****  * @param  htim : TIM handle
 990:Core/Src/main.c ****  * @retval None
 991:Core/Src/main.c ****  */
 992:Core/Src/main.c **** void HAL_TIM_PeriodElapsedCallback(TIM_HandleTypeDef *htim)
 993:Core/Src/main.c **** {
 2401              		.loc 1 993 1 is_stmt 1 view -0
 2402              		.cfi_startproc
 2403              		@ args = 0, pretend = 0, frame = 0
 2404              		@ frame_needed = 0, uses_anonymous_args = 0
 2405              		.loc 1 993 1 is_stmt 0 view .LVU540
 2406 0000 08B5     		push	{r3, lr}
 2407              	.LCFI60:
 2408              		.cfi_def_cfa_offset 8
 2409              		.cfi_offset 3, -8
 2410              		.cfi_offset 14, -4
 994:Core/Src/main.c ****   /* USER CODE BEGIN Callback 0 */
 995:Core/Src/main.c **** 
 996:Core/Src/main.c ****   /* USER CODE END Callback 0 */
 997:Core/Src/main.c ****   if (htim->Instance == TIM14)
 2411              		.loc 1 997 3 is_stmt 1 view .LVU541
 2412              		.loc 1 997 11 is_stmt 0 view .LVU542
 2413 0002 0268     		ldr	r2, [r0]
 2414              		.loc 1 997 6 view .LVU543
 2415 0004 034B     		ldr	r3, .L139
 2416 0006 9A42     		cmp	r2, r3
 2417 0008 00D0     		beq	.L138
 2418              	.LVL187:
 2419              	.L135:
 998:Core/Src/main.c ****   {
 999:Core/Src/main.c ****     HAL_IncTick();
1000:Core/Src/main.c ****   }
1001:Core/Src/main.c ****   /* USER CODE BEGIN Callback 1 */
1002:Core/Src/main.c **** 
1003:Core/Src/main.c ****   /* USER CODE END Callback 1 */
1004:Core/Src/main.c **** }
 2420              		.loc 1 1004 1 view .LVU544
 2421 000a 08BD     		pop	{r3, pc}
 2422              	.LVL188:
 2423              	.L138:
 999:Core/Src/main.c ****   }
 2424              		.loc 1 999 5 is_stmt 1 view .LVU545
ARM GAS  C:\Users\ACER\AppData\Local\Temp\ccJnZfJG.s 			page 69


 2425 000c FFF7FEFF 		bl	HAL_IncTick
 2426              	.LVL189:
 2427              		.loc 1 1004 1 is_stmt 0 view .LVU546
 2428 0010 FBE7     		b	.L135
 2429              	.L140:
 2430 0012 00BF     		.align	2
 2431              	.L139:
 2432 0014 00200040 		.word	1073750016
 2433              		.cfi_endproc
 2434              	.LFE162:
 2436              		.section	.text.Error_Handler,"ax",%progbits
 2437              		.align	1
 2438              		.global	Error_Handler
 2439              		.syntax unified
 2440              		.thumb
 2441              		.thumb_func
 2443              	Error_Handler:
 2444              	.LFB163:
1005:Core/Src/main.c **** 
1006:Core/Src/main.c **** /**
1007:Core/Src/main.c ****  * @brief  This function is executed in case of error occurrence.
1008:Core/Src/main.c ****  * @retval None
1009:Core/Src/main.c ****  */
1010:Core/Src/main.c **** void Error_Handler(void)
1011:Core/Src/main.c **** {
 2445              		.loc 1 1011 1 is_stmt 1 view -0
 2446              		.cfi_startproc
 2447              		@ Volatile: function does not return.
 2448              		@ args = 0, pretend = 0, frame = 0
 2449              		@ frame_needed = 0, uses_anonymous_args = 0
 2450              		@ link register save eliminated.
1012:Core/Src/main.c ****   /* USER CODE BEGIN Error_Handler_Debug */
1013:Core/Src/main.c ****   /* User can add his own implementation to report the HAL error return state */
1014:Core/Src/main.c ****   __disable_irq();
 2451              		.loc 1 1014 3 view .LVU548
 2452              	.LBB12:
 2453              	.LBI12:
 2454              		.file 2 "Drivers/CMSIS/Include/cmsis_gcc.h"
   1:Drivers/CMSIS/Include/cmsis_gcc.h **** /**************************************************************************//**
   2:Drivers/CMSIS/Include/cmsis_gcc.h ****  * @file     cmsis_gcc.h
   3:Drivers/CMSIS/Include/cmsis_gcc.h ****  * @brief    CMSIS compiler GCC header file
   4:Drivers/CMSIS/Include/cmsis_gcc.h ****  * @version  V5.4.1
   5:Drivers/CMSIS/Include/cmsis_gcc.h ****  * @date     27. May 2021
   6:Drivers/CMSIS/Include/cmsis_gcc.h ****  ******************************************************************************/
   7:Drivers/CMSIS/Include/cmsis_gcc.h **** /*
   8:Drivers/CMSIS/Include/cmsis_gcc.h ****  * Copyright (c) 2009-2021 Arm Limited. All rights reserved.
   9:Drivers/CMSIS/Include/cmsis_gcc.h ****  *
  10:Drivers/CMSIS/Include/cmsis_gcc.h ****  * SPDX-License-Identifier: Apache-2.0
  11:Drivers/CMSIS/Include/cmsis_gcc.h ****  *
  12:Drivers/CMSIS/Include/cmsis_gcc.h ****  * Licensed under the Apache License, Version 2.0 (the License); you may
  13:Drivers/CMSIS/Include/cmsis_gcc.h ****  * not use this file except in compliance with the License.
  14:Drivers/CMSIS/Include/cmsis_gcc.h ****  * You may obtain a copy of the License at
  15:Drivers/CMSIS/Include/cmsis_gcc.h ****  *
  16:Drivers/CMSIS/Include/cmsis_gcc.h ****  * www.apache.org/licenses/LICENSE-2.0
  17:Drivers/CMSIS/Include/cmsis_gcc.h ****  *
  18:Drivers/CMSIS/Include/cmsis_gcc.h ****  * Unless required by applicable law or agreed to in writing, software
  19:Drivers/CMSIS/Include/cmsis_gcc.h ****  * distributed under the License is distributed on an AS IS BASIS, WITHOUT
ARM GAS  C:\Users\ACER\AppData\Local\Temp\ccJnZfJG.s 			page 70


  20:Drivers/CMSIS/Include/cmsis_gcc.h ****  * WARRANTIES OR CONDITIONS OF ANY KIND, either express or implied.
  21:Drivers/CMSIS/Include/cmsis_gcc.h ****  * See the License for the specific language governing permissions and
  22:Drivers/CMSIS/Include/cmsis_gcc.h ****  * limitations under the License.
  23:Drivers/CMSIS/Include/cmsis_gcc.h ****  */
  24:Drivers/CMSIS/Include/cmsis_gcc.h **** 
  25:Drivers/CMSIS/Include/cmsis_gcc.h **** #ifndef __CMSIS_GCC_H
  26:Drivers/CMSIS/Include/cmsis_gcc.h **** #define __CMSIS_GCC_H
  27:Drivers/CMSIS/Include/cmsis_gcc.h **** 
  28:Drivers/CMSIS/Include/cmsis_gcc.h **** /* ignore some GCC warnings */
  29:Drivers/CMSIS/Include/cmsis_gcc.h **** #pragma GCC diagnostic push
  30:Drivers/CMSIS/Include/cmsis_gcc.h **** #pragma GCC diagnostic ignored "-Wsign-conversion"
  31:Drivers/CMSIS/Include/cmsis_gcc.h **** #pragma GCC diagnostic ignored "-Wconversion"
  32:Drivers/CMSIS/Include/cmsis_gcc.h **** #pragma GCC diagnostic ignored "-Wunused-parameter"
  33:Drivers/CMSIS/Include/cmsis_gcc.h **** 
  34:Drivers/CMSIS/Include/cmsis_gcc.h **** /* Fallback for __has_builtin */
  35:Drivers/CMSIS/Include/cmsis_gcc.h **** #ifndef __has_builtin
  36:Drivers/CMSIS/Include/cmsis_gcc.h ****   #define __has_builtin(x) (0)
  37:Drivers/CMSIS/Include/cmsis_gcc.h **** #endif
  38:Drivers/CMSIS/Include/cmsis_gcc.h **** 
  39:Drivers/CMSIS/Include/cmsis_gcc.h **** /* CMSIS compiler specific defines */
  40:Drivers/CMSIS/Include/cmsis_gcc.h **** #ifndef   __ASM
  41:Drivers/CMSIS/Include/cmsis_gcc.h ****   #define __ASM                                  __asm
  42:Drivers/CMSIS/Include/cmsis_gcc.h **** #endif
  43:Drivers/CMSIS/Include/cmsis_gcc.h **** #ifndef   __INLINE
  44:Drivers/CMSIS/Include/cmsis_gcc.h ****   #define __INLINE                               inline
  45:Drivers/CMSIS/Include/cmsis_gcc.h **** #endif
  46:Drivers/CMSIS/Include/cmsis_gcc.h **** #ifndef   __STATIC_INLINE
  47:Drivers/CMSIS/Include/cmsis_gcc.h ****   #define __STATIC_INLINE                        static inline
  48:Drivers/CMSIS/Include/cmsis_gcc.h **** #endif
  49:Drivers/CMSIS/Include/cmsis_gcc.h **** #ifndef   __STATIC_FORCEINLINE
  50:Drivers/CMSIS/Include/cmsis_gcc.h ****   #define __STATIC_FORCEINLINE                   __attribute__((always_inline)) static inline
  51:Drivers/CMSIS/Include/cmsis_gcc.h **** #endif
  52:Drivers/CMSIS/Include/cmsis_gcc.h **** #ifndef   __NO_RETURN
  53:Drivers/CMSIS/Include/cmsis_gcc.h ****   #define __NO_RETURN                            __attribute__((__noreturn__))
  54:Drivers/CMSIS/Include/cmsis_gcc.h **** #endif
  55:Drivers/CMSIS/Include/cmsis_gcc.h **** #ifndef   __USED
  56:Drivers/CMSIS/Include/cmsis_gcc.h ****   #define __USED                                 __attribute__((used))
  57:Drivers/CMSIS/Include/cmsis_gcc.h **** #endif
  58:Drivers/CMSIS/Include/cmsis_gcc.h **** #ifndef   __WEAK
  59:Drivers/CMSIS/Include/cmsis_gcc.h ****   #define __WEAK                                 __attribute__((weak))
  60:Drivers/CMSIS/Include/cmsis_gcc.h **** #endif
  61:Drivers/CMSIS/Include/cmsis_gcc.h **** #ifndef   __PACKED
  62:Drivers/CMSIS/Include/cmsis_gcc.h ****   #define __PACKED                               __attribute__((packed, aligned(1)))
  63:Drivers/CMSIS/Include/cmsis_gcc.h **** #endif
  64:Drivers/CMSIS/Include/cmsis_gcc.h **** #ifndef   __PACKED_STRUCT
  65:Drivers/CMSIS/Include/cmsis_gcc.h ****   #define __PACKED_STRUCT                        struct __attribute__((packed, aligned(1)))
  66:Drivers/CMSIS/Include/cmsis_gcc.h **** #endif
  67:Drivers/CMSIS/Include/cmsis_gcc.h **** #ifndef   __PACKED_UNION
  68:Drivers/CMSIS/Include/cmsis_gcc.h ****   #define __PACKED_UNION                         union __attribute__((packed, aligned(1)))
  69:Drivers/CMSIS/Include/cmsis_gcc.h **** #endif
  70:Drivers/CMSIS/Include/cmsis_gcc.h **** #ifndef   __UNALIGNED_UINT32        /* deprecated */
  71:Drivers/CMSIS/Include/cmsis_gcc.h ****   #pragma GCC diagnostic push
  72:Drivers/CMSIS/Include/cmsis_gcc.h ****   #pragma GCC diagnostic ignored "-Wpacked"
  73:Drivers/CMSIS/Include/cmsis_gcc.h ****   #pragma GCC diagnostic ignored "-Wattributes"
  74:Drivers/CMSIS/Include/cmsis_gcc.h ****   struct __attribute__((packed)) T_UINT32 { uint32_t v; };
  75:Drivers/CMSIS/Include/cmsis_gcc.h ****   #pragma GCC diagnostic pop
  76:Drivers/CMSIS/Include/cmsis_gcc.h ****   #define __UNALIGNED_UINT32(x)                  (((struct T_UINT32 *)(x))->v)
ARM GAS  C:\Users\ACER\AppData\Local\Temp\ccJnZfJG.s 			page 71


  77:Drivers/CMSIS/Include/cmsis_gcc.h **** #endif
  78:Drivers/CMSIS/Include/cmsis_gcc.h **** #ifndef   __UNALIGNED_UINT16_WRITE
  79:Drivers/CMSIS/Include/cmsis_gcc.h ****   #pragma GCC diagnostic push
  80:Drivers/CMSIS/Include/cmsis_gcc.h ****   #pragma GCC diagnostic ignored "-Wpacked"
  81:Drivers/CMSIS/Include/cmsis_gcc.h ****   #pragma GCC diagnostic ignored "-Wattributes"
  82:Drivers/CMSIS/Include/cmsis_gcc.h ****   __PACKED_STRUCT T_UINT16_WRITE { uint16_t v; };
  83:Drivers/CMSIS/Include/cmsis_gcc.h ****   #pragma GCC diagnostic pop
  84:Drivers/CMSIS/Include/cmsis_gcc.h ****   #define __UNALIGNED_UINT16_WRITE(addr, val)    (void)((((struct T_UINT16_WRITE *)(void *)(addr))-
  85:Drivers/CMSIS/Include/cmsis_gcc.h **** #endif
  86:Drivers/CMSIS/Include/cmsis_gcc.h **** #ifndef   __UNALIGNED_UINT16_READ
  87:Drivers/CMSIS/Include/cmsis_gcc.h ****   #pragma GCC diagnostic push
  88:Drivers/CMSIS/Include/cmsis_gcc.h ****   #pragma GCC diagnostic ignored "-Wpacked"
  89:Drivers/CMSIS/Include/cmsis_gcc.h ****   #pragma GCC diagnostic ignored "-Wattributes"
  90:Drivers/CMSIS/Include/cmsis_gcc.h ****   __PACKED_STRUCT T_UINT16_READ { uint16_t v; };
  91:Drivers/CMSIS/Include/cmsis_gcc.h ****   #pragma GCC diagnostic pop
  92:Drivers/CMSIS/Include/cmsis_gcc.h ****   #define __UNALIGNED_UINT16_READ(addr)          (((const struct T_UINT16_READ *)(const void *)(add
  93:Drivers/CMSIS/Include/cmsis_gcc.h **** #endif
  94:Drivers/CMSIS/Include/cmsis_gcc.h **** #ifndef   __UNALIGNED_UINT32_WRITE
  95:Drivers/CMSIS/Include/cmsis_gcc.h ****   #pragma GCC diagnostic push
  96:Drivers/CMSIS/Include/cmsis_gcc.h ****   #pragma GCC diagnostic ignored "-Wpacked"
  97:Drivers/CMSIS/Include/cmsis_gcc.h ****   #pragma GCC diagnostic ignored "-Wattributes"
  98:Drivers/CMSIS/Include/cmsis_gcc.h ****   __PACKED_STRUCT T_UINT32_WRITE { uint32_t v; };
  99:Drivers/CMSIS/Include/cmsis_gcc.h ****   #pragma GCC diagnostic pop
 100:Drivers/CMSIS/Include/cmsis_gcc.h ****   #define __UNALIGNED_UINT32_WRITE(addr, val)    (void)((((struct T_UINT32_WRITE *)(void *)(addr))-
 101:Drivers/CMSIS/Include/cmsis_gcc.h **** #endif
 102:Drivers/CMSIS/Include/cmsis_gcc.h **** #ifndef   __UNALIGNED_UINT32_READ
 103:Drivers/CMSIS/Include/cmsis_gcc.h ****   #pragma GCC diagnostic push
 104:Drivers/CMSIS/Include/cmsis_gcc.h ****   #pragma GCC diagnostic ignored "-Wpacked"
 105:Drivers/CMSIS/Include/cmsis_gcc.h ****   #pragma GCC diagnostic ignored "-Wattributes"
 106:Drivers/CMSIS/Include/cmsis_gcc.h ****   __PACKED_STRUCT T_UINT32_READ { uint32_t v; };
 107:Drivers/CMSIS/Include/cmsis_gcc.h ****   #pragma GCC diagnostic pop
 108:Drivers/CMSIS/Include/cmsis_gcc.h ****   #define __UNALIGNED_UINT32_READ(addr)          (((const struct T_UINT32_READ *)(const void *)(add
 109:Drivers/CMSIS/Include/cmsis_gcc.h **** #endif
 110:Drivers/CMSIS/Include/cmsis_gcc.h **** #ifndef   __ALIGNED
 111:Drivers/CMSIS/Include/cmsis_gcc.h ****   #define __ALIGNED(x)                           __attribute__((aligned(x)))
 112:Drivers/CMSIS/Include/cmsis_gcc.h **** #endif
 113:Drivers/CMSIS/Include/cmsis_gcc.h **** #ifndef   __RESTRICT
 114:Drivers/CMSIS/Include/cmsis_gcc.h ****   #define __RESTRICT                             __restrict
 115:Drivers/CMSIS/Include/cmsis_gcc.h **** #endif
 116:Drivers/CMSIS/Include/cmsis_gcc.h **** #ifndef   __COMPILER_BARRIER
 117:Drivers/CMSIS/Include/cmsis_gcc.h ****   #define __COMPILER_BARRIER()                   __ASM volatile("":::"memory")
 118:Drivers/CMSIS/Include/cmsis_gcc.h **** #endif
 119:Drivers/CMSIS/Include/cmsis_gcc.h **** 
 120:Drivers/CMSIS/Include/cmsis_gcc.h **** /* #########################  Startup and Lowlevel Init  ######################## */
 121:Drivers/CMSIS/Include/cmsis_gcc.h **** 
 122:Drivers/CMSIS/Include/cmsis_gcc.h **** #ifndef __PROGRAM_START
 123:Drivers/CMSIS/Include/cmsis_gcc.h **** 
 124:Drivers/CMSIS/Include/cmsis_gcc.h **** /**
 125:Drivers/CMSIS/Include/cmsis_gcc.h ****   \brief   Initializes data and bss sections
 126:Drivers/CMSIS/Include/cmsis_gcc.h ****   \details This default implementations initialized all data and additional bss
 127:Drivers/CMSIS/Include/cmsis_gcc.h ****            sections relying on .copy.table and .zero.table specified properly
 128:Drivers/CMSIS/Include/cmsis_gcc.h ****            in the used linker script.
 129:Drivers/CMSIS/Include/cmsis_gcc.h **** 
 130:Drivers/CMSIS/Include/cmsis_gcc.h ****  */
 131:Drivers/CMSIS/Include/cmsis_gcc.h **** __STATIC_FORCEINLINE __NO_RETURN void __cmsis_start(void)
 132:Drivers/CMSIS/Include/cmsis_gcc.h **** {
 133:Drivers/CMSIS/Include/cmsis_gcc.h ****   extern void _start(void) __NO_RETURN;
ARM GAS  C:\Users\ACER\AppData\Local\Temp\ccJnZfJG.s 			page 72


 134:Drivers/CMSIS/Include/cmsis_gcc.h **** 
 135:Drivers/CMSIS/Include/cmsis_gcc.h ****   typedef struct {
 136:Drivers/CMSIS/Include/cmsis_gcc.h ****     uint32_t const* src;
 137:Drivers/CMSIS/Include/cmsis_gcc.h ****     uint32_t* dest;
 138:Drivers/CMSIS/Include/cmsis_gcc.h ****     uint32_t  wlen;
 139:Drivers/CMSIS/Include/cmsis_gcc.h ****   } __copy_table_t;
 140:Drivers/CMSIS/Include/cmsis_gcc.h **** 
 141:Drivers/CMSIS/Include/cmsis_gcc.h ****   typedef struct {
 142:Drivers/CMSIS/Include/cmsis_gcc.h ****     uint32_t* dest;
 143:Drivers/CMSIS/Include/cmsis_gcc.h ****     uint32_t  wlen;
 144:Drivers/CMSIS/Include/cmsis_gcc.h ****   } __zero_table_t;
 145:Drivers/CMSIS/Include/cmsis_gcc.h **** 
 146:Drivers/CMSIS/Include/cmsis_gcc.h ****   extern const __copy_table_t __copy_table_start__;
 147:Drivers/CMSIS/Include/cmsis_gcc.h ****   extern const __copy_table_t __copy_table_end__;
 148:Drivers/CMSIS/Include/cmsis_gcc.h ****   extern const __zero_table_t __zero_table_start__;
 149:Drivers/CMSIS/Include/cmsis_gcc.h ****   extern const __zero_table_t __zero_table_end__;
 150:Drivers/CMSIS/Include/cmsis_gcc.h **** 
 151:Drivers/CMSIS/Include/cmsis_gcc.h ****   for (__copy_table_t const* pTable = &__copy_table_start__; pTable < &__copy_table_end__; ++pTable
 152:Drivers/CMSIS/Include/cmsis_gcc.h ****     for(uint32_t i=0u; i<pTable->wlen; ++i) {
 153:Drivers/CMSIS/Include/cmsis_gcc.h ****       pTable->dest[i] = pTable->src[i];
 154:Drivers/CMSIS/Include/cmsis_gcc.h ****     }
 155:Drivers/CMSIS/Include/cmsis_gcc.h ****   }
 156:Drivers/CMSIS/Include/cmsis_gcc.h **** 
 157:Drivers/CMSIS/Include/cmsis_gcc.h ****   for (__zero_table_t const* pTable = &__zero_table_start__; pTable < &__zero_table_end__; ++pTable
 158:Drivers/CMSIS/Include/cmsis_gcc.h ****     for(uint32_t i=0u; i<pTable->wlen; ++i) {
 159:Drivers/CMSIS/Include/cmsis_gcc.h ****       pTable->dest[i] = 0u;
 160:Drivers/CMSIS/Include/cmsis_gcc.h ****     }
 161:Drivers/CMSIS/Include/cmsis_gcc.h ****   }
 162:Drivers/CMSIS/Include/cmsis_gcc.h **** 
 163:Drivers/CMSIS/Include/cmsis_gcc.h ****   _start();
 164:Drivers/CMSIS/Include/cmsis_gcc.h **** }
 165:Drivers/CMSIS/Include/cmsis_gcc.h **** 
 166:Drivers/CMSIS/Include/cmsis_gcc.h **** #define __PROGRAM_START           __cmsis_start
 167:Drivers/CMSIS/Include/cmsis_gcc.h **** #endif
 168:Drivers/CMSIS/Include/cmsis_gcc.h **** 
 169:Drivers/CMSIS/Include/cmsis_gcc.h **** #ifndef __INITIAL_SP
 170:Drivers/CMSIS/Include/cmsis_gcc.h **** #define __INITIAL_SP              __StackTop
 171:Drivers/CMSIS/Include/cmsis_gcc.h **** #endif
 172:Drivers/CMSIS/Include/cmsis_gcc.h **** 
 173:Drivers/CMSIS/Include/cmsis_gcc.h **** #ifndef __STACK_LIMIT
 174:Drivers/CMSIS/Include/cmsis_gcc.h **** #define __STACK_LIMIT             __StackLimit
 175:Drivers/CMSIS/Include/cmsis_gcc.h **** #endif
 176:Drivers/CMSIS/Include/cmsis_gcc.h **** 
 177:Drivers/CMSIS/Include/cmsis_gcc.h **** #ifndef __VECTOR_TABLE
 178:Drivers/CMSIS/Include/cmsis_gcc.h **** #define __VECTOR_TABLE            __Vectors
 179:Drivers/CMSIS/Include/cmsis_gcc.h **** #endif
 180:Drivers/CMSIS/Include/cmsis_gcc.h **** 
 181:Drivers/CMSIS/Include/cmsis_gcc.h **** #ifndef __VECTOR_TABLE_ATTRIBUTE
 182:Drivers/CMSIS/Include/cmsis_gcc.h **** #define __VECTOR_TABLE_ATTRIBUTE  __attribute__((used, section(".vectors")))
 183:Drivers/CMSIS/Include/cmsis_gcc.h **** #endif
 184:Drivers/CMSIS/Include/cmsis_gcc.h **** 
 185:Drivers/CMSIS/Include/cmsis_gcc.h **** #if defined (__ARM_FEATURE_CMSE) && (__ARM_FEATURE_CMSE == 3U)
 186:Drivers/CMSIS/Include/cmsis_gcc.h **** #ifndef __STACK_SEAL
 187:Drivers/CMSIS/Include/cmsis_gcc.h **** #define __STACK_SEAL              __StackSeal
 188:Drivers/CMSIS/Include/cmsis_gcc.h **** #endif
 189:Drivers/CMSIS/Include/cmsis_gcc.h **** 
 190:Drivers/CMSIS/Include/cmsis_gcc.h **** #ifndef __TZ_STACK_SEAL_SIZE
ARM GAS  C:\Users\ACER\AppData\Local\Temp\ccJnZfJG.s 			page 73


 191:Drivers/CMSIS/Include/cmsis_gcc.h **** #define __TZ_STACK_SEAL_SIZE      8U
 192:Drivers/CMSIS/Include/cmsis_gcc.h **** #endif
 193:Drivers/CMSIS/Include/cmsis_gcc.h **** 
 194:Drivers/CMSIS/Include/cmsis_gcc.h **** #ifndef __TZ_STACK_SEAL_VALUE
 195:Drivers/CMSIS/Include/cmsis_gcc.h **** #define __TZ_STACK_SEAL_VALUE     0xFEF5EDA5FEF5EDA5ULL
 196:Drivers/CMSIS/Include/cmsis_gcc.h **** #endif
 197:Drivers/CMSIS/Include/cmsis_gcc.h **** 
 198:Drivers/CMSIS/Include/cmsis_gcc.h **** 
 199:Drivers/CMSIS/Include/cmsis_gcc.h **** __STATIC_FORCEINLINE void __TZ_set_STACKSEAL_S (uint32_t* stackTop) {
 200:Drivers/CMSIS/Include/cmsis_gcc.h ****   *((uint64_t *)stackTop) = __TZ_STACK_SEAL_VALUE;
 201:Drivers/CMSIS/Include/cmsis_gcc.h **** }
 202:Drivers/CMSIS/Include/cmsis_gcc.h **** #endif
 203:Drivers/CMSIS/Include/cmsis_gcc.h **** 
 204:Drivers/CMSIS/Include/cmsis_gcc.h **** 
 205:Drivers/CMSIS/Include/cmsis_gcc.h **** /* ##########################  Core Instruction Access  ######################### */
 206:Drivers/CMSIS/Include/cmsis_gcc.h **** /** \defgroup CMSIS_Core_InstructionInterface CMSIS Core Instruction Interface
 207:Drivers/CMSIS/Include/cmsis_gcc.h ****   Access to dedicated instructions
 208:Drivers/CMSIS/Include/cmsis_gcc.h ****   @{
 209:Drivers/CMSIS/Include/cmsis_gcc.h **** */
 210:Drivers/CMSIS/Include/cmsis_gcc.h **** 
 211:Drivers/CMSIS/Include/cmsis_gcc.h **** /* Define macros for porting to both thumb1 and thumb2.
 212:Drivers/CMSIS/Include/cmsis_gcc.h ****  * For thumb1, use low register (r0-r7), specified by constraint "l"
 213:Drivers/CMSIS/Include/cmsis_gcc.h ****  * Otherwise, use general registers, specified by constraint "r" */
 214:Drivers/CMSIS/Include/cmsis_gcc.h **** #if defined (__thumb__) && !defined (__thumb2__)
 215:Drivers/CMSIS/Include/cmsis_gcc.h **** #define __CMSIS_GCC_OUT_REG(r) "=l" (r)
 216:Drivers/CMSIS/Include/cmsis_gcc.h **** #define __CMSIS_GCC_RW_REG(r) "+l" (r)
 217:Drivers/CMSIS/Include/cmsis_gcc.h **** #define __CMSIS_GCC_USE_REG(r) "l" (r)
 218:Drivers/CMSIS/Include/cmsis_gcc.h **** #else
 219:Drivers/CMSIS/Include/cmsis_gcc.h **** #define __CMSIS_GCC_OUT_REG(r) "=r" (r)
 220:Drivers/CMSIS/Include/cmsis_gcc.h **** #define __CMSIS_GCC_RW_REG(r) "+r" (r)
 221:Drivers/CMSIS/Include/cmsis_gcc.h **** #define __CMSIS_GCC_USE_REG(r) "r" (r)
 222:Drivers/CMSIS/Include/cmsis_gcc.h **** #endif
 223:Drivers/CMSIS/Include/cmsis_gcc.h **** 
 224:Drivers/CMSIS/Include/cmsis_gcc.h **** /**
 225:Drivers/CMSIS/Include/cmsis_gcc.h ****   \brief   No Operation
 226:Drivers/CMSIS/Include/cmsis_gcc.h ****   \details No Operation does nothing. This instruction can be used for code alignment purposes.
 227:Drivers/CMSIS/Include/cmsis_gcc.h ****  */
 228:Drivers/CMSIS/Include/cmsis_gcc.h **** #define __NOP()                             __ASM volatile ("nop")
 229:Drivers/CMSIS/Include/cmsis_gcc.h **** 
 230:Drivers/CMSIS/Include/cmsis_gcc.h **** /**
 231:Drivers/CMSIS/Include/cmsis_gcc.h ****   \brief   Wait For Interrupt
 232:Drivers/CMSIS/Include/cmsis_gcc.h ****   \details Wait For Interrupt is a hint instruction that suspends execution until one of a number o
 233:Drivers/CMSIS/Include/cmsis_gcc.h ****  */
 234:Drivers/CMSIS/Include/cmsis_gcc.h **** #define __WFI()                             __ASM volatile ("wfi":::"memory")
 235:Drivers/CMSIS/Include/cmsis_gcc.h **** 
 236:Drivers/CMSIS/Include/cmsis_gcc.h **** 
 237:Drivers/CMSIS/Include/cmsis_gcc.h **** /**
 238:Drivers/CMSIS/Include/cmsis_gcc.h ****   \brief   Wait For Event
 239:Drivers/CMSIS/Include/cmsis_gcc.h ****   \details Wait For Event is a hint instruction that permits the processor to enter
 240:Drivers/CMSIS/Include/cmsis_gcc.h ****            a low-power state until one of a number of events occurs.
 241:Drivers/CMSIS/Include/cmsis_gcc.h ****  */
 242:Drivers/CMSIS/Include/cmsis_gcc.h **** #define __WFE()                             __ASM volatile ("wfe":::"memory")
 243:Drivers/CMSIS/Include/cmsis_gcc.h **** 
 244:Drivers/CMSIS/Include/cmsis_gcc.h **** 
 245:Drivers/CMSIS/Include/cmsis_gcc.h **** /**
 246:Drivers/CMSIS/Include/cmsis_gcc.h ****   \brief   Send Event
 247:Drivers/CMSIS/Include/cmsis_gcc.h ****   \details Send Event is a hint instruction. It causes an event to be signaled to the CPU.
ARM GAS  C:\Users\ACER\AppData\Local\Temp\ccJnZfJG.s 			page 74


 248:Drivers/CMSIS/Include/cmsis_gcc.h ****  */
 249:Drivers/CMSIS/Include/cmsis_gcc.h **** #define __SEV()                             __ASM volatile ("sev")
 250:Drivers/CMSIS/Include/cmsis_gcc.h **** 
 251:Drivers/CMSIS/Include/cmsis_gcc.h **** 
 252:Drivers/CMSIS/Include/cmsis_gcc.h **** /**
 253:Drivers/CMSIS/Include/cmsis_gcc.h ****   \brief   Instruction Synchronization Barrier
 254:Drivers/CMSIS/Include/cmsis_gcc.h ****   \details Instruction Synchronization Barrier flushes the pipeline in the processor,
 255:Drivers/CMSIS/Include/cmsis_gcc.h ****            so that all instructions following the ISB are fetched from cache or memory,
 256:Drivers/CMSIS/Include/cmsis_gcc.h ****            after the instruction has been completed.
 257:Drivers/CMSIS/Include/cmsis_gcc.h ****  */
 258:Drivers/CMSIS/Include/cmsis_gcc.h **** __STATIC_FORCEINLINE void __ISB(void)
 259:Drivers/CMSIS/Include/cmsis_gcc.h **** {
 260:Drivers/CMSIS/Include/cmsis_gcc.h ****   __ASM volatile ("isb 0xF":::"memory");
 261:Drivers/CMSIS/Include/cmsis_gcc.h **** }
 262:Drivers/CMSIS/Include/cmsis_gcc.h **** 
 263:Drivers/CMSIS/Include/cmsis_gcc.h **** 
 264:Drivers/CMSIS/Include/cmsis_gcc.h **** /**
 265:Drivers/CMSIS/Include/cmsis_gcc.h ****   \brief   Data Synchronization Barrier
 266:Drivers/CMSIS/Include/cmsis_gcc.h ****   \details Acts as a special kind of Data Memory Barrier.
 267:Drivers/CMSIS/Include/cmsis_gcc.h ****            It completes when all explicit memory accesses before this instruction complete.
 268:Drivers/CMSIS/Include/cmsis_gcc.h ****  */
 269:Drivers/CMSIS/Include/cmsis_gcc.h **** __STATIC_FORCEINLINE void __DSB(void)
 270:Drivers/CMSIS/Include/cmsis_gcc.h **** {
 271:Drivers/CMSIS/Include/cmsis_gcc.h ****   __ASM volatile ("dsb 0xF":::"memory");
 272:Drivers/CMSIS/Include/cmsis_gcc.h **** }
 273:Drivers/CMSIS/Include/cmsis_gcc.h **** 
 274:Drivers/CMSIS/Include/cmsis_gcc.h **** 
 275:Drivers/CMSIS/Include/cmsis_gcc.h **** /**
 276:Drivers/CMSIS/Include/cmsis_gcc.h ****   \brief   Data Memory Barrier
 277:Drivers/CMSIS/Include/cmsis_gcc.h ****   \details Ensures the apparent order of the explicit memory operations before
 278:Drivers/CMSIS/Include/cmsis_gcc.h ****            and after the instruction, without ensuring their completion.
 279:Drivers/CMSIS/Include/cmsis_gcc.h ****  */
 280:Drivers/CMSIS/Include/cmsis_gcc.h **** __STATIC_FORCEINLINE void __DMB(void)
 281:Drivers/CMSIS/Include/cmsis_gcc.h **** {
 282:Drivers/CMSIS/Include/cmsis_gcc.h ****   __ASM volatile ("dmb 0xF":::"memory");
 283:Drivers/CMSIS/Include/cmsis_gcc.h **** }
 284:Drivers/CMSIS/Include/cmsis_gcc.h **** 
 285:Drivers/CMSIS/Include/cmsis_gcc.h **** 
 286:Drivers/CMSIS/Include/cmsis_gcc.h **** /**
 287:Drivers/CMSIS/Include/cmsis_gcc.h ****   \brief   Reverse byte order (32 bit)
 288:Drivers/CMSIS/Include/cmsis_gcc.h ****   \details Reverses the byte order in unsigned integer value. For example, 0x12345678 becomes 0x785
 289:Drivers/CMSIS/Include/cmsis_gcc.h ****   \param [in]    value  Value to reverse
 290:Drivers/CMSIS/Include/cmsis_gcc.h ****   \return               Reversed value
 291:Drivers/CMSIS/Include/cmsis_gcc.h ****  */
 292:Drivers/CMSIS/Include/cmsis_gcc.h **** __STATIC_FORCEINLINE uint32_t __REV(uint32_t value)
 293:Drivers/CMSIS/Include/cmsis_gcc.h **** {
 294:Drivers/CMSIS/Include/cmsis_gcc.h **** #if (__GNUC__ > 4) || (__GNUC__ == 4 && __GNUC_MINOR__ >= 5)
 295:Drivers/CMSIS/Include/cmsis_gcc.h ****   return __builtin_bswap32(value);
 296:Drivers/CMSIS/Include/cmsis_gcc.h **** #else
 297:Drivers/CMSIS/Include/cmsis_gcc.h ****   uint32_t result;
 298:Drivers/CMSIS/Include/cmsis_gcc.h **** 
 299:Drivers/CMSIS/Include/cmsis_gcc.h ****   __ASM ("rev %0, %1" : __CMSIS_GCC_OUT_REG (result) : __CMSIS_GCC_USE_REG (value) );
 300:Drivers/CMSIS/Include/cmsis_gcc.h ****   return result;
 301:Drivers/CMSIS/Include/cmsis_gcc.h **** #endif
 302:Drivers/CMSIS/Include/cmsis_gcc.h **** }
 303:Drivers/CMSIS/Include/cmsis_gcc.h **** 
 304:Drivers/CMSIS/Include/cmsis_gcc.h **** 
ARM GAS  C:\Users\ACER\AppData\Local\Temp\ccJnZfJG.s 			page 75


 305:Drivers/CMSIS/Include/cmsis_gcc.h **** /**
 306:Drivers/CMSIS/Include/cmsis_gcc.h ****   \brief   Reverse byte order (16 bit)
 307:Drivers/CMSIS/Include/cmsis_gcc.h ****   \details Reverses the byte order within each halfword of a word. For example, 0x12345678 becomes 
 308:Drivers/CMSIS/Include/cmsis_gcc.h ****   \param [in]    value  Value to reverse
 309:Drivers/CMSIS/Include/cmsis_gcc.h ****   \return               Reversed value
 310:Drivers/CMSIS/Include/cmsis_gcc.h ****  */
 311:Drivers/CMSIS/Include/cmsis_gcc.h **** __STATIC_FORCEINLINE uint32_t __REV16(uint32_t value)
 312:Drivers/CMSIS/Include/cmsis_gcc.h **** {
 313:Drivers/CMSIS/Include/cmsis_gcc.h ****   uint32_t result;
 314:Drivers/CMSIS/Include/cmsis_gcc.h **** 
 315:Drivers/CMSIS/Include/cmsis_gcc.h ****   __ASM ("rev16 %0, %1" : __CMSIS_GCC_OUT_REG (result) : __CMSIS_GCC_USE_REG (value) );
 316:Drivers/CMSIS/Include/cmsis_gcc.h ****   return result;
 317:Drivers/CMSIS/Include/cmsis_gcc.h **** }
 318:Drivers/CMSIS/Include/cmsis_gcc.h **** 
 319:Drivers/CMSIS/Include/cmsis_gcc.h **** 
 320:Drivers/CMSIS/Include/cmsis_gcc.h **** /**
 321:Drivers/CMSIS/Include/cmsis_gcc.h ****   \brief   Reverse byte order (16 bit)
 322:Drivers/CMSIS/Include/cmsis_gcc.h ****   \details Reverses the byte order in a 16-bit value and returns the signed 16-bit result. For exam
 323:Drivers/CMSIS/Include/cmsis_gcc.h ****   \param [in]    value  Value to reverse
 324:Drivers/CMSIS/Include/cmsis_gcc.h ****   \return               Reversed value
 325:Drivers/CMSIS/Include/cmsis_gcc.h ****  */
 326:Drivers/CMSIS/Include/cmsis_gcc.h **** __STATIC_FORCEINLINE int16_t __REVSH(int16_t value)
 327:Drivers/CMSIS/Include/cmsis_gcc.h **** {
 328:Drivers/CMSIS/Include/cmsis_gcc.h **** #if (__GNUC__ > 4) || (__GNUC__ == 4 && __GNUC_MINOR__ >= 8)
 329:Drivers/CMSIS/Include/cmsis_gcc.h ****   return (int16_t)__builtin_bswap16(value);
 330:Drivers/CMSIS/Include/cmsis_gcc.h **** #else
 331:Drivers/CMSIS/Include/cmsis_gcc.h ****   int16_t result;
 332:Drivers/CMSIS/Include/cmsis_gcc.h **** 
 333:Drivers/CMSIS/Include/cmsis_gcc.h ****   __ASM ("revsh %0, %1" : __CMSIS_GCC_OUT_REG (result) : __CMSIS_GCC_USE_REG (value) );
 334:Drivers/CMSIS/Include/cmsis_gcc.h ****   return result;
 335:Drivers/CMSIS/Include/cmsis_gcc.h **** #endif
 336:Drivers/CMSIS/Include/cmsis_gcc.h **** }
 337:Drivers/CMSIS/Include/cmsis_gcc.h **** 
 338:Drivers/CMSIS/Include/cmsis_gcc.h **** 
 339:Drivers/CMSIS/Include/cmsis_gcc.h **** /**
 340:Drivers/CMSIS/Include/cmsis_gcc.h ****   \brief   Rotate Right in unsigned value (32 bit)
 341:Drivers/CMSIS/Include/cmsis_gcc.h ****   \details Rotate Right (immediate) provides the value of the contents of a register rotated by a v
 342:Drivers/CMSIS/Include/cmsis_gcc.h ****   \param [in]    op1  Value to rotate
 343:Drivers/CMSIS/Include/cmsis_gcc.h ****   \param [in]    op2  Number of Bits to rotate
 344:Drivers/CMSIS/Include/cmsis_gcc.h ****   \return               Rotated value
 345:Drivers/CMSIS/Include/cmsis_gcc.h ****  */
 346:Drivers/CMSIS/Include/cmsis_gcc.h **** __STATIC_FORCEINLINE uint32_t __ROR(uint32_t op1, uint32_t op2)
 347:Drivers/CMSIS/Include/cmsis_gcc.h **** {
 348:Drivers/CMSIS/Include/cmsis_gcc.h ****   op2 %= 32U;
 349:Drivers/CMSIS/Include/cmsis_gcc.h ****   if (op2 == 0U)
 350:Drivers/CMSIS/Include/cmsis_gcc.h ****   {
 351:Drivers/CMSIS/Include/cmsis_gcc.h ****     return op1;
 352:Drivers/CMSIS/Include/cmsis_gcc.h ****   }
 353:Drivers/CMSIS/Include/cmsis_gcc.h ****   return (op1 >> op2) | (op1 << (32U - op2));
 354:Drivers/CMSIS/Include/cmsis_gcc.h **** }
 355:Drivers/CMSIS/Include/cmsis_gcc.h **** 
 356:Drivers/CMSIS/Include/cmsis_gcc.h **** 
 357:Drivers/CMSIS/Include/cmsis_gcc.h **** /**
 358:Drivers/CMSIS/Include/cmsis_gcc.h ****   \brief   Breakpoint
 359:Drivers/CMSIS/Include/cmsis_gcc.h ****   \details Causes the processor to enter Debug state.
 360:Drivers/CMSIS/Include/cmsis_gcc.h ****            Debug tools can use this to investigate system state when the instruction at a particula
 361:Drivers/CMSIS/Include/cmsis_gcc.h ****   \param [in]    value  is ignored by the processor.
ARM GAS  C:\Users\ACER\AppData\Local\Temp\ccJnZfJG.s 			page 76


 362:Drivers/CMSIS/Include/cmsis_gcc.h ****                  If required, a debugger can use it to store additional information about the break
 363:Drivers/CMSIS/Include/cmsis_gcc.h ****  */
 364:Drivers/CMSIS/Include/cmsis_gcc.h **** #define __BKPT(value)                       __ASM volatile ("bkpt "#value)
 365:Drivers/CMSIS/Include/cmsis_gcc.h **** 
 366:Drivers/CMSIS/Include/cmsis_gcc.h **** 
 367:Drivers/CMSIS/Include/cmsis_gcc.h **** /**
 368:Drivers/CMSIS/Include/cmsis_gcc.h ****   \brief   Reverse bit order of value
 369:Drivers/CMSIS/Include/cmsis_gcc.h ****   \details Reverses the bit order of the given value.
 370:Drivers/CMSIS/Include/cmsis_gcc.h ****   \param [in]    value  Value to reverse
 371:Drivers/CMSIS/Include/cmsis_gcc.h ****   \return               Reversed value
 372:Drivers/CMSIS/Include/cmsis_gcc.h ****  */
 373:Drivers/CMSIS/Include/cmsis_gcc.h **** __STATIC_FORCEINLINE uint32_t __RBIT(uint32_t value)
 374:Drivers/CMSIS/Include/cmsis_gcc.h **** {
 375:Drivers/CMSIS/Include/cmsis_gcc.h ****   uint32_t result;
 376:Drivers/CMSIS/Include/cmsis_gcc.h **** 
 377:Drivers/CMSIS/Include/cmsis_gcc.h **** #if ((defined (__ARM_ARCH_7M__      ) && (__ARM_ARCH_7M__      == 1)) || \
 378:Drivers/CMSIS/Include/cmsis_gcc.h ****      (defined (__ARM_ARCH_7EM__     ) && (__ARM_ARCH_7EM__     == 1)) || \
 379:Drivers/CMSIS/Include/cmsis_gcc.h ****      (defined (__ARM_ARCH_8M_MAIN__ ) && (__ARM_ARCH_8M_MAIN__ == 1))    )
 380:Drivers/CMSIS/Include/cmsis_gcc.h ****    __ASM ("rbit %0, %1" : "=r" (result) : "r" (value) );
 381:Drivers/CMSIS/Include/cmsis_gcc.h **** #else
 382:Drivers/CMSIS/Include/cmsis_gcc.h ****   uint32_t s = (4U /*sizeof(v)*/ * 8U) - 1U; /* extra shift needed at end */
 383:Drivers/CMSIS/Include/cmsis_gcc.h **** 
 384:Drivers/CMSIS/Include/cmsis_gcc.h ****   result = value;                      /* r will be reversed bits of v; first get LSB of v */
 385:Drivers/CMSIS/Include/cmsis_gcc.h ****   for (value >>= 1U; value != 0U; value >>= 1U)
 386:Drivers/CMSIS/Include/cmsis_gcc.h ****   {
 387:Drivers/CMSIS/Include/cmsis_gcc.h ****     result <<= 1U;
 388:Drivers/CMSIS/Include/cmsis_gcc.h ****     result |= value & 1U;
 389:Drivers/CMSIS/Include/cmsis_gcc.h ****     s--;
 390:Drivers/CMSIS/Include/cmsis_gcc.h ****   }
 391:Drivers/CMSIS/Include/cmsis_gcc.h ****   result <<= s;                        /* shift when v's highest bits are zero */
 392:Drivers/CMSIS/Include/cmsis_gcc.h **** #endif
 393:Drivers/CMSIS/Include/cmsis_gcc.h ****   return result;
 394:Drivers/CMSIS/Include/cmsis_gcc.h **** }
 395:Drivers/CMSIS/Include/cmsis_gcc.h **** 
 396:Drivers/CMSIS/Include/cmsis_gcc.h **** 
 397:Drivers/CMSIS/Include/cmsis_gcc.h **** /**
 398:Drivers/CMSIS/Include/cmsis_gcc.h ****   \brief   Count leading zeros
 399:Drivers/CMSIS/Include/cmsis_gcc.h ****   \details Counts the number of leading zeros of a data value.
 400:Drivers/CMSIS/Include/cmsis_gcc.h ****   \param [in]  value  Value to count the leading zeros
 401:Drivers/CMSIS/Include/cmsis_gcc.h ****   \return             number of leading zeros in value
 402:Drivers/CMSIS/Include/cmsis_gcc.h ****  */
 403:Drivers/CMSIS/Include/cmsis_gcc.h **** __STATIC_FORCEINLINE uint8_t __CLZ(uint32_t value)
 404:Drivers/CMSIS/Include/cmsis_gcc.h **** {
 405:Drivers/CMSIS/Include/cmsis_gcc.h ****   /* Even though __builtin_clz produces a CLZ instruction on ARM, formally
 406:Drivers/CMSIS/Include/cmsis_gcc.h ****      __builtin_clz(0) is undefined behaviour, so handle this case specially.
 407:Drivers/CMSIS/Include/cmsis_gcc.h ****      This guarantees ARM-compatible results if happening to compile on a non-ARM
 408:Drivers/CMSIS/Include/cmsis_gcc.h ****      target, and ensures the compiler doesn't decide to activate any
 409:Drivers/CMSIS/Include/cmsis_gcc.h ****      optimisations using the logic "value was passed to __builtin_clz, so it
 410:Drivers/CMSIS/Include/cmsis_gcc.h ****      is non-zero".
 411:Drivers/CMSIS/Include/cmsis_gcc.h ****      ARM GCC 7.3 and possibly earlier will optimise this test away, leaving a
 412:Drivers/CMSIS/Include/cmsis_gcc.h ****      single CLZ instruction.
 413:Drivers/CMSIS/Include/cmsis_gcc.h ****    */
 414:Drivers/CMSIS/Include/cmsis_gcc.h ****   if (value == 0U)
 415:Drivers/CMSIS/Include/cmsis_gcc.h ****   {
 416:Drivers/CMSIS/Include/cmsis_gcc.h ****     return 32U;
 417:Drivers/CMSIS/Include/cmsis_gcc.h ****   }
 418:Drivers/CMSIS/Include/cmsis_gcc.h ****   return __builtin_clz(value);
ARM GAS  C:\Users\ACER\AppData\Local\Temp\ccJnZfJG.s 			page 77


 419:Drivers/CMSIS/Include/cmsis_gcc.h **** }
 420:Drivers/CMSIS/Include/cmsis_gcc.h **** 
 421:Drivers/CMSIS/Include/cmsis_gcc.h **** 
 422:Drivers/CMSIS/Include/cmsis_gcc.h **** #if ((defined (__ARM_ARCH_7M__      ) && (__ARM_ARCH_7M__      == 1)) || \
 423:Drivers/CMSIS/Include/cmsis_gcc.h ****      (defined (__ARM_ARCH_7EM__     ) && (__ARM_ARCH_7EM__     == 1)) || \
 424:Drivers/CMSIS/Include/cmsis_gcc.h ****      (defined (__ARM_ARCH_8M_MAIN__ ) && (__ARM_ARCH_8M_MAIN__ == 1)) || \
 425:Drivers/CMSIS/Include/cmsis_gcc.h ****      (defined (__ARM_ARCH_8M_BASE__ ) && (__ARM_ARCH_8M_BASE__ == 1))    )
 426:Drivers/CMSIS/Include/cmsis_gcc.h **** /**
 427:Drivers/CMSIS/Include/cmsis_gcc.h ****   \brief   LDR Exclusive (8 bit)
 428:Drivers/CMSIS/Include/cmsis_gcc.h ****   \details Executes a exclusive LDR instruction for 8 bit value.
 429:Drivers/CMSIS/Include/cmsis_gcc.h ****   \param [in]    ptr  Pointer to data
 430:Drivers/CMSIS/Include/cmsis_gcc.h ****   \return             value of type uint8_t at (*ptr)
 431:Drivers/CMSIS/Include/cmsis_gcc.h ****  */
 432:Drivers/CMSIS/Include/cmsis_gcc.h **** __STATIC_FORCEINLINE uint8_t __LDREXB(volatile uint8_t *addr)
 433:Drivers/CMSIS/Include/cmsis_gcc.h **** {
 434:Drivers/CMSIS/Include/cmsis_gcc.h ****     uint32_t result;
 435:Drivers/CMSIS/Include/cmsis_gcc.h **** 
 436:Drivers/CMSIS/Include/cmsis_gcc.h **** #if (__GNUC__ > 4) || (__GNUC__ == 4 && __GNUC_MINOR__ >= 8)
 437:Drivers/CMSIS/Include/cmsis_gcc.h ****    __ASM volatile ("ldrexb %0, %1" : "=r" (result) : "Q" (*addr) );
 438:Drivers/CMSIS/Include/cmsis_gcc.h **** #else
 439:Drivers/CMSIS/Include/cmsis_gcc.h ****     /* Prior to GCC 4.8, "Q" will be expanded to [rx, #0] which is not
 440:Drivers/CMSIS/Include/cmsis_gcc.h ****        accepted by assembler. So has to use following less efficient pattern.
 441:Drivers/CMSIS/Include/cmsis_gcc.h ****     */
 442:Drivers/CMSIS/Include/cmsis_gcc.h ****    __ASM volatile ("ldrexb %0, [%1]" : "=r" (result) : "r" (addr) : "memory" );
 443:Drivers/CMSIS/Include/cmsis_gcc.h **** #endif
 444:Drivers/CMSIS/Include/cmsis_gcc.h ****    return ((uint8_t) result);    /* Add explicit type cast here */
 445:Drivers/CMSIS/Include/cmsis_gcc.h **** }
 446:Drivers/CMSIS/Include/cmsis_gcc.h **** 
 447:Drivers/CMSIS/Include/cmsis_gcc.h **** 
 448:Drivers/CMSIS/Include/cmsis_gcc.h **** /**
 449:Drivers/CMSIS/Include/cmsis_gcc.h ****   \brief   LDR Exclusive (16 bit)
 450:Drivers/CMSIS/Include/cmsis_gcc.h ****   \details Executes a exclusive LDR instruction for 16 bit values.
 451:Drivers/CMSIS/Include/cmsis_gcc.h ****   \param [in]    ptr  Pointer to data
 452:Drivers/CMSIS/Include/cmsis_gcc.h ****   \return        value of type uint16_t at (*ptr)
 453:Drivers/CMSIS/Include/cmsis_gcc.h ****  */
 454:Drivers/CMSIS/Include/cmsis_gcc.h **** __STATIC_FORCEINLINE uint16_t __LDREXH(volatile uint16_t *addr)
 455:Drivers/CMSIS/Include/cmsis_gcc.h **** {
 456:Drivers/CMSIS/Include/cmsis_gcc.h ****     uint32_t result;
 457:Drivers/CMSIS/Include/cmsis_gcc.h **** 
 458:Drivers/CMSIS/Include/cmsis_gcc.h **** #if (__GNUC__ > 4) || (__GNUC__ == 4 && __GNUC_MINOR__ >= 8)
 459:Drivers/CMSIS/Include/cmsis_gcc.h ****    __ASM volatile ("ldrexh %0, %1" : "=r" (result) : "Q" (*addr) );
 460:Drivers/CMSIS/Include/cmsis_gcc.h **** #else
 461:Drivers/CMSIS/Include/cmsis_gcc.h ****     /* Prior to GCC 4.8, "Q" will be expanded to [rx, #0] which is not
 462:Drivers/CMSIS/Include/cmsis_gcc.h ****        accepted by assembler. So has to use following less efficient pattern.
 463:Drivers/CMSIS/Include/cmsis_gcc.h ****     */
 464:Drivers/CMSIS/Include/cmsis_gcc.h ****    __ASM volatile ("ldrexh %0, [%1]" : "=r" (result) : "r" (addr) : "memory" );
 465:Drivers/CMSIS/Include/cmsis_gcc.h **** #endif
 466:Drivers/CMSIS/Include/cmsis_gcc.h ****    return ((uint16_t) result);    /* Add explicit type cast here */
 467:Drivers/CMSIS/Include/cmsis_gcc.h **** }
 468:Drivers/CMSIS/Include/cmsis_gcc.h **** 
 469:Drivers/CMSIS/Include/cmsis_gcc.h **** 
 470:Drivers/CMSIS/Include/cmsis_gcc.h **** /**
 471:Drivers/CMSIS/Include/cmsis_gcc.h ****   \brief   LDR Exclusive (32 bit)
 472:Drivers/CMSIS/Include/cmsis_gcc.h ****   \details Executes a exclusive LDR instruction for 32 bit values.
 473:Drivers/CMSIS/Include/cmsis_gcc.h ****   \param [in]    ptr  Pointer to data
 474:Drivers/CMSIS/Include/cmsis_gcc.h ****   \return        value of type uint32_t at (*ptr)
 475:Drivers/CMSIS/Include/cmsis_gcc.h ****  */
ARM GAS  C:\Users\ACER\AppData\Local\Temp\ccJnZfJG.s 			page 78


 476:Drivers/CMSIS/Include/cmsis_gcc.h **** __STATIC_FORCEINLINE uint32_t __LDREXW(volatile uint32_t *addr)
 477:Drivers/CMSIS/Include/cmsis_gcc.h **** {
 478:Drivers/CMSIS/Include/cmsis_gcc.h ****     uint32_t result;
 479:Drivers/CMSIS/Include/cmsis_gcc.h **** 
 480:Drivers/CMSIS/Include/cmsis_gcc.h ****    __ASM volatile ("ldrex %0, %1" : "=r" (result) : "Q" (*addr) );
 481:Drivers/CMSIS/Include/cmsis_gcc.h ****    return(result);
 482:Drivers/CMSIS/Include/cmsis_gcc.h **** }
 483:Drivers/CMSIS/Include/cmsis_gcc.h **** 
 484:Drivers/CMSIS/Include/cmsis_gcc.h **** 
 485:Drivers/CMSIS/Include/cmsis_gcc.h **** /**
 486:Drivers/CMSIS/Include/cmsis_gcc.h ****   \brief   STR Exclusive (8 bit)
 487:Drivers/CMSIS/Include/cmsis_gcc.h ****   \details Executes a exclusive STR instruction for 8 bit values.
 488:Drivers/CMSIS/Include/cmsis_gcc.h ****   \param [in]  value  Value to store
 489:Drivers/CMSIS/Include/cmsis_gcc.h ****   \param [in]    ptr  Pointer to location
 490:Drivers/CMSIS/Include/cmsis_gcc.h ****   \return          0  Function succeeded
 491:Drivers/CMSIS/Include/cmsis_gcc.h ****   \return          1  Function failed
 492:Drivers/CMSIS/Include/cmsis_gcc.h ****  */
 493:Drivers/CMSIS/Include/cmsis_gcc.h **** __STATIC_FORCEINLINE uint32_t __STREXB(uint8_t value, volatile uint8_t *addr)
 494:Drivers/CMSIS/Include/cmsis_gcc.h **** {
 495:Drivers/CMSIS/Include/cmsis_gcc.h ****    uint32_t result;
 496:Drivers/CMSIS/Include/cmsis_gcc.h **** 
 497:Drivers/CMSIS/Include/cmsis_gcc.h ****    __ASM volatile ("strexb %0, %2, %1" : "=&r" (result), "=Q" (*addr) : "r" ((uint32_t)value) );
 498:Drivers/CMSIS/Include/cmsis_gcc.h ****    return(result);
 499:Drivers/CMSIS/Include/cmsis_gcc.h **** }
 500:Drivers/CMSIS/Include/cmsis_gcc.h **** 
 501:Drivers/CMSIS/Include/cmsis_gcc.h **** 
 502:Drivers/CMSIS/Include/cmsis_gcc.h **** /**
 503:Drivers/CMSIS/Include/cmsis_gcc.h ****   \brief   STR Exclusive (16 bit)
 504:Drivers/CMSIS/Include/cmsis_gcc.h ****   \details Executes a exclusive STR instruction for 16 bit values.
 505:Drivers/CMSIS/Include/cmsis_gcc.h ****   \param [in]  value  Value to store
 506:Drivers/CMSIS/Include/cmsis_gcc.h ****   \param [in]    ptr  Pointer to location
 507:Drivers/CMSIS/Include/cmsis_gcc.h ****   \return          0  Function succeeded
 508:Drivers/CMSIS/Include/cmsis_gcc.h ****   \return          1  Function failed
 509:Drivers/CMSIS/Include/cmsis_gcc.h ****  */
 510:Drivers/CMSIS/Include/cmsis_gcc.h **** __STATIC_FORCEINLINE uint32_t __STREXH(uint16_t value, volatile uint16_t *addr)
 511:Drivers/CMSIS/Include/cmsis_gcc.h **** {
 512:Drivers/CMSIS/Include/cmsis_gcc.h ****    uint32_t result;
 513:Drivers/CMSIS/Include/cmsis_gcc.h **** 
 514:Drivers/CMSIS/Include/cmsis_gcc.h ****    __ASM volatile ("strexh %0, %2, %1" : "=&r" (result), "=Q" (*addr) : "r" ((uint32_t)value) );
 515:Drivers/CMSIS/Include/cmsis_gcc.h ****    return(result);
 516:Drivers/CMSIS/Include/cmsis_gcc.h **** }
 517:Drivers/CMSIS/Include/cmsis_gcc.h **** 
 518:Drivers/CMSIS/Include/cmsis_gcc.h **** 
 519:Drivers/CMSIS/Include/cmsis_gcc.h **** /**
 520:Drivers/CMSIS/Include/cmsis_gcc.h ****   \brief   STR Exclusive (32 bit)
 521:Drivers/CMSIS/Include/cmsis_gcc.h ****   \details Executes a exclusive STR instruction for 32 bit values.
 522:Drivers/CMSIS/Include/cmsis_gcc.h ****   \param [in]  value  Value to store
 523:Drivers/CMSIS/Include/cmsis_gcc.h ****   \param [in]    ptr  Pointer to location
 524:Drivers/CMSIS/Include/cmsis_gcc.h ****   \return          0  Function succeeded
 525:Drivers/CMSIS/Include/cmsis_gcc.h ****   \return          1  Function failed
 526:Drivers/CMSIS/Include/cmsis_gcc.h ****  */
 527:Drivers/CMSIS/Include/cmsis_gcc.h **** __STATIC_FORCEINLINE uint32_t __STREXW(uint32_t value, volatile uint32_t *addr)
 528:Drivers/CMSIS/Include/cmsis_gcc.h **** {
 529:Drivers/CMSIS/Include/cmsis_gcc.h ****    uint32_t result;
 530:Drivers/CMSIS/Include/cmsis_gcc.h **** 
 531:Drivers/CMSIS/Include/cmsis_gcc.h ****    __ASM volatile ("strex %0, %2, %1" : "=&r" (result), "=Q" (*addr) : "r" (value) );
 532:Drivers/CMSIS/Include/cmsis_gcc.h ****    return(result);
ARM GAS  C:\Users\ACER\AppData\Local\Temp\ccJnZfJG.s 			page 79


 533:Drivers/CMSIS/Include/cmsis_gcc.h **** }
 534:Drivers/CMSIS/Include/cmsis_gcc.h **** 
 535:Drivers/CMSIS/Include/cmsis_gcc.h **** 
 536:Drivers/CMSIS/Include/cmsis_gcc.h **** /**
 537:Drivers/CMSIS/Include/cmsis_gcc.h ****   \brief   Remove the exclusive lock
 538:Drivers/CMSIS/Include/cmsis_gcc.h ****   \details Removes the exclusive lock which is created by LDREX.
 539:Drivers/CMSIS/Include/cmsis_gcc.h ****  */
 540:Drivers/CMSIS/Include/cmsis_gcc.h **** __STATIC_FORCEINLINE void __CLREX(void)
 541:Drivers/CMSIS/Include/cmsis_gcc.h **** {
 542:Drivers/CMSIS/Include/cmsis_gcc.h ****   __ASM volatile ("clrex" ::: "memory");
 543:Drivers/CMSIS/Include/cmsis_gcc.h **** }
 544:Drivers/CMSIS/Include/cmsis_gcc.h **** 
 545:Drivers/CMSIS/Include/cmsis_gcc.h **** #endif /* ((defined (__ARM_ARCH_7M__      ) && (__ARM_ARCH_7M__      == 1)) || \
 546:Drivers/CMSIS/Include/cmsis_gcc.h ****            (defined (__ARM_ARCH_7EM__     ) && (__ARM_ARCH_7EM__     == 1)) || \
 547:Drivers/CMSIS/Include/cmsis_gcc.h ****            (defined (__ARM_ARCH_8M_MAIN__ ) && (__ARM_ARCH_8M_MAIN__ == 1)) || \
 548:Drivers/CMSIS/Include/cmsis_gcc.h ****            (defined (__ARM_ARCH_8M_BASE__ ) && (__ARM_ARCH_8M_BASE__ == 1))    ) */
 549:Drivers/CMSIS/Include/cmsis_gcc.h **** 
 550:Drivers/CMSIS/Include/cmsis_gcc.h **** 
 551:Drivers/CMSIS/Include/cmsis_gcc.h **** #if ((defined (__ARM_ARCH_7M__      ) && (__ARM_ARCH_7M__      == 1)) || \
 552:Drivers/CMSIS/Include/cmsis_gcc.h ****      (defined (__ARM_ARCH_7EM__     ) && (__ARM_ARCH_7EM__     == 1)) || \
 553:Drivers/CMSIS/Include/cmsis_gcc.h ****      (defined (__ARM_ARCH_8M_MAIN__ ) && (__ARM_ARCH_8M_MAIN__ == 1))    )
 554:Drivers/CMSIS/Include/cmsis_gcc.h **** /**
 555:Drivers/CMSIS/Include/cmsis_gcc.h ****   \brief   Signed Saturate
 556:Drivers/CMSIS/Include/cmsis_gcc.h ****   \details Saturates a signed value.
 557:Drivers/CMSIS/Include/cmsis_gcc.h ****   \param [in]  ARG1  Value to be saturated
 558:Drivers/CMSIS/Include/cmsis_gcc.h ****   \param [in]  ARG2  Bit position to saturate to (1..32)
 559:Drivers/CMSIS/Include/cmsis_gcc.h ****   \return             Saturated value
 560:Drivers/CMSIS/Include/cmsis_gcc.h ****  */
 561:Drivers/CMSIS/Include/cmsis_gcc.h **** #define __SSAT(ARG1, ARG2) \
 562:Drivers/CMSIS/Include/cmsis_gcc.h **** __extension__ \
 563:Drivers/CMSIS/Include/cmsis_gcc.h **** ({                          \
 564:Drivers/CMSIS/Include/cmsis_gcc.h ****   int32_t __RES, __ARG1 = (ARG1); \
 565:Drivers/CMSIS/Include/cmsis_gcc.h ****   __ASM volatile ("ssat %0, %1, %2" : "=r" (__RES) :  "I" (ARG2), "r" (__ARG1) : "cc" ); \
 566:Drivers/CMSIS/Include/cmsis_gcc.h ****   __RES; \
 567:Drivers/CMSIS/Include/cmsis_gcc.h ****  })
 568:Drivers/CMSIS/Include/cmsis_gcc.h **** 
 569:Drivers/CMSIS/Include/cmsis_gcc.h **** 
 570:Drivers/CMSIS/Include/cmsis_gcc.h **** /**
 571:Drivers/CMSIS/Include/cmsis_gcc.h ****   \brief   Unsigned Saturate
 572:Drivers/CMSIS/Include/cmsis_gcc.h ****   \details Saturates an unsigned value.
 573:Drivers/CMSIS/Include/cmsis_gcc.h ****   \param [in]  ARG1  Value to be saturated
 574:Drivers/CMSIS/Include/cmsis_gcc.h ****   \param [in]  ARG2  Bit position to saturate to (0..31)
 575:Drivers/CMSIS/Include/cmsis_gcc.h ****   \return             Saturated value
 576:Drivers/CMSIS/Include/cmsis_gcc.h ****  */
 577:Drivers/CMSIS/Include/cmsis_gcc.h **** #define __USAT(ARG1, ARG2) \
 578:Drivers/CMSIS/Include/cmsis_gcc.h **** __extension__ \
 579:Drivers/CMSIS/Include/cmsis_gcc.h **** ({                          \
 580:Drivers/CMSIS/Include/cmsis_gcc.h ****   uint32_t __RES, __ARG1 = (ARG1); \
 581:Drivers/CMSIS/Include/cmsis_gcc.h ****   __ASM volatile ("usat %0, %1, %2" : "=r" (__RES) :  "I" (ARG2), "r" (__ARG1) : "cc" ); \
 582:Drivers/CMSIS/Include/cmsis_gcc.h ****   __RES; \
 583:Drivers/CMSIS/Include/cmsis_gcc.h ****  })
 584:Drivers/CMSIS/Include/cmsis_gcc.h **** 
 585:Drivers/CMSIS/Include/cmsis_gcc.h **** 
 586:Drivers/CMSIS/Include/cmsis_gcc.h **** /**
 587:Drivers/CMSIS/Include/cmsis_gcc.h ****   \brief   Rotate Right with Extend (32 bit)
 588:Drivers/CMSIS/Include/cmsis_gcc.h ****   \details Moves each bit of a bitstring right by one bit.
 589:Drivers/CMSIS/Include/cmsis_gcc.h ****            The carry input is shifted in at the left end of the bitstring.
ARM GAS  C:\Users\ACER\AppData\Local\Temp\ccJnZfJG.s 			page 80


 590:Drivers/CMSIS/Include/cmsis_gcc.h ****   \param [in]    value  Value to rotate
 591:Drivers/CMSIS/Include/cmsis_gcc.h ****   \return               Rotated value
 592:Drivers/CMSIS/Include/cmsis_gcc.h ****  */
 593:Drivers/CMSIS/Include/cmsis_gcc.h **** __STATIC_FORCEINLINE uint32_t __RRX(uint32_t value)
 594:Drivers/CMSIS/Include/cmsis_gcc.h **** {
 595:Drivers/CMSIS/Include/cmsis_gcc.h ****   uint32_t result;
 596:Drivers/CMSIS/Include/cmsis_gcc.h **** 
 597:Drivers/CMSIS/Include/cmsis_gcc.h ****   __ASM volatile ("rrx %0, %1" : __CMSIS_GCC_OUT_REG (result) : __CMSIS_GCC_USE_REG (value) );
 598:Drivers/CMSIS/Include/cmsis_gcc.h ****   return(result);
 599:Drivers/CMSIS/Include/cmsis_gcc.h **** }
 600:Drivers/CMSIS/Include/cmsis_gcc.h **** 
 601:Drivers/CMSIS/Include/cmsis_gcc.h **** 
 602:Drivers/CMSIS/Include/cmsis_gcc.h **** /**
 603:Drivers/CMSIS/Include/cmsis_gcc.h ****   \brief   LDRT Unprivileged (8 bit)
 604:Drivers/CMSIS/Include/cmsis_gcc.h ****   \details Executes a Unprivileged LDRT instruction for 8 bit value.
 605:Drivers/CMSIS/Include/cmsis_gcc.h ****   \param [in]    ptr  Pointer to data
 606:Drivers/CMSIS/Include/cmsis_gcc.h ****   \return             value of type uint8_t at (*ptr)
 607:Drivers/CMSIS/Include/cmsis_gcc.h ****  */
 608:Drivers/CMSIS/Include/cmsis_gcc.h **** __STATIC_FORCEINLINE uint8_t __LDRBT(volatile uint8_t *ptr)
 609:Drivers/CMSIS/Include/cmsis_gcc.h **** {
 610:Drivers/CMSIS/Include/cmsis_gcc.h ****     uint32_t result;
 611:Drivers/CMSIS/Include/cmsis_gcc.h **** 
 612:Drivers/CMSIS/Include/cmsis_gcc.h **** #if (__GNUC__ > 4) || (__GNUC__ == 4 && __GNUC_MINOR__ >= 8)
 613:Drivers/CMSIS/Include/cmsis_gcc.h ****    __ASM volatile ("ldrbt %0, %1" : "=r" (result) : "Q" (*ptr) );
 614:Drivers/CMSIS/Include/cmsis_gcc.h **** #else
 615:Drivers/CMSIS/Include/cmsis_gcc.h ****     /* Prior to GCC 4.8, "Q" will be expanded to [rx, #0] which is not
 616:Drivers/CMSIS/Include/cmsis_gcc.h ****        accepted by assembler. So has to use following less efficient pattern.
 617:Drivers/CMSIS/Include/cmsis_gcc.h ****     */
 618:Drivers/CMSIS/Include/cmsis_gcc.h ****    __ASM volatile ("ldrbt %0, [%1]" : "=r" (result) : "r" (ptr) : "memory" );
 619:Drivers/CMSIS/Include/cmsis_gcc.h **** #endif
 620:Drivers/CMSIS/Include/cmsis_gcc.h ****    return ((uint8_t) result);    /* Add explicit type cast here */
 621:Drivers/CMSIS/Include/cmsis_gcc.h **** }
 622:Drivers/CMSIS/Include/cmsis_gcc.h **** 
 623:Drivers/CMSIS/Include/cmsis_gcc.h **** 
 624:Drivers/CMSIS/Include/cmsis_gcc.h **** /**
 625:Drivers/CMSIS/Include/cmsis_gcc.h ****   \brief   LDRT Unprivileged (16 bit)
 626:Drivers/CMSIS/Include/cmsis_gcc.h ****   \details Executes a Unprivileged LDRT instruction for 16 bit values.
 627:Drivers/CMSIS/Include/cmsis_gcc.h ****   \param [in]    ptr  Pointer to data
 628:Drivers/CMSIS/Include/cmsis_gcc.h ****   \return        value of type uint16_t at (*ptr)
 629:Drivers/CMSIS/Include/cmsis_gcc.h ****  */
 630:Drivers/CMSIS/Include/cmsis_gcc.h **** __STATIC_FORCEINLINE uint16_t __LDRHT(volatile uint16_t *ptr)
 631:Drivers/CMSIS/Include/cmsis_gcc.h **** {
 632:Drivers/CMSIS/Include/cmsis_gcc.h ****     uint32_t result;
 633:Drivers/CMSIS/Include/cmsis_gcc.h **** 
 634:Drivers/CMSIS/Include/cmsis_gcc.h **** #if (__GNUC__ > 4) || (__GNUC__ == 4 && __GNUC_MINOR__ >= 8)
 635:Drivers/CMSIS/Include/cmsis_gcc.h ****    __ASM volatile ("ldrht %0, %1" : "=r" (result) : "Q" (*ptr) );
 636:Drivers/CMSIS/Include/cmsis_gcc.h **** #else
 637:Drivers/CMSIS/Include/cmsis_gcc.h ****     /* Prior to GCC 4.8, "Q" will be expanded to [rx, #0] which is not
 638:Drivers/CMSIS/Include/cmsis_gcc.h ****        accepted by assembler. So has to use following less efficient pattern.
 639:Drivers/CMSIS/Include/cmsis_gcc.h ****     */
 640:Drivers/CMSIS/Include/cmsis_gcc.h ****    __ASM volatile ("ldrht %0, [%1]" : "=r" (result) : "r" (ptr) : "memory" );
 641:Drivers/CMSIS/Include/cmsis_gcc.h **** #endif
 642:Drivers/CMSIS/Include/cmsis_gcc.h ****    return ((uint16_t) result);    /* Add explicit type cast here */
 643:Drivers/CMSIS/Include/cmsis_gcc.h **** }
 644:Drivers/CMSIS/Include/cmsis_gcc.h **** 
 645:Drivers/CMSIS/Include/cmsis_gcc.h **** 
 646:Drivers/CMSIS/Include/cmsis_gcc.h **** /**
ARM GAS  C:\Users\ACER\AppData\Local\Temp\ccJnZfJG.s 			page 81


 647:Drivers/CMSIS/Include/cmsis_gcc.h ****   \brief   LDRT Unprivileged (32 bit)
 648:Drivers/CMSIS/Include/cmsis_gcc.h ****   \details Executes a Unprivileged LDRT instruction for 32 bit values.
 649:Drivers/CMSIS/Include/cmsis_gcc.h ****   \param [in]    ptr  Pointer to data
 650:Drivers/CMSIS/Include/cmsis_gcc.h ****   \return        value of type uint32_t at (*ptr)
 651:Drivers/CMSIS/Include/cmsis_gcc.h ****  */
 652:Drivers/CMSIS/Include/cmsis_gcc.h **** __STATIC_FORCEINLINE uint32_t __LDRT(volatile uint32_t *ptr)
 653:Drivers/CMSIS/Include/cmsis_gcc.h **** {
 654:Drivers/CMSIS/Include/cmsis_gcc.h ****     uint32_t result;
 655:Drivers/CMSIS/Include/cmsis_gcc.h **** 
 656:Drivers/CMSIS/Include/cmsis_gcc.h ****    __ASM volatile ("ldrt %0, %1" : "=r" (result) : "Q" (*ptr) );
 657:Drivers/CMSIS/Include/cmsis_gcc.h ****    return(result);
 658:Drivers/CMSIS/Include/cmsis_gcc.h **** }
 659:Drivers/CMSIS/Include/cmsis_gcc.h **** 
 660:Drivers/CMSIS/Include/cmsis_gcc.h **** 
 661:Drivers/CMSIS/Include/cmsis_gcc.h **** /**
 662:Drivers/CMSIS/Include/cmsis_gcc.h ****   \brief   STRT Unprivileged (8 bit)
 663:Drivers/CMSIS/Include/cmsis_gcc.h ****   \details Executes a Unprivileged STRT instruction for 8 bit values.
 664:Drivers/CMSIS/Include/cmsis_gcc.h ****   \param [in]  value  Value to store
 665:Drivers/CMSIS/Include/cmsis_gcc.h ****   \param [in]    ptr  Pointer to location
 666:Drivers/CMSIS/Include/cmsis_gcc.h ****  */
 667:Drivers/CMSIS/Include/cmsis_gcc.h **** __STATIC_FORCEINLINE void __STRBT(uint8_t value, volatile uint8_t *ptr)
 668:Drivers/CMSIS/Include/cmsis_gcc.h **** {
 669:Drivers/CMSIS/Include/cmsis_gcc.h ****    __ASM volatile ("strbt %1, %0" : "=Q" (*ptr) : "r" ((uint32_t)value) );
 670:Drivers/CMSIS/Include/cmsis_gcc.h **** }
 671:Drivers/CMSIS/Include/cmsis_gcc.h **** 
 672:Drivers/CMSIS/Include/cmsis_gcc.h **** 
 673:Drivers/CMSIS/Include/cmsis_gcc.h **** /**
 674:Drivers/CMSIS/Include/cmsis_gcc.h ****   \brief   STRT Unprivileged (16 bit)
 675:Drivers/CMSIS/Include/cmsis_gcc.h ****   \details Executes a Unprivileged STRT instruction for 16 bit values.
 676:Drivers/CMSIS/Include/cmsis_gcc.h ****   \param [in]  value  Value to store
 677:Drivers/CMSIS/Include/cmsis_gcc.h ****   \param [in]    ptr  Pointer to location
 678:Drivers/CMSIS/Include/cmsis_gcc.h ****  */
 679:Drivers/CMSIS/Include/cmsis_gcc.h **** __STATIC_FORCEINLINE void __STRHT(uint16_t value, volatile uint16_t *ptr)
 680:Drivers/CMSIS/Include/cmsis_gcc.h **** {
 681:Drivers/CMSIS/Include/cmsis_gcc.h ****    __ASM volatile ("strht %1, %0" : "=Q" (*ptr) : "r" ((uint32_t)value) );
 682:Drivers/CMSIS/Include/cmsis_gcc.h **** }
 683:Drivers/CMSIS/Include/cmsis_gcc.h **** 
 684:Drivers/CMSIS/Include/cmsis_gcc.h **** 
 685:Drivers/CMSIS/Include/cmsis_gcc.h **** /**
 686:Drivers/CMSIS/Include/cmsis_gcc.h ****   \brief   STRT Unprivileged (32 bit)
 687:Drivers/CMSIS/Include/cmsis_gcc.h ****   \details Executes a Unprivileged STRT instruction for 32 bit values.
 688:Drivers/CMSIS/Include/cmsis_gcc.h ****   \param [in]  value  Value to store
 689:Drivers/CMSIS/Include/cmsis_gcc.h ****   \param [in]    ptr  Pointer to location
 690:Drivers/CMSIS/Include/cmsis_gcc.h ****  */
 691:Drivers/CMSIS/Include/cmsis_gcc.h **** __STATIC_FORCEINLINE void __STRT(uint32_t value, volatile uint32_t *ptr)
 692:Drivers/CMSIS/Include/cmsis_gcc.h **** {
 693:Drivers/CMSIS/Include/cmsis_gcc.h ****    __ASM volatile ("strt %1, %0" : "=Q" (*ptr) : "r" (value) );
 694:Drivers/CMSIS/Include/cmsis_gcc.h **** }
 695:Drivers/CMSIS/Include/cmsis_gcc.h **** 
 696:Drivers/CMSIS/Include/cmsis_gcc.h **** #else  /* ((defined (__ARM_ARCH_7M__      ) && (__ARM_ARCH_7M__      == 1)) || \
 697:Drivers/CMSIS/Include/cmsis_gcc.h ****            (defined (__ARM_ARCH_7EM__     ) && (__ARM_ARCH_7EM__     == 1)) || \
 698:Drivers/CMSIS/Include/cmsis_gcc.h ****            (defined (__ARM_ARCH_8M_MAIN__ ) && (__ARM_ARCH_8M_MAIN__ == 1))    ) */
 699:Drivers/CMSIS/Include/cmsis_gcc.h **** 
 700:Drivers/CMSIS/Include/cmsis_gcc.h **** /**
 701:Drivers/CMSIS/Include/cmsis_gcc.h ****   \brief   Signed Saturate
 702:Drivers/CMSIS/Include/cmsis_gcc.h ****   \details Saturates a signed value.
 703:Drivers/CMSIS/Include/cmsis_gcc.h ****   \param [in]  value  Value to be saturated
ARM GAS  C:\Users\ACER\AppData\Local\Temp\ccJnZfJG.s 			page 82


 704:Drivers/CMSIS/Include/cmsis_gcc.h ****   \param [in]    sat  Bit position to saturate to (1..32)
 705:Drivers/CMSIS/Include/cmsis_gcc.h ****   \return             Saturated value
 706:Drivers/CMSIS/Include/cmsis_gcc.h ****  */
 707:Drivers/CMSIS/Include/cmsis_gcc.h **** __STATIC_FORCEINLINE int32_t __SSAT(int32_t val, uint32_t sat)
 708:Drivers/CMSIS/Include/cmsis_gcc.h **** {
 709:Drivers/CMSIS/Include/cmsis_gcc.h ****   if ((sat >= 1U) && (sat <= 32U))
 710:Drivers/CMSIS/Include/cmsis_gcc.h ****   {
 711:Drivers/CMSIS/Include/cmsis_gcc.h ****     const int32_t max = (int32_t)((1U << (sat - 1U)) - 1U);
 712:Drivers/CMSIS/Include/cmsis_gcc.h ****     const int32_t min = -1 - max ;
 713:Drivers/CMSIS/Include/cmsis_gcc.h ****     if (val > max)
 714:Drivers/CMSIS/Include/cmsis_gcc.h ****     {
 715:Drivers/CMSIS/Include/cmsis_gcc.h ****       return max;
 716:Drivers/CMSIS/Include/cmsis_gcc.h ****     }
 717:Drivers/CMSIS/Include/cmsis_gcc.h ****     else if (val < min)
 718:Drivers/CMSIS/Include/cmsis_gcc.h ****     {
 719:Drivers/CMSIS/Include/cmsis_gcc.h ****       return min;
 720:Drivers/CMSIS/Include/cmsis_gcc.h ****     }
 721:Drivers/CMSIS/Include/cmsis_gcc.h ****   }
 722:Drivers/CMSIS/Include/cmsis_gcc.h ****   return val;
 723:Drivers/CMSIS/Include/cmsis_gcc.h **** }
 724:Drivers/CMSIS/Include/cmsis_gcc.h **** 
 725:Drivers/CMSIS/Include/cmsis_gcc.h **** /**
 726:Drivers/CMSIS/Include/cmsis_gcc.h ****   \brief   Unsigned Saturate
 727:Drivers/CMSIS/Include/cmsis_gcc.h ****   \details Saturates an unsigned value.
 728:Drivers/CMSIS/Include/cmsis_gcc.h ****   \param [in]  value  Value to be saturated
 729:Drivers/CMSIS/Include/cmsis_gcc.h ****   \param [in]    sat  Bit position to saturate to (0..31)
 730:Drivers/CMSIS/Include/cmsis_gcc.h ****   \return             Saturated value
 731:Drivers/CMSIS/Include/cmsis_gcc.h ****  */
 732:Drivers/CMSIS/Include/cmsis_gcc.h **** __STATIC_FORCEINLINE uint32_t __USAT(int32_t val, uint32_t sat)
 733:Drivers/CMSIS/Include/cmsis_gcc.h **** {
 734:Drivers/CMSIS/Include/cmsis_gcc.h ****   if (sat <= 31U)
 735:Drivers/CMSIS/Include/cmsis_gcc.h ****   {
 736:Drivers/CMSIS/Include/cmsis_gcc.h ****     const uint32_t max = ((1U << sat) - 1U);
 737:Drivers/CMSIS/Include/cmsis_gcc.h ****     if (val > (int32_t)max)
 738:Drivers/CMSIS/Include/cmsis_gcc.h ****     {
 739:Drivers/CMSIS/Include/cmsis_gcc.h ****       return max;
 740:Drivers/CMSIS/Include/cmsis_gcc.h ****     }
 741:Drivers/CMSIS/Include/cmsis_gcc.h ****     else if (val < 0)
 742:Drivers/CMSIS/Include/cmsis_gcc.h ****     {
 743:Drivers/CMSIS/Include/cmsis_gcc.h ****       return 0U;
 744:Drivers/CMSIS/Include/cmsis_gcc.h ****     }
 745:Drivers/CMSIS/Include/cmsis_gcc.h ****   }
 746:Drivers/CMSIS/Include/cmsis_gcc.h ****   return (uint32_t)val;
 747:Drivers/CMSIS/Include/cmsis_gcc.h **** }
 748:Drivers/CMSIS/Include/cmsis_gcc.h **** 
 749:Drivers/CMSIS/Include/cmsis_gcc.h **** #endif /* ((defined (__ARM_ARCH_7M__      ) && (__ARM_ARCH_7M__      == 1)) || \
 750:Drivers/CMSIS/Include/cmsis_gcc.h ****            (defined (__ARM_ARCH_7EM__     ) && (__ARM_ARCH_7EM__     == 1)) || \
 751:Drivers/CMSIS/Include/cmsis_gcc.h ****            (defined (__ARM_ARCH_8M_MAIN__ ) && (__ARM_ARCH_8M_MAIN__ == 1))    ) */
 752:Drivers/CMSIS/Include/cmsis_gcc.h **** 
 753:Drivers/CMSIS/Include/cmsis_gcc.h **** 
 754:Drivers/CMSIS/Include/cmsis_gcc.h **** #if ((defined (__ARM_ARCH_8M_MAIN__ ) && (__ARM_ARCH_8M_MAIN__ == 1)) || \
 755:Drivers/CMSIS/Include/cmsis_gcc.h ****      (defined (__ARM_ARCH_8M_BASE__ ) && (__ARM_ARCH_8M_BASE__ == 1))    )
 756:Drivers/CMSIS/Include/cmsis_gcc.h **** /**
 757:Drivers/CMSIS/Include/cmsis_gcc.h ****   \brief   Load-Acquire (8 bit)
 758:Drivers/CMSIS/Include/cmsis_gcc.h ****   \details Executes a LDAB instruction for 8 bit value.
 759:Drivers/CMSIS/Include/cmsis_gcc.h ****   \param [in]    ptr  Pointer to data
 760:Drivers/CMSIS/Include/cmsis_gcc.h ****   \return             value of type uint8_t at (*ptr)
ARM GAS  C:\Users\ACER\AppData\Local\Temp\ccJnZfJG.s 			page 83


 761:Drivers/CMSIS/Include/cmsis_gcc.h ****  */
 762:Drivers/CMSIS/Include/cmsis_gcc.h **** __STATIC_FORCEINLINE uint8_t __LDAB(volatile uint8_t *ptr)
 763:Drivers/CMSIS/Include/cmsis_gcc.h **** {
 764:Drivers/CMSIS/Include/cmsis_gcc.h ****     uint32_t result;
 765:Drivers/CMSIS/Include/cmsis_gcc.h **** 
 766:Drivers/CMSIS/Include/cmsis_gcc.h ****    __ASM volatile ("ldab %0, %1" : "=r" (result) : "Q" (*ptr) : "memory" );
 767:Drivers/CMSIS/Include/cmsis_gcc.h ****    return ((uint8_t) result);
 768:Drivers/CMSIS/Include/cmsis_gcc.h **** }
 769:Drivers/CMSIS/Include/cmsis_gcc.h **** 
 770:Drivers/CMSIS/Include/cmsis_gcc.h **** 
 771:Drivers/CMSIS/Include/cmsis_gcc.h **** /**
 772:Drivers/CMSIS/Include/cmsis_gcc.h ****   \brief   Load-Acquire (16 bit)
 773:Drivers/CMSIS/Include/cmsis_gcc.h ****   \details Executes a LDAH instruction for 16 bit values.
 774:Drivers/CMSIS/Include/cmsis_gcc.h ****   \param [in]    ptr  Pointer to data
 775:Drivers/CMSIS/Include/cmsis_gcc.h ****   \return        value of type uint16_t at (*ptr)
 776:Drivers/CMSIS/Include/cmsis_gcc.h ****  */
 777:Drivers/CMSIS/Include/cmsis_gcc.h **** __STATIC_FORCEINLINE uint16_t __LDAH(volatile uint16_t *ptr)
 778:Drivers/CMSIS/Include/cmsis_gcc.h **** {
 779:Drivers/CMSIS/Include/cmsis_gcc.h ****     uint32_t result;
 780:Drivers/CMSIS/Include/cmsis_gcc.h **** 
 781:Drivers/CMSIS/Include/cmsis_gcc.h ****    __ASM volatile ("ldah %0, %1" : "=r" (result) : "Q" (*ptr) : "memory" );
 782:Drivers/CMSIS/Include/cmsis_gcc.h ****    return ((uint16_t) result);
 783:Drivers/CMSIS/Include/cmsis_gcc.h **** }
 784:Drivers/CMSIS/Include/cmsis_gcc.h **** 
 785:Drivers/CMSIS/Include/cmsis_gcc.h **** 
 786:Drivers/CMSIS/Include/cmsis_gcc.h **** /**
 787:Drivers/CMSIS/Include/cmsis_gcc.h ****   \brief   Load-Acquire (32 bit)
 788:Drivers/CMSIS/Include/cmsis_gcc.h ****   \details Executes a LDA instruction for 32 bit values.
 789:Drivers/CMSIS/Include/cmsis_gcc.h ****   \param [in]    ptr  Pointer to data
 790:Drivers/CMSIS/Include/cmsis_gcc.h ****   \return        value of type uint32_t at (*ptr)
 791:Drivers/CMSIS/Include/cmsis_gcc.h ****  */
 792:Drivers/CMSIS/Include/cmsis_gcc.h **** __STATIC_FORCEINLINE uint32_t __LDA(volatile uint32_t *ptr)
 793:Drivers/CMSIS/Include/cmsis_gcc.h **** {
 794:Drivers/CMSIS/Include/cmsis_gcc.h ****     uint32_t result;
 795:Drivers/CMSIS/Include/cmsis_gcc.h **** 
 796:Drivers/CMSIS/Include/cmsis_gcc.h ****    __ASM volatile ("lda %0, %1" : "=r" (result) : "Q" (*ptr) : "memory" );
 797:Drivers/CMSIS/Include/cmsis_gcc.h ****    return(result);
 798:Drivers/CMSIS/Include/cmsis_gcc.h **** }
 799:Drivers/CMSIS/Include/cmsis_gcc.h **** 
 800:Drivers/CMSIS/Include/cmsis_gcc.h **** 
 801:Drivers/CMSIS/Include/cmsis_gcc.h **** /**
 802:Drivers/CMSIS/Include/cmsis_gcc.h ****   \brief   Store-Release (8 bit)
 803:Drivers/CMSIS/Include/cmsis_gcc.h ****   \details Executes a STLB instruction for 8 bit values.
 804:Drivers/CMSIS/Include/cmsis_gcc.h ****   \param [in]  value  Value to store
 805:Drivers/CMSIS/Include/cmsis_gcc.h ****   \param [in]    ptr  Pointer to location
 806:Drivers/CMSIS/Include/cmsis_gcc.h ****  */
 807:Drivers/CMSIS/Include/cmsis_gcc.h **** __STATIC_FORCEINLINE void __STLB(uint8_t value, volatile uint8_t *ptr)
 808:Drivers/CMSIS/Include/cmsis_gcc.h **** {
 809:Drivers/CMSIS/Include/cmsis_gcc.h ****    __ASM volatile ("stlb %1, %0" : "=Q" (*ptr) : "r" ((uint32_t)value) : "memory" );
 810:Drivers/CMSIS/Include/cmsis_gcc.h **** }
 811:Drivers/CMSIS/Include/cmsis_gcc.h **** 
 812:Drivers/CMSIS/Include/cmsis_gcc.h **** 
 813:Drivers/CMSIS/Include/cmsis_gcc.h **** /**
 814:Drivers/CMSIS/Include/cmsis_gcc.h ****   \brief   Store-Release (16 bit)
 815:Drivers/CMSIS/Include/cmsis_gcc.h ****   \details Executes a STLH instruction for 16 bit values.
 816:Drivers/CMSIS/Include/cmsis_gcc.h ****   \param [in]  value  Value to store
 817:Drivers/CMSIS/Include/cmsis_gcc.h ****   \param [in]    ptr  Pointer to location
ARM GAS  C:\Users\ACER\AppData\Local\Temp\ccJnZfJG.s 			page 84


 818:Drivers/CMSIS/Include/cmsis_gcc.h ****  */
 819:Drivers/CMSIS/Include/cmsis_gcc.h **** __STATIC_FORCEINLINE void __STLH(uint16_t value, volatile uint16_t *ptr)
 820:Drivers/CMSIS/Include/cmsis_gcc.h **** {
 821:Drivers/CMSIS/Include/cmsis_gcc.h ****    __ASM volatile ("stlh %1, %0" : "=Q" (*ptr) : "r" ((uint32_t)value) : "memory" );
 822:Drivers/CMSIS/Include/cmsis_gcc.h **** }
 823:Drivers/CMSIS/Include/cmsis_gcc.h **** 
 824:Drivers/CMSIS/Include/cmsis_gcc.h **** 
 825:Drivers/CMSIS/Include/cmsis_gcc.h **** /**
 826:Drivers/CMSIS/Include/cmsis_gcc.h ****   \brief   Store-Release (32 bit)
 827:Drivers/CMSIS/Include/cmsis_gcc.h ****   \details Executes a STL instruction for 32 bit values.
 828:Drivers/CMSIS/Include/cmsis_gcc.h ****   \param [in]  value  Value to store
 829:Drivers/CMSIS/Include/cmsis_gcc.h ****   \param [in]    ptr  Pointer to location
 830:Drivers/CMSIS/Include/cmsis_gcc.h ****  */
 831:Drivers/CMSIS/Include/cmsis_gcc.h **** __STATIC_FORCEINLINE void __STL(uint32_t value, volatile uint32_t *ptr)
 832:Drivers/CMSIS/Include/cmsis_gcc.h **** {
 833:Drivers/CMSIS/Include/cmsis_gcc.h ****    __ASM volatile ("stl %1, %0" : "=Q" (*ptr) : "r" ((uint32_t)value) : "memory" );
 834:Drivers/CMSIS/Include/cmsis_gcc.h **** }
 835:Drivers/CMSIS/Include/cmsis_gcc.h **** 
 836:Drivers/CMSIS/Include/cmsis_gcc.h **** 
 837:Drivers/CMSIS/Include/cmsis_gcc.h **** /**
 838:Drivers/CMSIS/Include/cmsis_gcc.h ****   \brief   Load-Acquire Exclusive (8 bit)
 839:Drivers/CMSIS/Include/cmsis_gcc.h ****   \details Executes a LDAB exclusive instruction for 8 bit value.
 840:Drivers/CMSIS/Include/cmsis_gcc.h ****   \param [in]    ptr  Pointer to data
 841:Drivers/CMSIS/Include/cmsis_gcc.h ****   \return             value of type uint8_t at (*ptr)
 842:Drivers/CMSIS/Include/cmsis_gcc.h ****  */
 843:Drivers/CMSIS/Include/cmsis_gcc.h **** __STATIC_FORCEINLINE uint8_t __LDAEXB(volatile uint8_t *ptr)
 844:Drivers/CMSIS/Include/cmsis_gcc.h **** {
 845:Drivers/CMSIS/Include/cmsis_gcc.h ****     uint32_t result;
 846:Drivers/CMSIS/Include/cmsis_gcc.h **** 
 847:Drivers/CMSIS/Include/cmsis_gcc.h ****    __ASM volatile ("ldaexb %0, %1" : "=r" (result) : "Q" (*ptr) : "memory" );
 848:Drivers/CMSIS/Include/cmsis_gcc.h ****    return ((uint8_t) result);
 849:Drivers/CMSIS/Include/cmsis_gcc.h **** }
 850:Drivers/CMSIS/Include/cmsis_gcc.h **** 
 851:Drivers/CMSIS/Include/cmsis_gcc.h **** 
 852:Drivers/CMSIS/Include/cmsis_gcc.h **** /**
 853:Drivers/CMSIS/Include/cmsis_gcc.h ****   \brief   Load-Acquire Exclusive (16 bit)
 854:Drivers/CMSIS/Include/cmsis_gcc.h ****   \details Executes a LDAH exclusive instruction for 16 bit values.
 855:Drivers/CMSIS/Include/cmsis_gcc.h ****   \param [in]    ptr  Pointer to data
 856:Drivers/CMSIS/Include/cmsis_gcc.h ****   \return        value of type uint16_t at (*ptr)
 857:Drivers/CMSIS/Include/cmsis_gcc.h ****  */
 858:Drivers/CMSIS/Include/cmsis_gcc.h **** __STATIC_FORCEINLINE uint16_t __LDAEXH(volatile uint16_t *ptr)
 859:Drivers/CMSIS/Include/cmsis_gcc.h **** {
 860:Drivers/CMSIS/Include/cmsis_gcc.h ****     uint32_t result;
 861:Drivers/CMSIS/Include/cmsis_gcc.h **** 
 862:Drivers/CMSIS/Include/cmsis_gcc.h ****    __ASM volatile ("ldaexh %0, %1" : "=r" (result) : "Q" (*ptr) : "memory" );
 863:Drivers/CMSIS/Include/cmsis_gcc.h ****    return ((uint16_t) result);
 864:Drivers/CMSIS/Include/cmsis_gcc.h **** }
 865:Drivers/CMSIS/Include/cmsis_gcc.h **** 
 866:Drivers/CMSIS/Include/cmsis_gcc.h **** 
 867:Drivers/CMSIS/Include/cmsis_gcc.h **** /**
 868:Drivers/CMSIS/Include/cmsis_gcc.h ****   \brief   Load-Acquire Exclusive (32 bit)
 869:Drivers/CMSIS/Include/cmsis_gcc.h ****   \details Executes a LDA exclusive instruction for 32 bit values.
 870:Drivers/CMSIS/Include/cmsis_gcc.h ****   \param [in]    ptr  Pointer to data
 871:Drivers/CMSIS/Include/cmsis_gcc.h ****   \return        value of type uint32_t at (*ptr)
 872:Drivers/CMSIS/Include/cmsis_gcc.h ****  */
 873:Drivers/CMSIS/Include/cmsis_gcc.h **** __STATIC_FORCEINLINE uint32_t __LDAEX(volatile uint32_t *ptr)
 874:Drivers/CMSIS/Include/cmsis_gcc.h **** {
ARM GAS  C:\Users\ACER\AppData\Local\Temp\ccJnZfJG.s 			page 85


 875:Drivers/CMSIS/Include/cmsis_gcc.h ****     uint32_t result;
 876:Drivers/CMSIS/Include/cmsis_gcc.h **** 
 877:Drivers/CMSIS/Include/cmsis_gcc.h ****    __ASM volatile ("ldaex %0, %1" : "=r" (result) : "Q" (*ptr) : "memory" );
 878:Drivers/CMSIS/Include/cmsis_gcc.h ****    return(result);
 879:Drivers/CMSIS/Include/cmsis_gcc.h **** }
 880:Drivers/CMSIS/Include/cmsis_gcc.h **** 
 881:Drivers/CMSIS/Include/cmsis_gcc.h **** 
 882:Drivers/CMSIS/Include/cmsis_gcc.h **** /**
 883:Drivers/CMSIS/Include/cmsis_gcc.h ****   \brief   Store-Release Exclusive (8 bit)
 884:Drivers/CMSIS/Include/cmsis_gcc.h ****   \details Executes a STLB exclusive instruction for 8 bit values.
 885:Drivers/CMSIS/Include/cmsis_gcc.h ****   \param [in]  value  Value to store
 886:Drivers/CMSIS/Include/cmsis_gcc.h ****   \param [in]    ptr  Pointer to location
 887:Drivers/CMSIS/Include/cmsis_gcc.h ****   \return          0  Function succeeded
 888:Drivers/CMSIS/Include/cmsis_gcc.h ****   \return          1  Function failed
 889:Drivers/CMSIS/Include/cmsis_gcc.h ****  */
 890:Drivers/CMSIS/Include/cmsis_gcc.h **** __STATIC_FORCEINLINE uint32_t __STLEXB(uint8_t value, volatile uint8_t *ptr)
 891:Drivers/CMSIS/Include/cmsis_gcc.h **** {
 892:Drivers/CMSIS/Include/cmsis_gcc.h ****    uint32_t result;
 893:Drivers/CMSIS/Include/cmsis_gcc.h **** 
 894:Drivers/CMSIS/Include/cmsis_gcc.h ****    __ASM volatile ("stlexb %0, %2, %1" : "=&r" (result), "=Q" (*ptr) : "r" ((uint32_t)value) : "mem
 895:Drivers/CMSIS/Include/cmsis_gcc.h ****    return(result);
 896:Drivers/CMSIS/Include/cmsis_gcc.h **** }
 897:Drivers/CMSIS/Include/cmsis_gcc.h **** 
 898:Drivers/CMSIS/Include/cmsis_gcc.h **** 
 899:Drivers/CMSIS/Include/cmsis_gcc.h **** /**
 900:Drivers/CMSIS/Include/cmsis_gcc.h ****   \brief   Store-Release Exclusive (16 bit)
 901:Drivers/CMSIS/Include/cmsis_gcc.h ****   \details Executes a STLH exclusive instruction for 16 bit values.
 902:Drivers/CMSIS/Include/cmsis_gcc.h ****   \param [in]  value  Value to store
 903:Drivers/CMSIS/Include/cmsis_gcc.h ****   \param [in]    ptr  Pointer to location
 904:Drivers/CMSIS/Include/cmsis_gcc.h ****   \return          0  Function succeeded
 905:Drivers/CMSIS/Include/cmsis_gcc.h ****   \return          1  Function failed
 906:Drivers/CMSIS/Include/cmsis_gcc.h ****  */
 907:Drivers/CMSIS/Include/cmsis_gcc.h **** __STATIC_FORCEINLINE uint32_t __STLEXH(uint16_t value, volatile uint16_t *ptr)
 908:Drivers/CMSIS/Include/cmsis_gcc.h **** {
 909:Drivers/CMSIS/Include/cmsis_gcc.h ****    uint32_t result;
 910:Drivers/CMSIS/Include/cmsis_gcc.h **** 
 911:Drivers/CMSIS/Include/cmsis_gcc.h ****    __ASM volatile ("stlexh %0, %2, %1" : "=&r" (result), "=Q" (*ptr) : "r" ((uint32_t)value) : "mem
 912:Drivers/CMSIS/Include/cmsis_gcc.h ****    return(result);
 913:Drivers/CMSIS/Include/cmsis_gcc.h **** }
 914:Drivers/CMSIS/Include/cmsis_gcc.h **** 
 915:Drivers/CMSIS/Include/cmsis_gcc.h **** 
 916:Drivers/CMSIS/Include/cmsis_gcc.h **** /**
 917:Drivers/CMSIS/Include/cmsis_gcc.h ****   \brief   Store-Release Exclusive (32 bit)
 918:Drivers/CMSIS/Include/cmsis_gcc.h ****   \details Executes a STL exclusive instruction for 32 bit values.
 919:Drivers/CMSIS/Include/cmsis_gcc.h ****   \param [in]  value  Value to store
 920:Drivers/CMSIS/Include/cmsis_gcc.h ****   \param [in]    ptr  Pointer to location
 921:Drivers/CMSIS/Include/cmsis_gcc.h ****   \return          0  Function succeeded
 922:Drivers/CMSIS/Include/cmsis_gcc.h ****   \return          1  Function failed
 923:Drivers/CMSIS/Include/cmsis_gcc.h ****  */
 924:Drivers/CMSIS/Include/cmsis_gcc.h **** __STATIC_FORCEINLINE uint32_t __STLEX(uint32_t value, volatile uint32_t *ptr)
 925:Drivers/CMSIS/Include/cmsis_gcc.h **** {
 926:Drivers/CMSIS/Include/cmsis_gcc.h ****    uint32_t result;
 927:Drivers/CMSIS/Include/cmsis_gcc.h **** 
 928:Drivers/CMSIS/Include/cmsis_gcc.h ****    __ASM volatile ("stlex %0, %2, %1" : "=&r" (result), "=Q" (*ptr) : "r" ((uint32_t)value) : "memo
 929:Drivers/CMSIS/Include/cmsis_gcc.h ****    return(result);
 930:Drivers/CMSIS/Include/cmsis_gcc.h **** }
 931:Drivers/CMSIS/Include/cmsis_gcc.h **** 
ARM GAS  C:\Users\ACER\AppData\Local\Temp\ccJnZfJG.s 			page 86


 932:Drivers/CMSIS/Include/cmsis_gcc.h **** #endif /* ((defined (__ARM_ARCH_8M_MAIN__ ) && (__ARM_ARCH_8M_MAIN__ == 1)) || \
 933:Drivers/CMSIS/Include/cmsis_gcc.h ****            (defined (__ARM_ARCH_8M_BASE__ ) && (__ARM_ARCH_8M_BASE__ == 1))    ) */
 934:Drivers/CMSIS/Include/cmsis_gcc.h **** 
 935:Drivers/CMSIS/Include/cmsis_gcc.h **** /*@}*/ /* end of group CMSIS_Core_InstructionInterface */
 936:Drivers/CMSIS/Include/cmsis_gcc.h **** 
 937:Drivers/CMSIS/Include/cmsis_gcc.h **** 
 938:Drivers/CMSIS/Include/cmsis_gcc.h **** /* ###########################  Core Function Access  ########################### */
 939:Drivers/CMSIS/Include/cmsis_gcc.h **** /** \ingroup  CMSIS_Core_FunctionInterface
 940:Drivers/CMSIS/Include/cmsis_gcc.h ****     \defgroup CMSIS_Core_RegAccFunctions CMSIS Core Register Access Functions
 941:Drivers/CMSIS/Include/cmsis_gcc.h ****   @{
 942:Drivers/CMSIS/Include/cmsis_gcc.h ****  */
 943:Drivers/CMSIS/Include/cmsis_gcc.h **** 
 944:Drivers/CMSIS/Include/cmsis_gcc.h **** /**
 945:Drivers/CMSIS/Include/cmsis_gcc.h ****   \brief   Enable IRQ Interrupts
 946:Drivers/CMSIS/Include/cmsis_gcc.h ****   \details Enables IRQ interrupts by clearing special-purpose register PRIMASK.
 947:Drivers/CMSIS/Include/cmsis_gcc.h ****            Can only be executed in Privileged modes.
 948:Drivers/CMSIS/Include/cmsis_gcc.h ****  */
 949:Drivers/CMSIS/Include/cmsis_gcc.h **** __STATIC_FORCEINLINE void __enable_irq(void)
 950:Drivers/CMSIS/Include/cmsis_gcc.h **** {
 951:Drivers/CMSIS/Include/cmsis_gcc.h ****   __ASM volatile ("cpsie i" : : : "memory");
 952:Drivers/CMSIS/Include/cmsis_gcc.h **** }
 953:Drivers/CMSIS/Include/cmsis_gcc.h **** 
 954:Drivers/CMSIS/Include/cmsis_gcc.h **** 
 955:Drivers/CMSIS/Include/cmsis_gcc.h **** /**
 956:Drivers/CMSIS/Include/cmsis_gcc.h ****   \brief   Disable IRQ Interrupts
 957:Drivers/CMSIS/Include/cmsis_gcc.h ****   \details Disables IRQ interrupts by setting special-purpose register PRIMASK.
 958:Drivers/CMSIS/Include/cmsis_gcc.h ****            Can only be executed in Privileged modes.
 959:Drivers/CMSIS/Include/cmsis_gcc.h ****  */
 960:Drivers/CMSIS/Include/cmsis_gcc.h **** __STATIC_FORCEINLINE void __disable_irq(void)
 2455              		.loc 2 960 27 view .LVU549
 2456              	.LBB13:
 961:Drivers/CMSIS/Include/cmsis_gcc.h **** {
 962:Drivers/CMSIS/Include/cmsis_gcc.h ****   __ASM volatile ("cpsid i" : : : "memory");
 2457              		.loc 2 962 3 view .LVU550
 2458              		.syntax unified
 2459              	@ 962 "Drivers/CMSIS/Include/cmsis_gcc.h" 1
 2460 0000 72B6     		cpsid i
 2461              	@ 0 "" 2
 2462              		.thumb
 2463              		.syntax unified
 2464              	.L142:
 2465              	.LBE13:
 2466              	.LBE12:
1015:Core/Src/main.c ****   while (1)
 2467              		.loc 1 1015 3 view .LVU551
1016:Core/Src/main.c ****   {
1017:Core/Src/main.c ****   }
 2468              		.loc 1 1017 3 view .LVU552
1015:Core/Src/main.c ****   while (1)
 2469              		.loc 1 1015 9 view .LVU553
 2470 0002 FEE7     		b	.L142
 2471              		.cfi_endproc
 2472              	.LFE163:
 2474              		.section	.text.MX_TIM1_Init,"ax",%progbits
 2475              		.align	1
 2476              		.syntax unified
 2477              		.thumb
ARM GAS  C:\Users\ACER\AppData\Local\Temp\ccJnZfJG.s 			page 87


 2478              		.thumb_func
 2480              	MX_TIM1_Init:
 2481              	.LFB159:
 824:Core/Src/main.c **** 
 2482              		.loc 1 824 1 view -0
 2483              		.cfi_startproc
 2484              		@ args = 0, pretend = 0, frame = 88
 2485              		@ frame_needed = 0, uses_anonymous_args = 0
 2486 0000 10B5     		push	{r4, lr}
 2487              	.LCFI61:
 2488              		.cfi_def_cfa_offset 8
 2489              		.cfi_offset 4, -8
 2490              		.cfi_offset 14, -4
 2491 0002 96B0     		sub	sp, sp, #88
 2492              	.LCFI62:
 2493              		.cfi_def_cfa_offset 96
 830:Core/Src/main.c ****   TIM_MasterConfigTypeDef sMasterConfig = {0};
 2494              		.loc 1 830 3 view .LVU555
 830:Core/Src/main.c ****   TIM_MasterConfigTypeDef sMasterConfig = {0};
 2495              		.loc 1 830 26 is_stmt 0 view .LVU556
 2496 0004 0024     		movs	r4, #0
 2497 0006 1294     		str	r4, [sp, #72]
 2498 0008 1394     		str	r4, [sp, #76]
 2499 000a 1494     		str	r4, [sp, #80]
 2500 000c 1594     		str	r4, [sp, #84]
 831:Core/Src/main.c ****   TIM_OC_InitTypeDef sConfigOC = {0};
 2501              		.loc 1 831 3 is_stmt 1 view .LVU557
 831:Core/Src/main.c ****   TIM_OC_InitTypeDef sConfigOC = {0};
 2502              		.loc 1 831 27 is_stmt 0 view .LVU558
 2503 000e 1094     		str	r4, [sp, #64]
 2504 0010 1194     		str	r4, [sp, #68]
 832:Core/Src/main.c ****   TIM_BreakDeadTimeConfigTypeDef sBreakDeadTimeConfig = {0};
 2505              		.loc 1 832 3 is_stmt 1 view .LVU559
 832:Core/Src/main.c ****   TIM_BreakDeadTimeConfigTypeDef sBreakDeadTimeConfig = {0};
 2506              		.loc 1 832 22 is_stmt 0 view .LVU560
 2507 0012 0994     		str	r4, [sp, #36]
 2508 0014 0A94     		str	r4, [sp, #40]
 2509 0016 0B94     		str	r4, [sp, #44]
 2510 0018 0C94     		str	r4, [sp, #48]
 2511 001a 0D94     		str	r4, [sp, #52]
 2512 001c 0E94     		str	r4, [sp, #56]
 2513 001e 0F94     		str	r4, [sp, #60]
 833:Core/Src/main.c **** 
 2514              		.loc 1 833 3 is_stmt 1 view .LVU561
 833:Core/Src/main.c **** 
 2515              		.loc 1 833 34 is_stmt 0 view .LVU562
 2516 0020 2022     		movs	r2, #32
 2517 0022 2146     		mov	r1, r4
 2518 0024 01A8     		add	r0, sp, #4
 2519 0026 FFF7FEFF 		bl	memset
 2520              	.LVL190:
 838:Core/Src/main.c ****   htim1.Init.Prescaler = 1;
 2521              		.loc 1 838 3 is_stmt 1 view .LVU563
 838:Core/Src/main.c ****   htim1.Init.Prescaler = 1;
 2522              		.loc 1 838 18 is_stmt 0 view .LVU564
 2523 002a 3548     		ldr	r0, .L161
 2524 002c 354B     		ldr	r3, .L161+4
ARM GAS  C:\Users\ACER\AppData\Local\Temp\ccJnZfJG.s 			page 88


 2525 002e 0360     		str	r3, [r0]
 839:Core/Src/main.c ****   htim1.Init.CounterMode = TIM_COUNTERMODE_CENTERALIGNED3;
 2526              		.loc 1 839 3 is_stmt 1 view .LVU565
 839:Core/Src/main.c ****   htim1.Init.CounterMode = TIM_COUNTERMODE_CENTERALIGNED3;
 2527              		.loc 1 839 24 is_stmt 0 view .LVU566
 2528 0030 0123     		movs	r3, #1
 2529 0032 4360     		str	r3, [r0, #4]
 840:Core/Src/main.c ****   htim1.Init.Period = 1000 - 1;
 2530              		.loc 1 840 3 is_stmt 1 view .LVU567
 840:Core/Src/main.c ****   htim1.Init.Period = 1000 - 1;
 2531              		.loc 1 840 26 is_stmt 0 view .LVU568
 2532 0034 6023     		movs	r3, #96
 2533 0036 8360     		str	r3, [r0, #8]
 841:Core/Src/main.c ****   htim1.Init.ClockDivision = TIM_CLOCKDIVISION_DIV1;
 2534              		.loc 1 841 3 is_stmt 1 view .LVU569
 841:Core/Src/main.c ****   htim1.Init.ClockDivision = TIM_CLOCKDIVISION_DIV1;
 2535              		.loc 1 841 21 is_stmt 0 view .LVU570
 2536 0038 40F2E733 		movw	r3, #999
 2537 003c C360     		str	r3, [r0, #12]
 842:Core/Src/main.c ****   htim1.Init.RepetitionCounter = 0;
 2538              		.loc 1 842 3 is_stmt 1 view .LVU571
 842:Core/Src/main.c ****   htim1.Init.RepetitionCounter = 0;
 2539              		.loc 1 842 28 is_stmt 0 view .LVU572
 2540 003e 0461     		str	r4, [r0, #16]
 843:Core/Src/main.c ****   htim1.Init.AutoReloadPreload = TIM_AUTORELOAD_PRELOAD_ENABLE;
 2541              		.loc 1 843 3 is_stmt 1 view .LVU573
 843:Core/Src/main.c ****   htim1.Init.AutoReloadPreload = TIM_AUTORELOAD_PRELOAD_ENABLE;
 2542              		.loc 1 843 32 is_stmt 0 view .LVU574
 2543 0040 4461     		str	r4, [r0, #20]
 844:Core/Src/main.c ****   if (HAL_TIM_Base_Init(&htim1) != HAL_OK)
 2544              		.loc 1 844 3 is_stmt 1 view .LVU575
 844:Core/Src/main.c ****   if (HAL_TIM_Base_Init(&htim1) != HAL_OK)
 2545              		.loc 1 844 32 is_stmt 0 view .LVU576
 2546 0042 8023     		movs	r3, #128
 2547 0044 8361     		str	r3, [r0, #24]
 845:Core/Src/main.c ****   {
 2548              		.loc 1 845 3 is_stmt 1 view .LVU577
 845:Core/Src/main.c ****   {
 2549              		.loc 1 845 7 is_stmt 0 view .LVU578
 2550 0046 FFF7FEFF 		bl	HAL_TIM_Base_Init
 2551              	.LVL191:
 845:Core/Src/main.c ****   {
 2552              		.loc 1 845 6 discriminator 1 view .LVU579
 2553 004a 0028     		cmp	r0, #0
 2554 004c 48D1     		bne	.L153
 849:Core/Src/main.c ****   if (HAL_TIM_ConfigClockSource(&htim1, &sClockSourceConfig) != HAL_OK)
 2555              		.loc 1 849 3 is_stmt 1 view .LVU580
 849:Core/Src/main.c ****   if (HAL_TIM_ConfigClockSource(&htim1, &sClockSourceConfig) != HAL_OK)
 2556              		.loc 1 849 34 is_stmt 0 view .LVU581
 2557 004e 4FF48053 		mov	r3, #4096
 2558 0052 1293     		str	r3, [sp, #72]
 850:Core/Src/main.c ****   {
 2559              		.loc 1 850 3 is_stmt 1 view .LVU582
 850:Core/Src/main.c ****   {
 2560              		.loc 1 850 7 is_stmt 0 view .LVU583
 2561 0054 12A9     		add	r1, sp, #72
 2562 0056 2A48     		ldr	r0, .L161
ARM GAS  C:\Users\ACER\AppData\Local\Temp\ccJnZfJG.s 			page 89


 2563 0058 FFF7FEFF 		bl	HAL_TIM_ConfigClockSource
 2564              	.LVL192:
 850:Core/Src/main.c ****   {
 2565              		.loc 1 850 6 discriminator 1 view .LVU584
 2566 005c 0028     		cmp	r0, #0
 2567 005e 41D1     		bne	.L154
 854:Core/Src/main.c ****   {
 2568              		.loc 1 854 3 is_stmt 1 view .LVU585
 854:Core/Src/main.c ****   {
 2569              		.loc 1 854 7 is_stmt 0 view .LVU586
 2570 0060 2748     		ldr	r0, .L161
 2571 0062 FFF7FEFF 		bl	HAL_TIM_PWM_Init
 2572              	.LVL193:
 854:Core/Src/main.c ****   {
 2573              		.loc 1 854 6 discriminator 1 view .LVU587
 2574 0066 0028     		cmp	r0, #0
 2575 0068 3ED1     		bne	.L155
 858:Core/Src/main.c ****   sMasterConfig.MasterSlaveMode = TIM_MASTERSLAVEMODE_DISABLE;
 2576              		.loc 1 858 3 is_stmt 1 view .LVU588
 858:Core/Src/main.c ****   sMasterConfig.MasterSlaveMode = TIM_MASTERSLAVEMODE_DISABLE;
 2577              		.loc 1 858 37 is_stmt 0 view .LVU589
 2578 006a 2023     		movs	r3, #32
 2579 006c 1093     		str	r3, [sp, #64]
 859:Core/Src/main.c ****   if (HAL_TIMEx_MasterConfigSynchronization(&htim1, &sMasterConfig) != HAL_OK)
 2580              		.loc 1 859 3 is_stmt 1 view .LVU590
 859:Core/Src/main.c ****   if (HAL_TIMEx_MasterConfigSynchronization(&htim1, &sMasterConfig) != HAL_OK)
 2581              		.loc 1 859 33 is_stmt 0 view .LVU591
 2582 006e 1190     		str	r0, [sp, #68]
 860:Core/Src/main.c ****   {
 2583              		.loc 1 860 3 is_stmt 1 view .LVU592
 860:Core/Src/main.c ****   {
 2584              		.loc 1 860 7 is_stmt 0 view .LVU593
 2585 0070 10A9     		add	r1, sp, #64
 2586 0072 2348     		ldr	r0, .L161
 2587 0074 FFF7FEFF 		bl	HAL_TIMEx_MasterConfigSynchronization
 2588              	.LVL194:
 860:Core/Src/main.c ****   {
 2589              		.loc 1 860 6 discriminator 1 view .LVU594
 2590 0078 0028     		cmp	r0, #0
 2591 007a 37D1     		bne	.L156
 864:Core/Src/main.c ****   sConfigOC.Pulse = 0;
 2592              		.loc 1 864 3 is_stmt 1 view .LVU595
 864:Core/Src/main.c ****   sConfigOC.Pulse = 0;
 2593              		.loc 1 864 20 is_stmt 0 view .LVU596
 2594 007c 7023     		movs	r3, #112
 2595 007e 0993     		str	r3, [sp, #36]
 865:Core/Src/main.c ****   sConfigOC.OCPolarity = TIM_OCPOLARITY_HIGH;
 2596              		.loc 1 865 3 is_stmt 1 view .LVU597
 865:Core/Src/main.c ****   sConfigOC.OCPolarity = TIM_OCPOLARITY_HIGH;
 2597              		.loc 1 865 19 is_stmt 0 view .LVU598
 2598 0080 0246     		mov	r2, r0
 2599 0082 0A90     		str	r0, [sp, #40]
 866:Core/Src/main.c ****   sConfigOC.OCNPolarity = TIM_OCNPOLARITY_HIGH;
 2600              		.loc 1 866 3 is_stmt 1 view .LVU599
 866:Core/Src/main.c ****   sConfigOC.OCNPolarity = TIM_OCNPOLARITY_HIGH;
 2601              		.loc 1 866 24 is_stmt 0 view .LVU600
 2602 0084 0B90     		str	r0, [sp, #44]
ARM GAS  C:\Users\ACER\AppData\Local\Temp\ccJnZfJG.s 			page 90


 867:Core/Src/main.c ****   sConfigOC.OCFastMode = TIM_OCFAST_DISABLE;
 2603              		.loc 1 867 3 is_stmt 1 view .LVU601
 867:Core/Src/main.c ****   sConfigOC.OCFastMode = TIM_OCFAST_DISABLE;
 2604              		.loc 1 867 25 is_stmt 0 view .LVU602
 2605 0086 0C90     		str	r0, [sp, #48]
 868:Core/Src/main.c ****   sConfigOC.OCIdleState = TIM_OCIDLESTATE_RESET;
 2606              		.loc 1 868 3 is_stmt 1 view .LVU603
 868:Core/Src/main.c ****   sConfigOC.OCIdleState = TIM_OCIDLESTATE_RESET;
 2607              		.loc 1 868 24 is_stmt 0 view .LVU604
 2608 0088 0D90     		str	r0, [sp, #52]
 869:Core/Src/main.c ****   sConfigOC.OCNIdleState = TIM_OCNIDLESTATE_RESET;
 2609              		.loc 1 869 3 is_stmt 1 view .LVU605
 869:Core/Src/main.c ****   sConfigOC.OCNIdleState = TIM_OCNIDLESTATE_RESET;
 2610              		.loc 1 869 25 is_stmt 0 view .LVU606
 2611 008a 0E90     		str	r0, [sp, #56]
 870:Core/Src/main.c ****   if (HAL_TIM_PWM_ConfigChannel(&htim1, &sConfigOC, TIM_CHANNEL_1) != HAL_OK)
 2612              		.loc 1 870 3 is_stmt 1 view .LVU607
 870:Core/Src/main.c ****   if (HAL_TIM_PWM_ConfigChannel(&htim1, &sConfigOC, TIM_CHANNEL_1) != HAL_OK)
 2613              		.loc 1 870 26 is_stmt 0 view .LVU608
 2614 008c 0F90     		str	r0, [sp, #60]
 871:Core/Src/main.c ****   {
 2615              		.loc 1 871 3 is_stmt 1 view .LVU609
 871:Core/Src/main.c ****   {
 2616              		.loc 1 871 7 is_stmt 0 view .LVU610
 2617 008e 09A9     		add	r1, sp, #36
 2618 0090 1B48     		ldr	r0, .L161
 2619 0092 FFF7FEFF 		bl	HAL_TIM_PWM_ConfigChannel
 2620              	.LVL195:
 871:Core/Src/main.c ****   {
 2621              		.loc 1 871 6 discriminator 1 view .LVU611
 2622 0096 58BB     		cbnz	r0, .L157
 875:Core/Src/main.c ****   {
 2623              		.loc 1 875 3 is_stmt 1 view .LVU612
 875:Core/Src/main.c ****   {
 2624              		.loc 1 875 7 is_stmt 0 view .LVU613
 2625 0098 0422     		movs	r2, #4
 2626 009a 09A9     		add	r1, sp, #36
 2627 009c 1848     		ldr	r0, .L161
 2628 009e FFF7FEFF 		bl	HAL_TIM_PWM_ConfigChannel
 2629              	.LVL196:
 875:Core/Src/main.c ****   {
 2630              		.loc 1 875 6 discriminator 1 view .LVU614
 2631 00a2 38BB     		cbnz	r0, .L158
 879:Core/Src/main.c ****   {
 2632              		.loc 1 879 3 is_stmt 1 view .LVU615
 879:Core/Src/main.c ****   {
 2633              		.loc 1 879 7 is_stmt 0 view .LVU616
 2634 00a4 0822     		movs	r2, #8
 2635 00a6 09A9     		add	r1, sp, #36
 2636 00a8 1548     		ldr	r0, .L161
 2637 00aa FFF7FEFF 		bl	HAL_TIM_PWM_ConfigChannel
 2638              	.LVL197:
 879:Core/Src/main.c ****   {
 2639              		.loc 1 879 6 discriminator 1 view .LVU617
 2640 00ae 18BB     		cbnz	r0, .L159
 883:Core/Src/main.c ****   sBreakDeadTimeConfig.OffStateIDLEMode = TIM_OSSI_ENABLE;
 2641              		.loc 1 883 3 is_stmt 1 view .LVU618
ARM GAS  C:\Users\ACER\AppData\Local\Temp\ccJnZfJG.s 			page 91


 883:Core/Src/main.c ****   sBreakDeadTimeConfig.OffStateIDLEMode = TIM_OSSI_ENABLE;
 2642              		.loc 1 883 40 is_stmt 0 view .LVU619
 2643 00b0 4FF40063 		mov	r3, #2048
 2644 00b4 0193     		str	r3, [sp, #4]
 884:Core/Src/main.c ****   sBreakDeadTimeConfig.LockLevel = TIM_LOCKLEVEL_OFF;
 2645              		.loc 1 884 3 is_stmt 1 view .LVU620
 884:Core/Src/main.c ****   sBreakDeadTimeConfig.LockLevel = TIM_LOCKLEVEL_OFF;
 2646              		.loc 1 884 41 is_stmt 0 view .LVU621
 2647 00b6 4FF48063 		mov	r3, #1024
 2648 00ba 0293     		str	r3, [sp, #8]
 885:Core/Src/main.c ****   sBreakDeadTimeConfig.DeadTime = 150;
 2649              		.loc 1 885 3 is_stmt 1 view .LVU622
 885:Core/Src/main.c ****   sBreakDeadTimeConfig.DeadTime = 150;
 2650              		.loc 1 885 34 is_stmt 0 view .LVU623
 2651 00bc 0390     		str	r0, [sp, #12]
 886:Core/Src/main.c ****   sBreakDeadTimeConfig.BreakState = TIM_BREAK_DISABLE;
 2652              		.loc 1 886 3 is_stmt 1 view .LVU624
 886:Core/Src/main.c ****   sBreakDeadTimeConfig.BreakState = TIM_BREAK_DISABLE;
 2653              		.loc 1 886 33 is_stmt 0 view .LVU625
 2654 00be 9622     		movs	r2, #150
 2655 00c0 0492     		str	r2, [sp, #16]
 887:Core/Src/main.c ****   sBreakDeadTimeConfig.BreakPolarity = TIM_BREAKPOLARITY_HIGH;
 2656              		.loc 1 887 3 is_stmt 1 view .LVU626
 887:Core/Src/main.c ****   sBreakDeadTimeConfig.BreakPolarity = TIM_BREAKPOLARITY_HIGH;
 2657              		.loc 1 887 35 is_stmt 0 view .LVU627
 2658 00c2 0590     		str	r0, [sp, #20]
 888:Core/Src/main.c ****   sBreakDeadTimeConfig.AutomaticOutput = TIM_AUTOMATICOUTPUT_DISABLE;
 2659              		.loc 1 888 3 is_stmt 1 view .LVU628
 888:Core/Src/main.c ****   sBreakDeadTimeConfig.AutomaticOutput = TIM_AUTOMATICOUTPUT_DISABLE;
 2660              		.loc 1 888 38 is_stmt 0 view .LVU629
 2661 00c4 4FF40052 		mov	r2, #8192
 2662 00c8 0692     		str	r2, [sp, #24]
 889:Core/Src/main.c ****   if (HAL_TIMEx_ConfigBreakDeadTime(&htim1, &sBreakDeadTimeConfig) != HAL_OK)
 2663              		.loc 1 889 3 is_stmt 1 view .LVU630
 889:Core/Src/main.c ****   if (HAL_TIMEx_ConfigBreakDeadTime(&htim1, &sBreakDeadTimeConfig) != HAL_OK)
 2664              		.loc 1 889 40 is_stmt 0 view .LVU631
 2665 00ca 0890     		str	r0, [sp, #32]
 890:Core/Src/main.c ****   {
 2666              		.loc 1 890 3 is_stmt 1 view .LVU632
 890:Core/Src/main.c ****   {
 2667              		.loc 1 890 7 is_stmt 0 view .LVU633
 2668 00cc 01A9     		add	r1, sp, #4
 2669 00ce 0C48     		ldr	r0, .L161
 2670 00d0 FFF7FEFF 		bl	HAL_TIMEx_ConfigBreakDeadTime
 2671              	.LVL198:
 890:Core/Src/main.c ****   {
 2672              		.loc 1 890 6 discriminator 1 view .LVU634
 2673 00d4 90B9     		cbnz	r0, .L160
 897:Core/Src/main.c **** }
 2674              		.loc 1 897 3 is_stmt 1 view .LVU635
 2675 00d6 0A48     		ldr	r0, .L161
 2676 00d8 FFF7FEFF 		bl	HAL_TIM_MspPostInit
 2677              	.LVL199:
 898:Core/Src/main.c **** 
 2678              		.loc 1 898 1 is_stmt 0 view .LVU636
 2679 00dc 16B0     		add	sp, sp, #88
 2680              	.LCFI63:
ARM GAS  C:\Users\ACER\AppData\Local\Temp\ccJnZfJG.s 			page 92


 2681              		.cfi_remember_state
 2682              		.cfi_def_cfa_offset 8
 2683              		@ sp needed
 2684 00de 10BD     		pop	{r4, pc}
 2685              	.L153:
 2686              	.LCFI64:
 2687              		.cfi_restore_state
 847:Core/Src/main.c ****   }
 2688              		.loc 1 847 5 is_stmt 1 view .LVU637
 2689 00e0 FFF7FEFF 		bl	Error_Handler
 2690              	.LVL200:
 2691              	.L154:
 852:Core/Src/main.c ****   }
 2692              		.loc 1 852 5 view .LVU638
 2693 00e4 FFF7FEFF 		bl	Error_Handler
 2694              	.LVL201:
 2695              	.L155:
 856:Core/Src/main.c ****   }
 2696              		.loc 1 856 5 view .LVU639
 2697 00e8 FFF7FEFF 		bl	Error_Handler
 2698              	.LVL202:
 2699              	.L156:
 862:Core/Src/main.c ****   }
 2700              		.loc 1 862 5 view .LVU640
 2701 00ec FFF7FEFF 		bl	Error_Handler
 2702              	.LVL203:
 2703              	.L157:
 873:Core/Src/main.c ****   }
 2704              		.loc 1 873 5 view .LVU641
 2705 00f0 FFF7FEFF 		bl	Error_Handler
 2706              	.LVL204:
 2707              	.L158:
 877:Core/Src/main.c ****   }
 2708              		.loc 1 877 5 view .LVU642
 2709 00f4 FFF7FEFF 		bl	Error_Handler
 2710              	.LVL205:
 2711              	.L159:
 881:Core/Src/main.c ****   }
 2712              		.loc 1 881 5 view .LVU643
 2713 00f8 FFF7FEFF 		bl	Error_Handler
 2714              	.LVL206:
 2715              	.L160:
 892:Core/Src/main.c ****   }
 2716              		.loc 1 892 5 view .LVU644
 2717 00fc FFF7FEFF 		bl	Error_Handler
 2718              	.LVL207:
 2719              	.L162:
 2720              		.align	2
 2721              	.L161:
 2722 0100 00000000 		.word	htim1
 2723 0104 00000140 		.word	1073807360
 2724              		.cfi_endproc
 2725              	.LFE159:
 2727              		.section	.text.MX_SPI3_Init,"ax",%progbits
 2728              		.align	1
 2729              		.syntax unified
 2730              		.thumb
ARM GAS  C:\Users\ACER\AppData\Local\Temp\ccJnZfJG.s 			page 93


 2731              		.thumb_func
 2733              	MX_SPI3_Init:
 2734              	.LFB158:
 787:Core/Src/main.c **** 
 2735              		.loc 1 787 1 view -0
 2736              		.cfi_startproc
 2737              		@ args = 0, pretend = 0, frame = 0
 2738              		@ frame_needed = 0, uses_anonymous_args = 0
 2739 0000 08B5     		push	{r3, lr}
 2740              	.LCFI65:
 2741              		.cfi_def_cfa_offset 8
 2742              		.cfi_offset 3, -8
 2743              		.cfi_offset 14, -4
 797:Core/Src/main.c ****   hspi3.Init.Mode = SPI_MODE_MASTER;
 2744              		.loc 1 797 3 view .LVU646
 797:Core/Src/main.c ****   hspi3.Init.Mode = SPI_MODE_MASTER;
 2745              		.loc 1 797 18 is_stmt 0 view .LVU647
 2746 0002 0F48     		ldr	r0, .L167
 2747 0004 0F4B     		ldr	r3, .L167+4
 2748 0006 0360     		str	r3, [r0]
 798:Core/Src/main.c ****   hspi3.Init.Direction = SPI_DIRECTION_2LINES;
 2749              		.loc 1 798 3 is_stmt 1 view .LVU648
 798:Core/Src/main.c ****   hspi3.Init.Direction = SPI_DIRECTION_2LINES;
 2750              		.loc 1 798 19 is_stmt 0 view .LVU649
 2751 0008 4FF48273 		mov	r3, #260
 2752 000c 4360     		str	r3, [r0, #4]
 799:Core/Src/main.c ****   hspi3.Init.DataSize = SPI_DATASIZE_16BIT;
 2753              		.loc 1 799 3 is_stmt 1 view .LVU650
 799:Core/Src/main.c ****   hspi3.Init.DataSize = SPI_DATASIZE_16BIT;
 2754              		.loc 1 799 24 is_stmt 0 view .LVU651
 2755 000e 0023     		movs	r3, #0
 2756 0010 8360     		str	r3, [r0, #8]
 800:Core/Src/main.c ****   hspi3.Init.CLKPolarity = SPI_POLARITY_LOW;
 2757              		.loc 1 800 3 is_stmt 1 view .LVU652
 800:Core/Src/main.c ****   hspi3.Init.CLKPolarity = SPI_POLARITY_LOW;
 2758              		.loc 1 800 23 is_stmt 0 view .LVU653
 2759 0012 4FF40062 		mov	r2, #2048
 2760 0016 C260     		str	r2, [r0, #12]
 801:Core/Src/main.c ****   hspi3.Init.CLKPhase = SPI_PHASE_2EDGE;
 2761              		.loc 1 801 3 is_stmt 1 view .LVU654
 801:Core/Src/main.c ****   hspi3.Init.CLKPhase = SPI_PHASE_2EDGE;
 2762              		.loc 1 801 26 is_stmt 0 view .LVU655
 2763 0018 0361     		str	r3, [r0, #16]
 802:Core/Src/main.c ****   hspi3.Init.NSS = SPI_NSS_SOFT;
 2764              		.loc 1 802 3 is_stmt 1 view .LVU656
 802:Core/Src/main.c ****   hspi3.Init.NSS = SPI_NSS_SOFT;
 2765              		.loc 1 802 23 is_stmt 0 view .LVU657
 2766 001a 0122     		movs	r2, #1
 2767 001c 4261     		str	r2, [r0, #20]
 803:Core/Src/main.c ****   hspi3.Init.BaudRatePrescaler = SPI_BAUDRATEPRESCALER_16;
 2768              		.loc 1 803 3 is_stmt 1 view .LVU658
 803:Core/Src/main.c ****   hspi3.Init.BaudRatePrescaler = SPI_BAUDRATEPRESCALER_16;
 2769              		.loc 1 803 18 is_stmt 0 view .LVU659
 2770 001e 4FF40072 		mov	r2, #512
 2771 0022 8261     		str	r2, [r0, #24]
 804:Core/Src/main.c ****   hspi3.Init.FirstBit = SPI_FIRSTBIT_MSB;
 2772              		.loc 1 804 3 is_stmt 1 view .LVU660
ARM GAS  C:\Users\ACER\AppData\Local\Temp\ccJnZfJG.s 			page 94


 804:Core/Src/main.c ****   hspi3.Init.FirstBit = SPI_FIRSTBIT_MSB;
 2773              		.loc 1 804 32 is_stmt 0 view .LVU661
 2774 0024 1822     		movs	r2, #24
 2775 0026 C261     		str	r2, [r0, #28]
 805:Core/Src/main.c ****   hspi3.Init.TIMode = SPI_TIMODE_DISABLE;
 2776              		.loc 1 805 3 is_stmt 1 view .LVU662
 805:Core/Src/main.c ****   hspi3.Init.TIMode = SPI_TIMODE_DISABLE;
 2777              		.loc 1 805 23 is_stmt 0 view .LVU663
 2778 0028 0362     		str	r3, [r0, #32]
 806:Core/Src/main.c ****   hspi3.Init.CRCCalculation = SPI_CRCCALCULATION_DISABLE;
 2779              		.loc 1 806 3 is_stmt 1 view .LVU664
 806:Core/Src/main.c ****   hspi3.Init.CRCCalculation = SPI_CRCCALCULATION_DISABLE;
 2780              		.loc 1 806 21 is_stmt 0 view .LVU665
 2781 002a 4362     		str	r3, [r0, #36]
 807:Core/Src/main.c ****   hspi3.Init.CRCPolynomial = 10;
 2782              		.loc 1 807 3 is_stmt 1 view .LVU666
 807:Core/Src/main.c ****   hspi3.Init.CRCPolynomial = 10;
 2783              		.loc 1 807 29 is_stmt 0 view .LVU667
 2784 002c 8362     		str	r3, [r0, #40]
 808:Core/Src/main.c ****   if (HAL_SPI_Init(&hspi3) != HAL_OK)
 2785              		.loc 1 808 3 is_stmt 1 view .LVU668
 808:Core/Src/main.c ****   if (HAL_SPI_Init(&hspi3) != HAL_OK)
 2786              		.loc 1 808 28 is_stmt 0 view .LVU669
 2787 002e 0A23     		movs	r3, #10
 2788 0030 C362     		str	r3, [r0, #44]
 809:Core/Src/main.c ****   {
 2789              		.loc 1 809 3 is_stmt 1 view .LVU670
 809:Core/Src/main.c ****   {
 2790              		.loc 1 809 7 is_stmt 0 view .LVU671
 2791 0032 FFF7FEFF 		bl	HAL_SPI_Init
 2792              	.LVL208:
 809:Core/Src/main.c ****   {
 2793              		.loc 1 809 6 discriminator 1 view .LVU672
 2794 0036 00B9     		cbnz	r0, .L166
 816:Core/Src/main.c **** 
 2795              		.loc 1 816 1 view .LVU673
 2796 0038 08BD     		pop	{r3, pc}
 2797              	.L166:
 811:Core/Src/main.c ****   }
 2798              		.loc 1 811 5 is_stmt 1 view .LVU674
 2799 003a FFF7FEFF 		bl	Error_Handler
 2800              	.LVL209:
 2801              	.L168:
 2802 003e 00BF     		.align	2
 2803              	.L167:
 2804 0040 00000000 		.word	hspi3
 2805 0044 003C0040 		.word	1073757184
 2806              		.cfi_endproc
 2807              	.LFE158:
 2809              		.section	.text.MX_I2C1_Init,"ax",%progbits
 2810              		.align	1
 2811              		.syntax unified
 2812              		.thumb
 2813              		.thumb_func
 2815              	MX_I2C1_Init:
 2816              	.LFB157:
 754:Core/Src/main.c **** 
ARM GAS  C:\Users\ACER\AppData\Local\Temp\ccJnZfJG.s 			page 95


 2817              		.loc 1 754 1 view -0
 2818              		.cfi_startproc
 2819              		@ args = 0, pretend = 0, frame = 0
 2820              		@ frame_needed = 0, uses_anonymous_args = 0
 2821 0000 08B5     		push	{r3, lr}
 2822              	.LCFI66:
 2823              		.cfi_def_cfa_offset 8
 2824              		.cfi_offset 3, -8
 2825              		.cfi_offset 14, -4
 763:Core/Src/main.c ****   hi2c1.Init.ClockSpeed = 100000;
 2826              		.loc 1 763 3 view .LVU676
 763:Core/Src/main.c ****   hi2c1.Init.ClockSpeed = 100000;
 2827              		.loc 1 763 18 is_stmt 0 view .LVU677
 2828 0002 0A48     		ldr	r0, .L173
 2829 0004 0A4B     		ldr	r3, .L173+4
 2830 0006 0360     		str	r3, [r0]
 764:Core/Src/main.c ****   hi2c1.Init.DutyCycle = I2C_DUTYCYCLE_2;
 2831              		.loc 1 764 3 is_stmt 1 view .LVU678
 764:Core/Src/main.c ****   hi2c1.Init.DutyCycle = I2C_DUTYCYCLE_2;
 2832              		.loc 1 764 25 is_stmt 0 view .LVU679
 2833 0008 0A4B     		ldr	r3, .L173+8
 2834 000a 4360     		str	r3, [r0, #4]
 765:Core/Src/main.c ****   hi2c1.Init.OwnAddress1 = 0;
 2835              		.loc 1 765 3 is_stmt 1 view .LVU680
 765:Core/Src/main.c ****   hi2c1.Init.OwnAddress1 = 0;
 2836              		.loc 1 765 24 is_stmt 0 view .LVU681
 2837 000c 0023     		movs	r3, #0
 2838 000e 8360     		str	r3, [r0, #8]
 766:Core/Src/main.c ****   hi2c1.Init.AddressingMode = I2C_ADDRESSINGMODE_7BIT;
 2839              		.loc 1 766 3 is_stmt 1 view .LVU682
 766:Core/Src/main.c ****   hi2c1.Init.AddressingMode = I2C_ADDRESSINGMODE_7BIT;
 2840              		.loc 1 766 26 is_stmt 0 view .LVU683
 2841 0010 C360     		str	r3, [r0, #12]
 767:Core/Src/main.c ****   hi2c1.Init.DualAddressMode = I2C_DUALADDRESS_DISABLE;
 2842              		.loc 1 767 3 is_stmt 1 view .LVU684
 767:Core/Src/main.c ****   hi2c1.Init.DualAddressMode = I2C_DUALADDRESS_DISABLE;
 2843              		.loc 1 767 29 is_stmt 0 view .LVU685
 2844 0012 4FF48042 		mov	r2, #16384
 2845 0016 0261     		str	r2, [r0, #16]
 768:Core/Src/main.c ****   hi2c1.Init.OwnAddress2 = 0;
 2846              		.loc 1 768 3 is_stmt 1 view .LVU686
 768:Core/Src/main.c ****   hi2c1.Init.OwnAddress2 = 0;
 2847              		.loc 1 768 30 is_stmt 0 view .LVU687
 2848 0018 4361     		str	r3, [r0, #20]
 769:Core/Src/main.c ****   hi2c1.Init.GeneralCallMode = I2C_GENERALCALL_DISABLE;
 2849              		.loc 1 769 3 is_stmt 1 view .LVU688
 769:Core/Src/main.c ****   hi2c1.Init.GeneralCallMode = I2C_GENERALCALL_DISABLE;
 2850              		.loc 1 769 26 is_stmt 0 view .LVU689
 2851 001a 8361     		str	r3, [r0, #24]
 770:Core/Src/main.c ****   hi2c1.Init.NoStretchMode = I2C_NOSTRETCH_DISABLE;
 2852              		.loc 1 770 3 is_stmt 1 view .LVU690
 770:Core/Src/main.c ****   hi2c1.Init.NoStretchMode = I2C_NOSTRETCH_DISABLE;
 2853              		.loc 1 770 30 is_stmt 0 view .LVU691
 2854 001c C361     		str	r3, [r0, #28]
 771:Core/Src/main.c ****   if (HAL_I2C_Init(&hi2c1) != HAL_OK)
 2855              		.loc 1 771 3 is_stmt 1 view .LVU692
 771:Core/Src/main.c ****   if (HAL_I2C_Init(&hi2c1) != HAL_OK)
ARM GAS  C:\Users\ACER\AppData\Local\Temp\ccJnZfJG.s 			page 96


 2856              		.loc 1 771 28 is_stmt 0 view .LVU693
 2857 001e 0362     		str	r3, [r0, #32]
 772:Core/Src/main.c ****   {
 2858              		.loc 1 772 3 is_stmt 1 view .LVU694
 772:Core/Src/main.c ****   {
 2859              		.loc 1 772 7 is_stmt 0 view .LVU695
 2860 0020 FFF7FEFF 		bl	HAL_I2C_Init
 2861              	.LVL210:
 772:Core/Src/main.c ****   {
 2862              		.loc 1 772 6 discriminator 1 view .LVU696
 2863 0024 00B9     		cbnz	r0, .L172
 779:Core/Src/main.c **** 
 2864              		.loc 1 779 1 view .LVU697
 2865 0026 08BD     		pop	{r3, pc}
 2866              	.L172:
 774:Core/Src/main.c ****   }
 2867              		.loc 1 774 5 is_stmt 1 view .LVU698
 2868 0028 FFF7FEFF 		bl	Error_Handler
 2869              	.LVL211:
 2870              	.L174:
 2871              		.align	2
 2872              	.L173:
 2873 002c 00000000 		.word	hi2c1
 2874 0030 00540040 		.word	1073763328
 2875 0034 A0860100 		.word	100000
 2876              		.cfi_endproc
 2877              	.LFE157:
 2879              		.section	.text.SystemClock_Config,"ax",%progbits
 2880              		.align	1
 2881              		.global	SystemClock_Config
 2882              		.syntax unified
 2883              		.thumb
 2884              		.thumb_func
 2886              	SystemClock_Config:
 2887              	.LFB156:
 709:Core/Src/main.c ****   RCC_OscInitTypeDef RCC_OscInitStruct = {0};
 2888              		.loc 1 709 1 view -0
 2889              		.cfi_startproc
 2890              		@ args = 0, pretend = 0, frame = 80
 2891              		@ frame_needed = 0, uses_anonymous_args = 0
 2892 0000 10B5     		push	{r4, lr}
 2893              	.LCFI67:
 2894              		.cfi_def_cfa_offset 8
 2895              		.cfi_offset 4, -8
 2896              		.cfi_offset 14, -4
 2897 0002 94B0     		sub	sp, sp, #80
 2898              	.LCFI68:
 2899              		.cfi_def_cfa_offset 88
 710:Core/Src/main.c ****   RCC_ClkInitTypeDef RCC_ClkInitStruct = {0};
 2900              		.loc 1 710 3 view .LVU700
 710:Core/Src/main.c ****   RCC_ClkInitTypeDef RCC_ClkInitStruct = {0};
 2901              		.loc 1 710 22 is_stmt 0 view .LVU701
 2902 0004 08AC     		add	r4, sp, #32
 2903 0006 3022     		movs	r2, #48
 2904 0008 0021     		movs	r1, #0
 2905 000a 2046     		mov	r0, r4
 2906 000c FFF7FEFF 		bl	memset
ARM GAS  C:\Users\ACER\AppData\Local\Temp\ccJnZfJG.s 			page 97


 2907              	.LVL212:
 711:Core/Src/main.c **** 
 2908              		.loc 1 711 3 is_stmt 1 view .LVU702
 711:Core/Src/main.c **** 
 2909              		.loc 1 711 22 is_stmt 0 view .LVU703
 2910 0010 0023     		movs	r3, #0
 2911 0012 0393     		str	r3, [sp, #12]
 2912 0014 0493     		str	r3, [sp, #16]
 2913 0016 0593     		str	r3, [sp, #20]
 2914 0018 0693     		str	r3, [sp, #24]
 2915 001a 0793     		str	r3, [sp, #28]
 715:Core/Src/main.c ****   __HAL_PWR_VOLTAGESCALING_CONFIG(PWR_REGULATOR_VOLTAGE_SCALE1);
 2916              		.loc 1 715 3 is_stmt 1 view .LVU704
 2917              	.LBB14:
 715:Core/Src/main.c ****   __HAL_PWR_VOLTAGESCALING_CONFIG(PWR_REGULATOR_VOLTAGE_SCALE1);
 2918              		.loc 1 715 3 view .LVU705
 2919 001c 0193     		str	r3, [sp, #4]
 715:Core/Src/main.c ****   __HAL_PWR_VOLTAGESCALING_CONFIG(PWR_REGULATOR_VOLTAGE_SCALE1);
 2920              		.loc 1 715 3 view .LVU706
 2921 001e 204A     		ldr	r2, .L181
 2922 0020 116C     		ldr	r1, [r2, #64]
 2923 0022 41F08051 		orr	r1, r1, #268435456
 2924 0026 1164     		str	r1, [r2, #64]
 715:Core/Src/main.c ****   __HAL_PWR_VOLTAGESCALING_CONFIG(PWR_REGULATOR_VOLTAGE_SCALE1);
 2925              		.loc 1 715 3 view .LVU707
 2926 0028 126C     		ldr	r2, [r2, #64]
 2927 002a 02F08052 		and	r2, r2, #268435456
 2928 002e 0192     		str	r2, [sp, #4]
 715:Core/Src/main.c ****   __HAL_PWR_VOLTAGESCALING_CONFIG(PWR_REGULATOR_VOLTAGE_SCALE1);
 2929              		.loc 1 715 3 view .LVU708
 2930 0030 019A     		ldr	r2, [sp, #4]
 2931              	.LBE14:
 715:Core/Src/main.c ****   __HAL_PWR_VOLTAGESCALING_CONFIG(PWR_REGULATOR_VOLTAGE_SCALE1);
 2932              		.loc 1 715 3 view .LVU709
 716:Core/Src/main.c **** 
 2933              		.loc 1 716 3 view .LVU710
 2934              	.LBB15:
 716:Core/Src/main.c **** 
 2935              		.loc 1 716 3 view .LVU711
 2936 0032 0293     		str	r3, [sp, #8]
 716:Core/Src/main.c **** 
 2937              		.loc 1 716 3 view .LVU712
 2938 0034 1B4B     		ldr	r3, .L181+4
 2939 0036 1A68     		ldr	r2, [r3]
 2940 0038 42F48042 		orr	r2, r2, #16384
 2941 003c 1A60     		str	r2, [r3]
 716:Core/Src/main.c **** 
 2942              		.loc 1 716 3 view .LVU713
 2943 003e 1B68     		ldr	r3, [r3]
 2944 0040 03F48043 		and	r3, r3, #16384
 2945 0044 0293     		str	r3, [sp, #8]
 716:Core/Src/main.c **** 
 2946              		.loc 1 716 3 view .LVU714
 2947 0046 029B     		ldr	r3, [sp, #8]
 2948              	.LBE15:
 716:Core/Src/main.c **** 
 2949              		.loc 1 716 3 view .LVU715
ARM GAS  C:\Users\ACER\AppData\Local\Temp\ccJnZfJG.s 			page 98


 721:Core/Src/main.c ****   RCC_OscInitStruct.HSEState = RCC_HSE_ON;
 2950              		.loc 1 721 3 view .LVU716
 721:Core/Src/main.c ****   RCC_OscInitStruct.HSEState = RCC_HSE_ON;
 2951              		.loc 1 721 36 is_stmt 0 view .LVU717
 2952 0048 0123     		movs	r3, #1
 2953 004a 0893     		str	r3, [sp, #32]
 722:Core/Src/main.c ****   RCC_OscInitStruct.PLL.PLLState = RCC_PLL_ON;
 2954              		.loc 1 722 3 is_stmt 1 view .LVU718
 722:Core/Src/main.c ****   RCC_OscInitStruct.PLL.PLLState = RCC_PLL_ON;
 2955              		.loc 1 722 30 is_stmt 0 view .LVU719
 2956 004c 4FF48033 		mov	r3, #65536
 2957 0050 0993     		str	r3, [sp, #36]
 723:Core/Src/main.c ****   RCC_OscInitStruct.PLL.PLLSource = RCC_PLLSOURCE_HSE;
 2958              		.loc 1 723 3 is_stmt 1 view .LVU720
 723:Core/Src/main.c ****   RCC_OscInitStruct.PLL.PLLSource = RCC_PLLSOURCE_HSE;
 2959              		.loc 1 723 34 is_stmt 0 view .LVU721
 2960 0052 0223     		movs	r3, #2
 2961 0054 0E93     		str	r3, [sp, #56]
 724:Core/Src/main.c ****   RCC_OscInitStruct.PLL.PLLM = 4;
 2962              		.loc 1 724 3 is_stmt 1 view .LVU722
 724:Core/Src/main.c ****   RCC_OscInitStruct.PLL.PLLM = 4;
 2963              		.loc 1 724 35 is_stmt 0 view .LVU723
 2964 0056 4FF48002 		mov	r2, #4194304
 2965 005a 0F92     		str	r2, [sp, #60]
 725:Core/Src/main.c ****   RCC_OscInitStruct.PLL.PLLN = 168;
 2966              		.loc 1 725 3 is_stmt 1 view .LVU724
 725:Core/Src/main.c ****   RCC_OscInitStruct.PLL.PLLN = 168;
 2967              		.loc 1 725 30 is_stmt 0 view .LVU725
 2968 005c 0422     		movs	r2, #4
 2969 005e 1092     		str	r2, [sp, #64]
 726:Core/Src/main.c ****   RCC_OscInitStruct.PLL.PLLP = RCC_PLLP_DIV2;
 2970              		.loc 1 726 3 is_stmt 1 view .LVU726
 726:Core/Src/main.c ****   RCC_OscInitStruct.PLL.PLLP = RCC_PLLP_DIV2;
 2971              		.loc 1 726 30 is_stmt 0 view .LVU727
 2972 0060 A822     		movs	r2, #168
 2973 0062 1192     		str	r2, [sp, #68]
 727:Core/Src/main.c ****   RCC_OscInitStruct.PLL.PLLQ = 7;
 2974              		.loc 1 727 3 is_stmt 1 view .LVU728
 727:Core/Src/main.c ****   RCC_OscInitStruct.PLL.PLLQ = 7;
 2975              		.loc 1 727 30 is_stmt 0 view .LVU729
 2976 0064 1293     		str	r3, [sp, #72]
 728:Core/Src/main.c ****   if (HAL_RCC_OscConfig(&RCC_OscInitStruct) != HAL_OK)
 2977              		.loc 1 728 3 is_stmt 1 view .LVU730
 728:Core/Src/main.c ****   if (HAL_RCC_OscConfig(&RCC_OscInitStruct) != HAL_OK)
 2978              		.loc 1 728 30 is_stmt 0 view .LVU731
 2979 0066 0723     		movs	r3, #7
 2980 0068 1393     		str	r3, [sp, #76]
 729:Core/Src/main.c ****   {
 2981              		.loc 1 729 3 is_stmt 1 view .LVU732
 729:Core/Src/main.c ****   {
 2982              		.loc 1 729 7 is_stmt 0 view .LVU733
 2983 006a 2046     		mov	r0, r4
 2984 006c FFF7FEFF 		bl	HAL_RCC_OscConfig
 2985              	.LVL213:
 729:Core/Src/main.c ****   {
 2986              		.loc 1 729 6 discriminator 1 view .LVU734
 2987 0070 88B9     		cbnz	r0, .L179
ARM GAS  C:\Users\ACER\AppData\Local\Temp\ccJnZfJG.s 			page 99


 736:Core/Src/main.c ****   RCC_ClkInitStruct.SYSCLKSource = RCC_SYSCLKSOURCE_PLLCLK;
 2988              		.loc 1 736 3 is_stmt 1 view .LVU735
 736:Core/Src/main.c ****   RCC_ClkInitStruct.SYSCLKSource = RCC_SYSCLKSOURCE_PLLCLK;
 2989              		.loc 1 736 31 is_stmt 0 view .LVU736
 2990 0072 0F23     		movs	r3, #15
 2991 0074 0393     		str	r3, [sp, #12]
 737:Core/Src/main.c ****   RCC_ClkInitStruct.AHBCLKDivider = RCC_SYSCLK_DIV1;
 2992              		.loc 1 737 3 is_stmt 1 view .LVU737
 737:Core/Src/main.c ****   RCC_ClkInitStruct.AHBCLKDivider = RCC_SYSCLK_DIV1;
 2993              		.loc 1 737 34 is_stmt 0 view .LVU738
 2994 0076 0223     		movs	r3, #2
 2995 0078 0493     		str	r3, [sp, #16]
 738:Core/Src/main.c ****   RCC_ClkInitStruct.APB1CLKDivider = RCC_HCLK_DIV4;
 2996              		.loc 1 738 3 is_stmt 1 view .LVU739
 738:Core/Src/main.c ****   RCC_ClkInitStruct.APB1CLKDivider = RCC_HCLK_DIV4;
 2997              		.loc 1 738 35 is_stmt 0 view .LVU740
 2998 007a 0590     		str	r0, [sp, #20]
 739:Core/Src/main.c ****   RCC_ClkInitStruct.APB2CLKDivider = RCC_HCLK_DIV2;
 2999              		.loc 1 739 3 is_stmt 1 view .LVU741
 739:Core/Src/main.c ****   RCC_ClkInitStruct.APB2CLKDivider = RCC_HCLK_DIV2;
 3000              		.loc 1 739 36 is_stmt 0 view .LVU742
 3001 007c 4FF4A053 		mov	r3, #5120
 3002 0080 0693     		str	r3, [sp, #24]
 740:Core/Src/main.c **** 
 3003              		.loc 1 740 3 is_stmt 1 view .LVU743
 740:Core/Src/main.c **** 
 3004              		.loc 1 740 36 is_stmt 0 view .LVU744
 3005 0082 4FF48053 		mov	r3, #4096
 3006 0086 0793     		str	r3, [sp, #28]
 742:Core/Src/main.c ****   {
 3007              		.loc 1 742 3 is_stmt 1 view .LVU745
 742:Core/Src/main.c ****   {
 3008              		.loc 1 742 7 is_stmt 0 view .LVU746
 3009 0088 0521     		movs	r1, #5
 3010 008a 03A8     		add	r0, sp, #12
 3011 008c FFF7FEFF 		bl	HAL_RCC_ClockConfig
 3012              	.LVL214:
 742:Core/Src/main.c ****   {
 3013              		.loc 1 742 6 discriminator 1 view .LVU747
 3014 0090 18B9     		cbnz	r0, .L180
 746:Core/Src/main.c **** 
 3015              		.loc 1 746 1 view .LVU748
 3016 0092 14B0     		add	sp, sp, #80
 3017              	.LCFI69:
 3018              		.cfi_remember_state
 3019              		.cfi_def_cfa_offset 8
 3020              		@ sp needed
 3021 0094 10BD     		pop	{r4, pc}
 3022              	.L179:
 3023              	.LCFI70:
 3024              		.cfi_restore_state
 731:Core/Src/main.c ****   }
 3025              		.loc 1 731 5 is_stmt 1 view .LVU749
 3026 0096 FFF7FEFF 		bl	Error_Handler
 3027              	.LVL215:
 3028              	.L180:
 744:Core/Src/main.c ****   }
ARM GAS  C:\Users\ACER\AppData\Local\Temp\ccJnZfJG.s 			page 100


 3029              		.loc 1 744 5 view .LVU750
 3030 009a FFF7FEFF 		bl	Error_Handler
 3031              	.LVL216:
 3032              	.L182:
 3033 009e 00BF     		.align	2
 3034              	.L181:
 3035 00a0 00380240 		.word	1073887232
 3036 00a4 00700040 		.word	1073770496
 3037              		.cfi_endproc
 3038              	.LFE156:
 3040              		.section	.rodata.main.str1.4,"aMS",%progbits,1
 3041              		.align	2
 3042              	.LC11:
 3043 0000 2D00     		.ascii	"-\000"
 3044 0002 0000     		.align	2
 3045              	.LC12:
 3046 0004 616E676C 		.ascii	"angle = %.2f\000"
 3046      65203D20 
 3046      252E3266 
 3046      00
 3047 0011 000000   		.align	2
 3048              	.LC13:
 3049 0014 434D443D 		.ascii	"CMD=%s KEY=%s VAL=%.3f\000"
 3049      2573204B 
 3049      45593D25 
 3049      73205641 
 3049      4C3D252E 
 3050 002b 00       		.align	2
 3051              	.LC14:
 3052 002c 43414C49 		.ascii	"CALIB\000"
 3052      4200
 3053 0032 0000     		.align	2
 3054              	.LC15:
 3055 0034 53455400 		.ascii	"SET\000"
 3056              		.align	2
 3057              	.LC16:
 3058 0038 555100   		.ascii	"UQ\000"
 3059 003b 00       		.align	2
 3060              	.LC17:
 3061 003c 53504545 		.ascii	"SPEED\000"
 3061      4400
 3062 0042 0000     		.align	2
 3063              	.LC18:
 3064 0044 454E00   		.ascii	"EN\000"
 3065 0047 00       		.align	2
 3066              	.LC19:
 3067 0048 44495300 		.ascii	"DIS\000"
 3068              		.section	.text.main,"ax",%progbits
 3069              		.align	1
 3070              		.global	main
 3071              		.syntax unified
 3072              		.thumb
 3073              		.thumb_func
 3075              	main:
 3076              	.LFB155:
 604:Core/Src/main.c **** 
 3077              		.loc 1 604 1 view -0
ARM GAS  C:\Users\ACER\AppData\Local\Temp\ccJnZfJG.s 			page 101


 3078              		.cfi_startproc
 3079              		@ Volatile: function does not return.
 3080              		@ args = 0, pretend = 0, frame = 0
 3081              		@ frame_needed = 0, uses_anonymous_args = 0
 3082 0000 00B5     		push	{lr}
 3083              	.LCFI71:
 3084              		.cfi_def_cfa_offset 4
 3085              		.cfi_offset 14, -4
 3086 0002 83B0     		sub	sp, sp, #12
 3087              	.LCFI72:
 3088              		.cfi_def_cfa_offset 16
 613:Core/Src/main.c **** 
 3089              		.loc 1 613 3 view .LVU752
 3090 0004 FFF7FEFF 		bl	HAL_Init
 3091              	.LVL217:
 620:Core/Src/main.c **** 
 3092              		.loc 1 620 3 view .LVU753
 3093 0008 FFF7FEFF 		bl	SystemClock_Config
 3094              	.LVL218:
 627:Core/Src/main.c ****   MX_DMA_Init();
 3095              		.loc 1 627 3 view .LVU754
 3096 000c FFF7FEFF 		bl	MX_GPIO_Init
 3097              	.LVL219:
 628:Core/Src/main.c ****   MX_TIM1_Init();
 3098              		.loc 1 628 3 view .LVU755
 3099 0010 FFF7FEFF 		bl	MX_DMA_Init
 3100              	.LVL220:
 629:Core/Src/main.c ****   MX_SPI3_Init();
 3101              		.loc 1 629 3 view .LVU756
 3102 0014 FFF7FEFF 		bl	MX_TIM1_Init
 3103              	.LVL221:
 630:Core/Src/main.c ****   MX_USB_DEVICE_Init();
 3104              		.loc 1 630 3 view .LVU757
 3105 0018 FFF7FEFF 		bl	MX_SPI3_Init
 3106              	.LVL222:
 631:Core/Src/main.c ****   MX_I2C1_Init();
 3107              		.loc 1 631 3 view .LVU758
 3108 001c FFF7FEFF 		bl	MX_USB_DEVICE_Init
 3109              	.LVL223:
 632:Core/Src/main.c ****   /* USER CODE BEGIN 2 */
 3110              		.loc 1 632 3 view .LVU759
 3111 0020 FFF7FEFF 		bl	MX_I2C1_Init
 3112              	.LVL224:
 634:Core/Src/main.c ****   __HAL_TIM_SET_COMPARE(&htim1, TIM_CHANNEL_2, 0);
 3113              		.loc 1 634 3 view .LVU760
 3114 0024 5B4C     		ldr	r4, .L199
 3115 0026 2368     		ldr	r3, [r4]
 3116 0028 0025     		movs	r5, #0
 3117 002a 5D63     		str	r5, [r3, #52]
 635:Core/Src/main.c ****   __HAL_TIM_SET_COMPARE(&htim1, TIM_CHANNEL_3, 0);
 3118              		.loc 1 635 3 view .LVU761
 3119 002c 9D63     		str	r5, [r3, #56]
 636:Core/Src/main.c **** 
 3120              		.loc 1 636 3 view .LVU762
 3121 002e DD63     		str	r5, [r3, #60]
 638:Core/Src/main.c ****   HAL_TIM_PWM_Start(&htim1, TIM_CHANNEL_2);
 3122              		.loc 1 638 3 view .LVU763
ARM GAS  C:\Users\ACER\AppData\Local\Temp\ccJnZfJG.s 			page 102


 3123 0030 2946     		mov	r1, r5
 3124 0032 2046     		mov	r0, r4
 3125 0034 FFF7FEFF 		bl	HAL_TIM_PWM_Start
 3126              	.LVL225:
 639:Core/Src/main.c ****   HAL_TIM_PWM_Start(&htim1, TIM_CHANNEL_3);
 3127              		.loc 1 639 3 view .LVU764
 3128 0038 0421     		movs	r1, #4
 3129 003a 2046     		mov	r0, r4
 3130 003c FFF7FEFF 		bl	HAL_TIM_PWM_Start
 3131              	.LVL226:
 640:Core/Src/main.c **** 
 3132              		.loc 1 640 3 view .LVU765
 3133 0040 0821     		movs	r1, #8
 3134 0042 2046     		mov	r0, r4
 3135 0044 FFF7FEFF 		bl	HAL_TIM_PWM_Start
 3136              	.LVL227:
 642:Core/Src/main.c ****   HAL_TIMEx_PWMN_Start(&htim1, TIM_CHANNEL_2);
 3137              		.loc 1 642 3 view .LVU766
 3138 0048 2946     		mov	r1, r5
 3139 004a 2046     		mov	r0, r4
 3140 004c FFF7FEFF 		bl	HAL_TIMEx_PWMN_Start
 3141              	.LVL228:
 643:Core/Src/main.c ****   HAL_TIMEx_PWMN_Start(&htim1, TIM_CHANNEL_3);
 3142              		.loc 1 643 3 view .LVU767
 3143 0050 0421     		movs	r1, #4
 3144 0052 2046     		mov	r0, r4
 3145 0054 FFF7FEFF 		bl	HAL_TIMEx_PWMN_Start
 3146              	.LVL229:
 644:Core/Src/main.c ****   __HAL_TIM_MOE_ENABLE(&htim1);
 3147              		.loc 1 644 3 view .LVU768
 3148 0058 0821     		movs	r1, #8
 3149 005a 2046     		mov	r0, r4
 3150 005c FFF7FEFF 		bl	HAL_TIMEx_PWMN_Start
 3151              	.LVL230:
 645:Core/Src/main.c **** 
 3152              		.loc 1 645 3 view .LVU769
 3153 0060 2268     		ldr	r2, [r4]
 3154 0062 536C     		ldr	r3, [r2, #68]
 3155 0064 43F40043 		orr	r3, r3, #32768
 3156 0068 5364     		str	r3, [r2, #68]
 647:Core/Src/main.c ****   HAL_Delay(1);
 3157              		.loc 1 647 3 view .LVU770
 3158 006a 4B48     		ldr	r0, .L199+4
 3159 006c FFF7FEFF 		bl	DRV8301_EnableGate
 3160              	.LVL231:
 648:Core/Src/main.c ****   SVPWM_Init(&hsvpwm, 12.0f, 1000);
 3161              		.loc 1 648 3 view .LVU771
 3162 0070 0120     		movs	r0, #1
 3163 0072 FFF7FEFF 		bl	HAL_Delay
 3164              	.LVL232:
 649:Core/Src/main.c ****   AS5600_Init(&as5600, &hi2c1);
 3165              		.loc 1 649 3 view .LVU772
 3166 0076 DFED490A 		vldr.32	s1, .L199+8
 3167 007a B2EE080A 		vmov.f32	s0, #1.2e+1
 3168 007e 4848     		ldr	r0, .L199+12
 3169 0080 FFF7FEFF 		bl	SVPWM_Init
 3170              	.LVL233:
ARM GAS  C:\Users\ACER\AppData\Local\Temp\ccJnZfJG.s 			page 103


 650:Core/Src/main.c ****   // HAL_Delay(5000);
 3171              		.loc 1 650 3 view .LVU773
 3172 0084 4749     		ldr	r1, .L199+16
 3173 0086 4848     		ldr	r0, .L199+20
 3174 0088 FFF7FEFF 		bl	AS5600_Init
 3175              	.LVL234:
 3176 008c 35E0     		b	.L185
 3177              	.L194:
 669:Core/Src/main.c ****                 cmd.cmd,
 3178              		.loc 1 669 9 is_stmt 0 discriminator 2 view .LVU774
 3179 008e 474D     		ldr	r5, .L199+24
 3180 0090 5DE0     		b	.L187
 3181              	.L195:
 669:Core/Src/main.c ****                 cmd.cmd,
 3182              		.loc 1 669 9 discriminator 6 view .LVU775
 3183 0092 0020     		movs	r0, #0
 3184 0094 0021     		movs	r1, #0
 3185 0096 63E0     		b	.L188
 3186              	.L189:
 678:Core/Src/main.c ****         {
 3187              		.loc 1 678 14 is_stmt 1 view .LVU776
 678:Core/Src/main.c ****         {
 3188              		.loc 1 678 18 is_stmt 0 view .LVU777
 3189 0098 4549     		ldr	r1, .L199+28
 3190 009a 4648     		ldr	r0, .L199+32
 3191 009c FFF7FEFF 		bl	strcmp
 3192              	.LVL235:
 678:Core/Src/main.c ****         {
 3193              		.loc 1 678 17 discriminator 1 view .LVU778
 3194 00a0 F8B9     		cbnz	r0, .L191
 678:Core/Src/main.c ****         {
 3195              		.loc 1 678 52 discriminator 2 view .LVU779
 3196 00a2 444B     		ldr	r3, .L199+32
 3197 00a4 93F82430 		ldrb	r3, [r3, #36]	@ zero_extendqisi2
 678:Core/Src/main.c ****         {
 3198              		.loc 1 678 46 discriminator 2 view .LVU780
 3199 00a8 DBB1     		cbz	r3, .L191
 680:Core/Src/main.c ****             target = cmd.value;
 3200              		.loc 1 680 11 is_stmt 1 view .LVU781
 680:Core/Src/main.c ****             target = cmd.value;
 3201              		.loc 1 680 15 is_stmt 0 view .LVU782
 3202 00aa 4349     		ldr	r1, .L199+36
 3203 00ac 4348     		ldr	r0, .L199+40
 3204 00ae FFF7FEFF 		bl	strcmp
 3205              	.LVL236:
 680:Core/Src/main.c ****             target = cmd.value;
 3206              		.loc 1 680 14 discriminator 1 view .LVU783
 3207 00b2 40B9     		cbnz	r0, .L192
 680:Core/Src/main.c ****             target = cmd.value;
 3208              		.loc 1 680 48 discriminator 2 view .LVU784
 3209 00b4 3F4B     		ldr	r3, .L199+32
 3210 00b6 93F82530 		ldrb	r3, [r3, #37]	@ zero_extendqisi2
 680:Core/Src/main.c ****             target = cmd.value;
 3211              		.loc 1 680 42 discriminator 2 view .LVU785
 3212 00ba 23B1     		cbz	r3, .L192
 681:Core/Src/main.c ****           else if (strcmp(cmd.key, "SPEED") == 0 && cmd.has_value)
 3213              		.loc 1 681 13 is_stmt 1 view .LVU786
ARM GAS  C:\Users\ACER\AppData\Local\Temp\ccJnZfJG.s 			page 104


 681:Core/Src/main.c ****           else if (strcmp(cmd.key, "SPEED") == 0 && cmd.has_value)
 3214              		.loc 1 681 25 is_stmt 0 view .LVU787
 3215 00bc 3D4B     		ldr	r3, .L199+32
 3216 00be 1A6A     		ldr	r2, [r3, #32]	@ float
 681:Core/Src/main.c ****           else if (strcmp(cmd.key, "SPEED") == 0 && cmd.has_value)
 3217              		.loc 1 681 20 view .LVU788
 3218 00c0 3F4B     		ldr	r3, .L199+44
 3219 00c2 1A60     		str	r2, [r3]	@ float
 3220 00c4 19E0     		b	.L185
 3221              	.L192:
 682:Core/Src/main.c ****             speed_ref = cmd.value;
 3222              		.loc 1 682 16 is_stmt 1 view .LVU789
 682:Core/Src/main.c ****             speed_ref = cmd.value;
 3223              		.loc 1 682 20 is_stmt 0 view .LVU790
 3224 00c6 3F49     		ldr	r1, .L199+48
 3225 00c8 3C48     		ldr	r0, .L199+40
 3226 00ca FFF7FEFF 		bl	strcmp
 3227              	.LVL237:
 682:Core/Src/main.c ****             speed_ref = cmd.value;
 3228              		.loc 1 682 19 discriminator 1 view .LVU791
 3229 00ce A0B9     		cbnz	r0, .L185
 682:Core/Src/main.c ****             speed_ref = cmd.value;
 3230              		.loc 1 682 56 discriminator 2 view .LVU792
 3231 00d0 384B     		ldr	r3, .L199+32
 3232 00d2 93F82530 		ldrb	r3, [r3, #37]	@ zero_extendqisi2
 682:Core/Src/main.c ****             speed_ref = cmd.value;
 3233              		.loc 1 682 50 discriminator 2 view .LVU793
 3234 00d6 83B1     		cbz	r3, .L185
 683:Core/Src/main.c ****         }
 3235              		.loc 1 683 13 is_stmt 1 view .LVU794
 683:Core/Src/main.c ****         }
 3236              		.loc 1 683 28 is_stmt 0 view .LVU795
 3237 00d8 364B     		ldr	r3, .L199+32
 3238 00da 1A6A     		ldr	r2, [r3, #32]	@ float
 683:Core/Src/main.c ****         }
 3239              		.loc 1 683 23 view .LVU796
 3240 00dc 3A4B     		ldr	r3, .L199+52
 3241 00de 1A60     		str	r2, [r3]	@ float
 3242 00e0 0BE0     		b	.L185
 3243              	.L191:
 685:Core/Src/main.c ****         {
 3244              		.loc 1 685 14 is_stmt 1 view .LVU797
 685:Core/Src/main.c ****         {
 3245              		.loc 1 685 18 is_stmt 0 view .LVU798
 3246 00e2 3A49     		ldr	r1, .L199+56
 3247 00e4 3348     		ldr	r0, .L199+32
 3248 00e6 FFF7FEFF 		bl	strcmp
 3249              	.LVL238:
 685:Core/Src/main.c ****         {
 3250              		.loc 1 685 17 discriminator 1 view .LVU799
 3251 00ea 0028     		cmp	r0, #0
 3252 00ec 49D0     		beq	.L197
 689:Core/Src/main.c ****         {
 3253              		.loc 1 689 14 is_stmt 1 view .LVU800
 689:Core/Src/main.c ****         {
 3254              		.loc 1 689 18 is_stmt 0 view .LVU801
 3255 00ee 3849     		ldr	r1, .L199+60
ARM GAS  C:\Users\ACER\AppData\Local\Temp\ccJnZfJG.s 			page 105


 3256 00f0 3048     		ldr	r0, .L199+32
 3257 00f2 FFF7FEFF 		bl	strcmp
 3258              	.LVL239:
 689:Core/Src/main.c ****         {
 3259              		.loc 1 689 17 discriminator 1 view .LVU802
 3260 00f6 0028     		cmp	r0, #0
 3261 00f8 47D0     		beq	.L198
 3262              	.L185:
 659:Core/Src/main.c ****   {
 3263              		.loc 1 659 3 is_stmt 1 view .LVU803
 661:Core/Src/main.c ****     CDC_Log("angle = %.2f", AS5600_GetAngleDeg(&as5600));
 3264              		.loc 1 661 5 view .LVU804
 661:Core/Src/main.c ****     CDC_Log("angle = %.2f", AS5600_GetAngleDeg(&as5600));
 3265              		.loc 1 661 13 is_stmt 0 view .LVU805
 3266 00fa 2B4C     		ldr	r4, .L199+20
 3267 00fc 2046     		mov	r0, r4
 3268 00fe FFF7FEFF 		bl	AS5600_GetAngleDeg
 3269              	.LVL240:
 661:Core/Src/main.c ****     CDC_Log("angle = %.2f", AS5600_GetAngleDeg(&as5600));
 3270              		.loc 1 661 11 discriminator 1 view .LVU806
 3271 0102 344B     		ldr	r3, .L199+64
 3272 0104 83ED000A 		vstr.32	s0, [r3]
 662:Core/Src/main.c ****     if (cdc_rx_flag)
 3273              		.loc 1 662 5 is_stmt 1 view .LVU807
 662:Core/Src/main.c ****     if (cdc_rx_flag)
 3274              		.loc 1 662 29 is_stmt 0 view .LVU808
 3275 0108 2046     		mov	r0, r4
 3276 010a FFF7FEFF 		bl	AS5600_GetAngleDeg
 3277              	.LVL241:
 3278 010e 10EE100A 		vmov	r0, s0
 662:Core/Src/main.c ****     if (cdc_rx_flag)
 3279              		.loc 1 662 5 discriminator 1 view .LVU809
 3280 0112 FFF7FEFF 		bl	__aeabi_f2d
 3281              	.LVL242:
 3282 0116 0246     		mov	r2, r0
 3283 0118 0B46     		mov	r3, r1
 3284 011a 2F48     		ldr	r0, .L199+68
 3285 011c FFF7FEFF 		bl	CDC_Log
 3286              	.LVL243:
 663:Core/Src/main.c ****     {
 3287              		.loc 1 663 5 is_stmt 1 view .LVU810
 663:Core/Src/main.c ****     {
 3288              		.loc 1 663 9 is_stmt 0 view .LVU811
 3289 0120 2E4B     		ldr	r3, .L199+72
 3290 0122 1B78     		ldrb	r3, [r3]	@ zero_extendqisi2
 663:Core/Src/main.c ****     {
 3291              		.loc 1 663 8 view .LVU812
 3292 0124 002B     		cmp	r3, #0
 3293 0126 E8D0     		beq	.L185
 665:Core/Src/main.c ****       cdc_rx_buf[cdc_rx_len] = 0;
 3294              		.loc 1 665 7 is_stmt 1 view .LVU813
 665:Core/Src/main.c ****       cdc_rx_buf[cdc_rx_len] = 0;
 3295              		.loc 1 665 19 is_stmt 0 view .LVU814
 3296 0128 0022     		movs	r2, #0
 3297 012a 2C4B     		ldr	r3, .L199+72
 3298 012c 1A70     		strb	r2, [r3]
 666:Core/Src/main.c ****       if (Command_Parse((char *)cdc_rx_buf, &cmd))
ARM GAS  C:\Users\ACER\AppData\Local\Temp\ccJnZfJG.s 			page 106


 3299              		.loc 1 666 7 is_stmt 1 view .LVU815
 666:Core/Src/main.c ****       if (Command_Parse((char *)cdc_rx_buf, &cmd))
 3300              		.loc 1 666 17 is_stmt 0 view .LVU816
 3301 012e 2C4B     		ldr	r3, .L199+76
 3302 0130 1B78     		ldrb	r3, [r3]	@ zero_extendqisi2
 3303 0132 DBB2     		uxtb	r3, r3
 666:Core/Src/main.c ****       if (Command_Parse((char *)cdc_rx_buf, &cmd))
 3304              		.loc 1 666 30 view .LVU817
 3305 0134 2B48     		ldr	r0, .L199+80
 3306 0136 C254     		strb	r2, [r0, r3]
 667:Core/Src/main.c ****       {
 3307              		.loc 1 667 7 is_stmt 1 view .LVU818
 667:Core/Src/main.c ****       {
 3308              		.loc 1 667 11 is_stmt 0 view .LVU819
 3309 0138 1E49     		ldr	r1, .L199+32
 3310 013a FFF7FEFF 		bl	Command_Parse
 3311              	.LVL244:
 667:Core/Src/main.c ****       {
 3312              		.loc 1 667 10 discriminator 1 view .LVU820
 3313 013e 0028     		cmp	r0, #0
 3314 0140 DBD0     		beq	.L185
 669:Core/Src/main.c ****                 cmd.cmd,
 3315              		.loc 1 669 9 is_stmt 1 view .LVU821
 671:Core/Src/main.c ****                 cmd.has_value ? cmd.value : 0.0f);
 3316              		.loc 1 671 20 is_stmt 0 view .LVU822
 3317 0142 1C4B     		ldr	r3, .L199+32
 3318 0144 93F82430 		ldrb	r3, [r3, #36]	@ zero_extendqisi2
 669:Core/Src/main.c ****                 cmd.cmd,
 3319              		.loc 1 669 9 view .LVU823
 3320 0148 002B     		cmp	r3, #0
 3321 014a A0D0     		beq	.L194
 669:Core/Src/main.c ****                 cmd.cmd,
 3322              		.loc 1 669 9 discriminator 1 view .LVU824
 3323 014c 1B4D     		ldr	r5, .L199+40
 3324              	.L187:
 672:Core/Src/main.c **** 
 3325              		.loc 1 672 20 view .LVU825
 3326 014e 194B     		ldr	r3, .L199+32
 3327 0150 93F82530 		ldrb	r3, [r3, #37]	@ zero_extendqisi2
 669:Core/Src/main.c ****                 cmd.cmd,
 3328              		.loc 1 669 9 discriminator 4 view .LVU826
 3329 0154 002B     		cmp	r3, #0
 3330 0156 9CD0     		beq	.L195
 669:Core/Src/main.c ****                 cmd.cmd,
 3331              		.loc 1 669 9 discriminator 5 view .LVU827
 3332 0158 164B     		ldr	r3, .L199+32
 3333 015a 186A     		ldr	r0, [r3, #32]	@ float
 3334 015c FFF7FEFF 		bl	__aeabi_f2d
 3335              	.LVL245:
 3336              	.L188:
 669:Core/Src/main.c ****                 cmd.cmd,
 3337              		.loc 1 669 9 discriminator 8 view .LVU828
 3338 0160 144C     		ldr	r4, .L199+32
 3339 0162 CDE90001 		strd	r0, [sp]
 3340 0166 2A46     		mov	r2, r5
 3341 0168 2146     		mov	r1, r4
 3342 016a 1F48     		ldr	r0, .L199+84
ARM GAS  C:\Users\ACER\AppData\Local\Temp\ccJnZfJG.s 			page 107


 3343 016c FFF7FEFF 		bl	CDC_Log
 3344              	.LVL246:
 674:Core/Src/main.c ****         {
 3345              		.loc 1 674 9 is_stmt 1 view .LVU829
 674:Core/Src/main.c ****         {
 3346              		.loc 1 674 13 is_stmt 0 view .LVU830
 3347 0170 1E49     		ldr	r1, .L199+88
 3348 0172 2046     		mov	r0, r4
 3349 0174 FFF7FEFF 		bl	strcmp
 3350              	.LVL247:
 674:Core/Src/main.c ****         {
 3351              		.loc 1 674 12 discriminator 1 view .LVU831
 3352 0178 0028     		cmp	r0, #0
 3353 017a 8DD1     		bne	.L189
 676:Core/Src/main.c ****         }
 3354              		.loc 1 676 11 is_stmt 1 view .LVU832
 3355 017c FFF7FEFF 		bl	Motor_Calib_EncoderOffset_Bidir
 3356              	.LVL248:
 3357 0180 BBE7     		b	.L185
 3358              	.L197:
 687:Core/Src/main.c ****         }
 3359              		.loc 1 687 11 view .LVU833
 3360 0182 0548     		ldr	r0, .L199+4
 3361 0184 FFF7FEFF 		bl	DRV8301_EnableGate
 3362              	.LVL249:
 3363 0188 B7E7     		b	.L185
 3364              	.L198:
 691:Core/Src/main.c ****         }
 3365              		.loc 1 691 11 view .LVU834
 3366 018a 0348     		ldr	r0, .L199+4
 3367 018c FFF7FEFF 		bl	DRV8301_DisableGate
 3368              	.LVL250:
 3369 0190 B3E7     		b	.L185
 3370              	.L200:
 3371 0192 00BF     		.align	2
 3372              	.L199:
 3373 0194 00000000 		.word	htim1
 3374 0198 00000000 		.word	hdrv8301
 3375 019c 00007A44 		.word	1148846080
 3376 01a0 00000000 		.word	hsvpwm
 3377 01a4 00000000 		.word	hi2c1
 3378 01a8 00000000 		.word	as5600
 3379 01ac 00000000 		.word	.LC11
 3380 01b0 34000000 		.word	.LC15
 3381 01b4 00000000 		.word	cmd
 3382 01b8 38000000 		.word	.LC16
 3383 01bc 10000000 		.word	cmd+16
 3384 01c0 00000000 		.word	target
 3385 01c4 3C000000 		.word	.LC17
 3386 01c8 00000000 		.word	speed_ref
 3387 01cc 44000000 		.word	.LC18
 3388 01d0 48000000 		.word	.LC19
 3389 01d4 00000000 		.word	angle
 3390 01d8 04000000 		.word	.LC12
 3391 01dc 00000000 		.word	cdc_rx_flag
 3392 01e0 00000000 		.word	cdc_rx_len
 3393 01e4 00000000 		.word	cdc_rx_buf
ARM GAS  C:\Users\ACER\AppData\Local\Temp\ccJnZfJG.s 			page 108


 3394 01e8 14000000 		.word	.LC13
 3395 01ec 2C000000 		.word	.LC14
 3396              		.cfi_endproc
 3397              	.LFE155:
 3399              		.section	.bss.buf.0,"aw",%nobits
 3400              		.align	2
 3403              	buf.0:
 3404 0000 00000000 		.space	256
 3404      00000000 
 3404      00000000 
 3404      00000000 
 3404      00000000 
 3405              		.global	target
 3406              		.section	.bss.target,"aw",%nobits
 3407              		.align	2
 3410              	target:
 3411 0000 00000000 		.space	4
 3412              		.global	pid_speed
 3413              		.section	.data.pid_speed,"aw"
 3414              		.align	2
 3417              	pid_speed:
 3418 0000 0AD7A33C 		.word	1017370378
 3419 0004 0000003F 		.word	1056964608
 3420 0008 00000000 		.word	0
 3421              		.global	buffer
 3422              		.section	.bss.buffer,"aw",%nobits
 3423              		.align	2
 3426              	buffer:
 3427 0000 00000000 		.space	64
 3427      00000000 
 3427      00000000 
 3427      00000000 
 3427      00000000 
 3428              		.global	angle
 3429              		.section	.bss.angle,"aw",%nobits
 3430              		.align	2
 3433              	angle:
 3434 0000 00000000 		.space	4
 3435              		.global	hall
 3436              		.section	.bss.hall,"aw",%nobits
 3439              	hall:
 3440 0000 00       		.space	1
 3441              		.global	hall_voltage
 3442              		.section	.data.hall_voltage,"aw"
 3443              		.align	2
 3446              	hall_voltage:
 3447 0000 9A99F940 		.word	1090099610
 3448              		.section	.rodata.sector_angle,"a"
 3449              		.align	2
 3452              	sector_angle:
 3453 0000 00000000 		.word	0
 3454 0004 920A063F 		.word	1057360530
 3455 0008 920A863F 		.word	1065749138
 3456 000c DB0FC93F 		.word	1070141403
 3457 0010 920A0640 		.word	1074137746
 3458 0014 378D2740 		.word	1076333879
 3459 0018 DB0F4940 		.word	1078530011
ARM GAS  C:\Users\ACER\AppData\Local\Temp\ccJnZfJG.s 			page 109


 3460 001c 80926A40 		.word	1080726144
 3461 0020 920A8640 		.word	1082526354
 3462 0024 E4CB9640 		.word	1083624420
 3463 0028 378DA740 		.word	1084722487
 3464 002c 894EB840 		.word	1085820553
 3465              		.section	.rodata.hall_to_sector,"a"
 3466              		.align	2
 3469              	hall_to_sector:
 3470 0000 FF000405 		.ascii	"\377\000\004\005\002\001\003\377"
 3470      020103FF 
 3471              		.global	last_time
 3472              		.section	.bss.last_time,"aw",%nobits
 3473              		.align	2
 3476              	last_time:
 3477 0000 00000000 		.space	4
 3478              		.section	.bss.last_tick,"aw",%nobits
 3479              		.align	2
 3482              	last_tick:
 3483 0000 00000000 		.space	4
 3484              		.global	cnt
 3485              		.section	.bss.cnt,"aw",%nobits
 3486              		.align	2
 3489              	cnt:
 3490 0000 00000000 		.space	4
 3491              		.global	cmd
 3492              		.section	.bss.cmd,"aw",%nobits
 3493              		.align	2
 3496              	cmd:
 3497 0000 00000000 		.space	40
 3497      00000000 
 3497      00000000 
 3497      00000000 
 3497      00000000 
 3498              		.global	as5600
 3499              		.section	.bss.as5600,"aw",%nobits
 3500              		.align	2
 3503              	as5600:
 3504 0000 00000000 		.space	16
 3504      00000000 
 3504      00000000 
 3504      00000000 
 3505              		.global	hsvpwm
 3506              		.section	.data.hsvpwm,"aw"
 3507              		.align	2
 3510              	hsvpwm:
 3511 0000 00004041 		.word	1094713344
 3512 0004 0000C842 		.word	1120403456
 3513              		.global	drv_cfg
 3514              		.section	.data.drv_cfg,"aw"
 3515              		.align	2
 3518              	drv_cfg:
 3519 0000 00       		.byte	0
 3520 0001 01       		.byte	1
 3521 0002 00       		.byte	0
 3522              		.global	hdrv8301
 3523              		.section	.data.hdrv8301,"aw"
 3524              		.align	2
ARM GAS  C:\Users\ACER\AppData\Local\Temp\ccJnZfJG.s 			page 110


 3527              	hdrv8301:
 3528 0000 00000000 		.word	hspi3
 3529 0004 00080240 		.word	1073874944
 3530 0008 0020     		.short	8192
 3531 000a 0000     		.space	2
 3532 000c 00040240 		.word	1073873920
 3533 0010 0010     		.short	4096
 3534 0012 00000000 		.space	6
 3534      0000
 3535              		.global	htim1
 3536              		.section	.bss.htim1,"aw",%nobits
 3537              		.align	2
 3540              	htim1:
 3541 0000 00000000 		.space	72
 3541      00000000 
 3541      00000000 
 3541      00000000 
 3541      00000000 
 3542              		.global	hdma_spi3_tx
 3543              		.section	.bss.hdma_spi3_tx,"aw",%nobits
 3544              		.align	2
 3547              	hdma_spi3_tx:
 3548 0000 00000000 		.space	96
 3548      00000000 
 3548      00000000 
 3548      00000000 
 3548      00000000 
 3549              		.global	hdma_spi3_rx
 3550              		.section	.bss.hdma_spi3_rx,"aw",%nobits
 3551              		.align	2
 3554              	hdma_spi3_rx:
 3555 0000 00000000 		.space	96
 3555      00000000 
 3555      00000000 
 3555      00000000 
 3555      00000000 
 3556              		.global	hspi3
 3557              		.section	.bss.hspi3,"aw",%nobits
 3558              		.align	2
 3561              	hspi3:
 3562 0000 00000000 		.space	88
 3562      00000000 
 3562      00000000 
 3562      00000000 
 3562      00000000 
 3563              		.global	hi2c1
 3564              		.section	.bss.hi2c1,"aw",%nobits
 3565              		.align	2
 3568              	hi2c1:
 3569 0000 00000000 		.space	84
 3569      00000000 
 3569      00000000 
 3569      00000000 
 3569      00000000 
 3570              		.global	Uq
 3571              		.section	.bss.Uq,"aw",%nobits
 3572              		.align	2
ARM GAS  C:\Users\ACER\AppData\Local\Temp\ccJnZfJG.s 			page 111


 3575              	Uq:
 3576 0000 00000000 		.space	4
 3577              		.global	speed_ref
 3578              		.section	.data.speed_ref,"aw"
 3579              		.align	2
 3582              	speed_ref:
 3583 0000 00004842 		.word	1112014848
 3584              		.global	elec_angle
 3585              		.section	.bss.elec_angle,"aw",%nobits
 3586              		.align	2
 3589              	elec_angle:
 3590 0000 00000000 		.space	4
 3591              		.global	elec_offset
 3592              		.section	.bss.elec_offset,"aw",%nobits
 3593              		.align	2
 3596              	elec_offset:
 3597 0000 00000000 		.space	4
 3598              		.global	mech_speed
 3599              		.section	.bss.mech_speed,"aw",%nobits
 3600              		.align	2
 3603              	mech_speed:
 3604 0000 00000000 		.space	4
 3605              		.global	mech_angle_prev
 3606              		.section	.bss.mech_angle_prev,"aw",%nobits
 3607              		.align	2
 3610              	mech_angle_prev:
 3611 0000 00000000 		.space	4
 3612              		.global	mech_angle
 3613              		.section	.bss.mech_angle,"aw",%nobits
 3614              		.align	2
 3617              	mech_angle:
 3618 0000 00000000 		.space	4
 3619              		.text
 3620              	.Letext0:
 3621              		.file 3 "Drivers/CMSIS/Device/ST/STM32F4xx/Include/stm32f405xx.h"
 3622              		.file 4 "C:/Users/ACER/Desktop/arm-gnu-toolchain-15.2.rel1-mingw-w64-i686-arm-none-eabi/arm-none-e
 3623              		.file 5 "C:/Users/ACER/Desktop/arm-gnu-toolchain-15.2.rel1-mingw-w64-i686-arm-none-eabi/arm-none-e
 3624              		.file 6 "Drivers/STM32F4xx_HAL_Driver/Inc/stm32f4xx_hal_def.h"
 3625              		.file 7 "Drivers/STM32F4xx_HAL_Driver/Inc/stm32f4xx_hal_rcc_ex.h"
 3626              		.file 8 "Drivers/STM32F4xx_HAL_Driver/Inc/stm32f4xx_hal_rcc.h"
 3627              		.file 9 "Drivers/STM32F4xx_HAL_Driver/Inc/stm32f4xx_hal_gpio.h"
 3628              		.file 10 "Drivers/STM32F4xx_HAL_Driver/Inc/stm32f4xx_hal_dma.h"
 3629              		.file 11 "Drivers/STM32F4xx_HAL_Driver/Inc/stm32f4xx_hal_i2c.h"
 3630              		.file 12 "Drivers/STM32F4xx_HAL_Driver/Inc/stm32f4xx_hal_spi.h"
 3631              		.file 13 "Drivers/STM32F4xx_HAL_Driver/Inc/stm32f4xx_hal_tim.h"
 3632              		.file 14 "C:/Users/ACER/Desktop/arm-gnu-toolchain-15.2.rel1-mingw-w64-i686-arm-none-eabi/lib/gcc/a
 3633              		.file 15 "C:/Users/ACER/Desktop/arm-gnu-toolchain-15.2.rel1-mingw-w64-i686-arm-none-eabi/arm-none-
 3634              		.file 16 "Core/Inc/command.h"
 3635              		.file 17 "Core/Inc/drv8301.h"
 3636              		.file 18 "Core/Inc/svpwm.h"
 3637              		.file 19 "Core/Inc/as5600.h"
 3638              		.file 20 "C:/Users/ACER/Desktop/arm-gnu-toolchain-15.2.rel1-mingw-w64-i686-arm-none-eabi/arm-none-
 3639              		.file 21 "Drivers/STM32F4xx_HAL_Driver/Inc/stm32f4xx_hal_tim_ex.h"
 3640              		.file 22 "Core/Inc/main.h"
 3641              		.file 23 "Drivers/STM32F4xx_HAL_Driver/Inc/stm32f4xx_hal_cortex.h"
 3642              		.file 24 "C:/Users/ACER/Desktop/arm-gnu-toolchain-15.2.rel1-mingw-w64-i686-arm-none-eabi/arm-none-
 3643              		.file 25 "Drivers/STM32F4xx_HAL_Driver/Inc/stm32f4xx_hal.h"
ARM GAS  C:\Users\ACER\AppData\Local\Temp\ccJnZfJG.s 			page 112


 3644              		.file 26 "USB_DEVICE/App/usb_device.h"
 3645              		.file 27 "C:/Users/ACER/Desktop/arm-gnu-toolchain-15.2.rel1-mingw-w64-i686-arm-none-eabi/arm-none-
 3646              		.file 28 "USB_DEVICE/App/usbd_cdc_if.h"
 3647              		.file 29 "<built-in>"
ARM GAS  C:\Users\ACER\AppData\Local\Temp\ccJnZfJG.s 			page 113


DEFINED SYMBOLS
                            *ABS*:00000000 main.c
C:\Users\ACER\AppData\Local\Temp\ccJnZfJG.s:21     .text.Motor_Lock_ElectricalAngle:00000000 $t
C:\Users\ACER\AppData\Local\Temp\ccJnZfJG.s:26     .text.Motor_Lock_ElectricalAngle:00000000 Motor_Lock_ElectricalAngle
C:\Users\ACER\AppData\Local\Temp\ccJnZfJG.s:110    .text.Motor_Lock_ElectricalAngle:00000074 $d
C:\Users\ACER\AppData\Local\Temp\ccJnZfJG.s:3510   .data.hsvpwm:00000000 hsvpwm
C:\Users\ACER\AppData\Local\Temp\ccJnZfJG.s:3540   .bss.htim1:00000000 htim1
C:\Users\ACER\AppData\Local\Temp\ccJnZfJG.s:116    .text.Hall_ReadABC:00000000 $t
C:\Users\ACER\AppData\Local\Temp\ccJnZfJG.s:121    .text.Hall_ReadABC:00000000 Hall_ReadABC
C:\Users\ACER\AppData\Local\Temp\ccJnZfJG.s:182    .text.Hall_ReadABC:0000003c $d
C:\Users\ACER\AppData\Local\Temp\ccJnZfJG.s:188    .text.MX_GPIO_Init:00000000 $t
C:\Users\ACER\AppData\Local\Temp\ccJnZfJG.s:193    .text.MX_GPIO_Init:00000000 MX_GPIO_Init
C:\Users\ACER\AppData\Local\Temp\ccJnZfJG.s:406    .text.MX_GPIO_Init:000000fc $d
C:\Users\ACER\AppData\Local\Temp\ccJnZfJG.s:415    .text.MX_DMA_Init:00000000 $t
C:\Users\ACER\AppData\Local\Temp\ccJnZfJG.s:420    .text.MX_DMA_Init:00000000 MX_DMA_Init
C:\Users\ACER\AppData\Local\Temp\ccJnZfJG.s:481    .text.MX_DMA_Init:00000040 $d
C:\Users\ACER\AppData\Local\Temp\ccJnZfJG.s:486    .text.HAL_SPI_TxRxCpltCallback:00000000 $t
C:\Users\ACER\AppData\Local\Temp\ccJnZfJG.s:492    .text.HAL_SPI_TxRxCpltCallback:00000000 HAL_SPI_TxRxCpltCallback
C:\Users\ACER\AppData\Local\Temp\ccJnZfJG.s:528    .text.HAL_SPI_TxRxCpltCallback:00000014 $d
C:\Users\ACER\AppData\Local\Temp\ccJnZfJG.s:3561   .bss.hspi3:00000000 hspi3
C:\Users\ACER\AppData\Local\Temp\ccJnZfJG.s:3527   .data.hdrv8301:00000000 hdrv8301
C:\Users\ACER\AppData\Local\Temp\ccJnZfJG.s:534    .rodata.CDC_Log.str1.4:00000000 $d
C:\Users\ACER\AppData\Local\Temp\ccJnZfJG.s:541    .text.CDC_Log:00000000 $t
C:\Users\ACER\AppData\Local\Temp\ccJnZfJG.s:547    .text.CDC_Log:00000000 CDC_Log
C:\Users\ACER\AppData\Local\Temp\ccJnZfJG.s:648    .text.CDC_Log:00000048 $d
C:\Users\ACER\AppData\Local\Temp\ccJnZfJG.s:3403   .bss.buf.0:00000000 buf.0
C:\Users\ACER\AppData\Local\Temp\ccJnZfJG.s:655    .rodata.Motor_Hall_SVPWM_Run.str1.4:00000000 $d
C:\Users\ACER\AppData\Local\Temp\ccJnZfJG.s:659    .text.Motor_Hall_SVPWM_Run:00000000 $t
C:\Users\ACER\AppData\Local\Temp\ccJnZfJG.s:665    .text.Motor_Hall_SVPWM_Run:00000000 Motor_Hall_SVPWM_Run
C:\Users\ACER\AppData\Local\Temp\ccJnZfJG.s:833    .text.Motor_Hall_SVPWM_Run:00000100 $d
C:\Users\ACER\AppData\Local\Temp\ccJnZfJG.s:3439   .bss.hall:00000000 hall
C:\Users\ACER\AppData\Local\Temp\ccJnZfJG.s:3469   .rodata.hall_to_sector:00000000 hall_to_sector
C:\Users\ACER\AppData\Local\Temp\ccJnZfJG.s:3452   .rodata.sector_angle:00000000 sector_angle
C:\Users\ACER\AppData\Local\Temp\ccJnZfJG.s:3433   .bss.angle:00000000 angle
C:\Users\ACER\AppData\Local\Temp\ccJnZfJG.s:3446   .data.hall_voltage:00000000 hall_voltage
C:\Users\ACER\AppData\Local\Temp\ccJnZfJG.s:846    .text.Motor_OpenLoop_SVPWM_Run:00000000 $t
C:\Users\ACER\AppData\Local\Temp\ccJnZfJG.s:852    .text.Motor_OpenLoop_SVPWM_Run:00000000 Motor_OpenLoop_SVPWM_Run
C:\Users\ACER\AppData\Local\Temp\ccJnZfJG.s:1008   .text.Motor_OpenLoop_SVPWM_Run:00000104 $d
C:\Users\ACER\AppData\Local\Temp\ccJnZfJG.s:3482   .bss.last_tick:00000000 last_tick
C:\Users\ACER\AppData\Local\Temp\ccJnZfJG.s:3589   .bss.elec_angle:00000000 elec_angle
C:\Users\ACER\AppData\Local\Temp\ccJnZfJG.s:1020   .rodata.Motor_Calib_HallOffset.str1.4:00000000 $d
C:\Users\ACER\AppData\Local\Temp\ccJnZfJG.s:1030   .text.Motor_Calib_HallOffset:00000000 $t
C:\Users\ACER\AppData\Local\Temp\ccJnZfJG.s:1036   .text.Motor_Calib_HallOffset:00000000 Motor_Calib_HallOffset
C:\Users\ACER\AppData\Local\Temp\ccJnZfJG.s:1156   .text.Motor_Calib_HallOffset:000000a0 $d
C:\Users\ACER\AppData\Local\Temp\ccJnZfJG.s:1169   .text.Encoder_GetAngleRad:00000000 $t
C:\Users\ACER\AppData\Local\Temp\ccJnZfJG.s:1175   .text.Encoder_GetAngleRad:00000000 Encoder_GetAngleRad
C:\Users\ACER\AppData\Local\Temp\ccJnZfJG.s:1196   .text.Encoder_GetAngleRad:0000000c $d
C:\Users\ACER\AppData\Local\Temp\ccJnZfJG.s:3503   .bss.as5600:00000000 as5600
C:\Users\ACER\AppData\Local\Temp\ccJnZfJG.s:1201   .text.Encoder_GetSpeedRad:00000000 $t
C:\Users\ACER\AppData\Local\Temp\ccJnZfJG.s:1207   .text.Encoder_GetSpeedRad:00000000 Encoder_GetSpeedRad
C:\Users\ACER\AppData\Local\Temp\ccJnZfJG.s:1278   .text.Encoder_GetSpeedRad:00000060 $d
C:\Users\ACER\AppData\Local\Temp\ccJnZfJG.s:3617   .bss.mech_angle:00000000 mech_angle
C:\Users\ACER\AppData\Local\Temp\ccJnZfJG.s:3610   .bss.mech_angle_prev:00000000 mech_angle_prev
C:\Users\ACER\AppData\Local\Temp\ccJnZfJG.s:3603   .bss.mech_speed:00000000 mech_speed
C:\Users\ACER\AppData\Local\Temp\ccJnZfJG.s:1289   .text.PID_Speed_Run:00000000 $t
C:\Users\ACER\AppData\Local\Temp\ccJnZfJG.s:1295   .text.PID_Speed_Run:00000000 PID_Speed_Run
C:\Users\ACER\AppData\Local\Temp\ccJnZfJG.s:1359   .text.PID_Speed_Run:00000058 $d
ARM GAS  C:\Users\ACER\AppData\Local\Temp\ccJnZfJG.s 			page 114


C:\Users\ACER\AppData\Local\Temp\ccJnZfJG.s:1364   .text.Motor_SpeedControl_Loop:00000000 $t
C:\Users\ACER\AppData\Local\Temp\ccJnZfJG.s:1370   .text.Motor_SpeedControl_Loop:00000000 Motor_SpeedControl_Loop
C:\Users\ACER\AppData\Local\Temp\ccJnZfJG.s:1500   .text.Motor_SpeedControl_Loop:000000d0 $d
C:\Users\ACER\AppData\Local\Temp\ccJnZfJG.s:3582   .data.speed_ref:00000000 speed_ref
C:\Users\ACER\AppData\Local\Temp\ccJnZfJG.s:3417   .data.pid_speed:00000000 pid_speed
C:\Users\ACER\AppData\Local\Temp\ccJnZfJG.s:3575   .bss.Uq:00000000 Uq
C:\Users\ACER\AppData\Local\Temp\ccJnZfJG.s:3596   .bss.elec_offset:00000000 elec_offset
C:\Users\ACER\AppData\Local\Temp\ccJnZfJG.s:1513   .rodata.Motor_Calib_EncoderOffset.str1.4:00000000 $d
C:\Users\ACER\AppData\Local\Temp\ccJnZfJG.s:1520   .text.Motor_Calib_EncoderOffset:00000000 $t
C:\Users\ACER\AppData\Local\Temp\ccJnZfJG.s:1526   .text.Motor_Calib_EncoderOffset:00000000 Motor_Calib_EncoderOffset
C:\Users\ACER\AppData\Local\Temp\ccJnZfJG.s:1652   .text.Motor_Calib_EncoderOffset:000000e4 $d
C:\Users\ACER\AppData\Local\Temp\ccJnZfJG.s:1664   .rodata.Motor_Calib_EncoderOffset_Bidir.str1.4:00000000 $d
C:\Users\ACER\AppData\Local\Temp\ccJnZfJG.s:1671   .text.Motor_Calib_EncoderOffset_Bidir:00000000 $t
C:\Users\ACER\AppData\Local\Temp\ccJnZfJG.s:1677   .text.Motor_Calib_EncoderOffset_Bidir:00000000 Motor_Calib_EncoderOffset_Bidir
C:\Users\ACER\AppData\Local\Temp\ccJnZfJG.s:1939   .text.Motor_Calib_EncoderOffset_Bidir:000001ac $d
C:\Users\ACER\AppData\Local\Temp\ccJnZfJG.s:1954   .rodata.Motor_Velocity_OpenLoop_Encoder.str1.4:00000000 $d
C:\Users\ACER\AppData\Local\Temp\ccJnZfJG.s:1958   .text.Motor_Velocity_OpenLoop_Encoder:00000000 $t
C:\Users\ACER\AppData\Local\Temp\ccJnZfJG.s:1964   .text.Motor_Velocity_OpenLoop_Encoder:00000000 Motor_Velocity_OpenLoop_Encoder
C:\Users\ACER\AppData\Local\Temp\ccJnZfJG.s:2150   .text.Motor_Velocity_OpenLoop_Encoder:00000118 $d
C:\Users\ACER\AppData\Local\Temp\ccJnZfJG.s:3476   .bss.last_time:00000000 last_time
C:\Users\ACER\AppData\Local\Temp\ccJnZfJG.s:2160   .text.print:00000000 $t
C:\Users\ACER\AppData\Local\Temp\ccJnZfJG.s:2166   .text.print:00000000 print
C:\Users\ACER\AppData\Local\Temp\ccJnZfJG.s:2189   .text.parse_float_dot:00000000 $t
C:\Users\ACER\AppData\Local\Temp\ccJnZfJG.s:2195   .text.parse_float_dot:00000000 parse_float_dot
C:\Users\ACER\AppData\Local\Temp\ccJnZfJG.s:2386   .text.parse_float_dot:000000cc $d
C:\Users\ACER\AppData\Local\Temp\ccJnZfJG.s:2392   .text.HAL_TIM_PeriodElapsedCallback:00000000 $t
C:\Users\ACER\AppData\Local\Temp\ccJnZfJG.s:2398   .text.HAL_TIM_PeriodElapsedCallback:00000000 HAL_TIM_PeriodElapsedCallback
C:\Users\ACER\AppData\Local\Temp\ccJnZfJG.s:2432   .text.HAL_TIM_PeriodElapsedCallback:00000014 $d
C:\Users\ACER\AppData\Local\Temp\ccJnZfJG.s:2437   .text.Error_Handler:00000000 $t
C:\Users\ACER\AppData\Local\Temp\ccJnZfJG.s:2443   .text.Error_Handler:00000000 Error_Handler
C:\Users\ACER\AppData\Local\Temp\ccJnZfJG.s:2475   .text.MX_TIM1_Init:00000000 $t
C:\Users\ACER\AppData\Local\Temp\ccJnZfJG.s:2480   .text.MX_TIM1_Init:00000000 MX_TIM1_Init
C:\Users\ACER\AppData\Local\Temp\ccJnZfJG.s:2722   .text.MX_TIM1_Init:00000100 $d
C:\Users\ACER\AppData\Local\Temp\ccJnZfJG.s:2728   .text.MX_SPI3_Init:00000000 $t
C:\Users\ACER\AppData\Local\Temp\ccJnZfJG.s:2733   .text.MX_SPI3_Init:00000000 MX_SPI3_Init
C:\Users\ACER\AppData\Local\Temp\ccJnZfJG.s:2804   .text.MX_SPI3_Init:00000040 $d
C:\Users\ACER\AppData\Local\Temp\ccJnZfJG.s:2810   .text.MX_I2C1_Init:00000000 $t
C:\Users\ACER\AppData\Local\Temp\ccJnZfJG.s:2815   .text.MX_I2C1_Init:00000000 MX_I2C1_Init
C:\Users\ACER\AppData\Local\Temp\ccJnZfJG.s:2873   .text.MX_I2C1_Init:0000002c $d
C:\Users\ACER\AppData\Local\Temp\ccJnZfJG.s:3568   .bss.hi2c1:00000000 hi2c1
C:\Users\ACER\AppData\Local\Temp\ccJnZfJG.s:2880   .text.SystemClock_Config:00000000 $t
C:\Users\ACER\AppData\Local\Temp\ccJnZfJG.s:2886   .text.SystemClock_Config:00000000 SystemClock_Config
C:\Users\ACER\AppData\Local\Temp\ccJnZfJG.s:3035   .text.SystemClock_Config:000000a0 $d
C:\Users\ACER\AppData\Local\Temp\ccJnZfJG.s:3041   .rodata.main.str1.4:00000000 $d
C:\Users\ACER\AppData\Local\Temp\ccJnZfJG.s:3069   .text.main:00000000 $t
C:\Users\ACER\AppData\Local\Temp\ccJnZfJG.s:3075   .text.main:00000000 main
C:\Users\ACER\AppData\Local\Temp\ccJnZfJG.s:3373   .text.main:00000194 $d
C:\Users\ACER\AppData\Local\Temp\ccJnZfJG.s:3496   .bss.cmd:00000000 cmd
C:\Users\ACER\AppData\Local\Temp\ccJnZfJG.s:3410   .bss.target:00000000 target
C:\Users\ACER\AppData\Local\Temp\ccJnZfJG.s:3400   .bss.buf.0:00000000 $d
C:\Users\ACER\AppData\Local\Temp\ccJnZfJG.s:3407   .bss.target:00000000 $d
C:\Users\ACER\AppData\Local\Temp\ccJnZfJG.s:3414   .data.pid_speed:00000000 $d
C:\Users\ACER\AppData\Local\Temp\ccJnZfJG.s:3426   .bss.buffer:00000000 buffer
C:\Users\ACER\AppData\Local\Temp\ccJnZfJG.s:3423   .bss.buffer:00000000 $d
C:\Users\ACER\AppData\Local\Temp\ccJnZfJG.s:3430   .bss.angle:00000000 $d
C:\Users\ACER\AppData\Local\Temp\ccJnZfJG.s:3440   .bss.hall:00000000 $d
C:\Users\ACER\AppData\Local\Temp\ccJnZfJG.s:3443   .data.hall_voltage:00000000 $d
ARM GAS  C:\Users\ACER\AppData\Local\Temp\ccJnZfJG.s 			page 115


C:\Users\ACER\AppData\Local\Temp\ccJnZfJG.s:3449   .rodata.sector_angle:00000000 $d
C:\Users\ACER\AppData\Local\Temp\ccJnZfJG.s:3466   .rodata.hall_to_sector:00000000 $d
C:\Users\ACER\AppData\Local\Temp\ccJnZfJG.s:3473   .bss.last_time:00000000 $d
C:\Users\ACER\AppData\Local\Temp\ccJnZfJG.s:3479   .bss.last_tick:00000000 $d
C:\Users\ACER\AppData\Local\Temp\ccJnZfJG.s:3489   .bss.cnt:00000000 cnt
C:\Users\ACER\AppData\Local\Temp\ccJnZfJG.s:3486   .bss.cnt:00000000 $d
C:\Users\ACER\AppData\Local\Temp\ccJnZfJG.s:3493   .bss.cmd:00000000 $d
C:\Users\ACER\AppData\Local\Temp\ccJnZfJG.s:3500   .bss.as5600:00000000 $d
C:\Users\ACER\AppData\Local\Temp\ccJnZfJG.s:3507   .data.hsvpwm:00000000 $d
C:\Users\ACER\AppData\Local\Temp\ccJnZfJG.s:3518   .data.drv_cfg:00000000 drv_cfg
C:\Users\ACER\AppData\Local\Temp\ccJnZfJG.s:3515   .data.drv_cfg:00000000 $d
C:\Users\ACER\AppData\Local\Temp\ccJnZfJG.s:3524   .data.hdrv8301:00000000 $d
C:\Users\ACER\AppData\Local\Temp\ccJnZfJG.s:3537   .bss.htim1:00000000 $d
C:\Users\ACER\AppData\Local\Temp\ccJnZfJG.s:3547   .bss.hdma_spi3_tx:00000000 hdma_spi3_tx
C:\Users\ACER\AppData\Local\Temp\ccJnZfJG.s:3544   .bss.hdma_spi3_tx:00000000 $d
C:\Users\ACER\AppData\Local\Temp\ccJnZfJG.s:3554   .bss.hdma_spi3_rx:00000000 hdma_spi3_rx
C:\Users\ACER\AppData\Local\Temp\ccJnZfJG.s:3551   .bss.hdma_spi3_rx:00000000 $d
C:\Users\ACER\AppData\Local\Temp\ccJnZfJG.s:3558   .bss.hspi3:00000000 $d
C:\Users\ACER\AppData\Local\Temp\ccJnZfJG.s:3565   .bss.hi2c1:00000000 $d
C:\Users\ACER\AppData\Local\Temp\ccJnZfJG.s:3572   .bss.Uq:00000000 $d
C:\Users\ACER\AppData\Local\Temp\ccJnZfJG.s:3579   .data.speed_ref:00000000 $d
C:\Users\ACER\AppData\Local\Temp\ccJnZfJG.s:3586   .bss.elec_angle:00000000 $d
C:\Users\ACER\AppData\Local\Temp\ccJnZfJG.s:3593   .bss.elec_offset:00000000 $d
C:\Users\ACER\AppData\Local\Temp\ccJnZfJG.s:3600   .bss.mech_speed:00000000 $d
C:\Users\ACER\AppData\Local\Temp\ccJnZfJG.s:3607   .bss.mech_angle_prev:00000000 $d
C:\Users\ACER\AppData\Local\Temp\ccJnZfJG.s:3614   .bss.mech_angle:00000000 $d

UNDEFINED SYMBOLS
cosf
sinf
SVPWM_Compute
HAL_GPIO_ReadPin
HAL_GPIO_WritePin
HAL_GPIO_Init
HAL_NVIC_SetPriority
HAL_NVIC_EnableIRQ
DRV8301_TxRxCpltCallback
vsnprintf
snprintf
CDC_Transmit_FS
__aeabi_f2d
HAL_GetTick
HAL_Delay
AS5600_GetAngleRad
DRV8301_DisableGate
_ctype_
HAL_IncTick
memset
HAL_TIM_Base_Init
HAL_TIM_ConfigClockSource
HAL_TIM_PWM_Init
HAL_TIMEx_MasterConfigSynchronization
HAL_TIM_PWM_ConfigChannel
HAL_TIMEx_ConfigBreakDeadTime
HAL_TIM_MspPostInit
HAL_SPI_Init
HAL_I2C_Init
ARM GAS  C:\Users\ACER\AppData\Local\Temp\ccJnZfJG.s 			page 116


HAL_RCC_OscConfig
HAL_RCC_ClockConfig
HAL_Init
MX_USB_DEVICE_Init
HAL_TIM_PWM_Start
HAL_TIMEx_PWMN_Start
DRV8301_EnableGate
SVPWM_Init
AS5600_Init
strcmp
AS5600_GetAngleDeg
Command_Parse
cdc_rx_flag
cdc_rx_len
cdc_rx_buf
