ARM GAS  C:\Users\AD\AppData\Local\Temp\ccBSG7N4.s 			page 1


   1              		.cpu cortex-m4
   2              		.arch armv7e-m
   3              		.fpu fpv4-sp-d16
   4              		.eabi_attribute 27, 1
   5              		.eabi_attribute 28, 1
   6              		.eabi_attribute 20, 1
   7              		.eabi_attribute 21, 1
   8              		.eabi_attribute 23, 3
   9              		.eabi_attribute 24, 1
  10              		.eabi_attribute 25, 1
  11              		.eabi_attribute 26, 1
  12              		.eabi_attribute 30, 1
  13              		.eabi_attribute 34, 1
  14              		.eabi_attribute 18, 4
  15              		.file	"usbd_conf.c"
  16              		.text
  17              	.Ltext0:
  18              		.cfi_sections	.debug_frame
  19              		.file 1 "USB_DEVICE/Target/usbd_conf.c"
  20              		.section	.text.HAL_PCD_MspInit,"ax",%progbits
  21              		.align	1
  22              		.global	HAL_PCD_MspInit
  23              		.syntax unified
  24              		.thumb
  25              		.thumb_func
  27              	HAL_PCD_MspInit:
  28              	.LVL0:
  29              	.LFB138:
   1:USB_DEVICE/Target/usbd_conf.c **** /* USER CODE BEGIN Header */
   2:USB_DEVICE/Target/usbd_conf.c **** /**
   3:USB_DEVICE/Target/usbd_conf.c ****   ******************************************************************************
   4:USB_DEVICE/Target/usbd_conf.c ****   * @file           : Target/usbd_conf.c
   5:USB_DEVICE/Target/usbd_conf.c ****   * @version        : v1.0_Cube
   6:USB_DEVICE/Target/usbd_conf.c ****   * @brief          : This file implements the board support package for the USB device library
   7:USB_DEVICE/Target/usbd_conf.c ****   ******************************************************************************
   8:USB_DEVICE/Target/usbd_conf.c ****   * @attention
   9:USB_DEVICE/Target/usbd_conf.c ****   *
  10:USB_DEVICE/Target/usbd_conf.c ****   * Copyright (c) 2025 STMicroelectronics.
  11:USB_DEVICE/Target/usbd_conf.c ****   * All rights reserved.
  12:USB_DEVICE/Target/usbd_conf.c ****   *
  13:USB_DEVICE/Target/usbd_conf.c ****   * This software is licensed under terms that can be found in the LICENSE file
  14:USB_DEVICE/Target/usbd_conf.c ****   * in the root directory of this software component.
  15:USB_DEVICE/Target/usbd_conf.c ****   * If no LICENSE file comes with this software, it is provided AS-IS.
  16:USB_DEVICE/Target/usbd_conf.c ****   *
  17:USB_DEVICE/Target/usbd_conf.c ****   ******************************************************************************
  18:USB_DEVICE/Target/usbd_conf.c ****   */
  19:USB_DEVICE/Target/usbd_conf.c **** /* USER CODE END Header */
  20:USB_DEVICE/Target/usbd_conf.c **** 
  21:USB_DEVICE/Target/usbd_conf.c **** /* Includes ------------------------------------------------------------------*/
  22:USB_DEVICE/Target/usbd_conf.c **** #include "stm32f4xx.h"
  23:USB_DEVICE/Target/usbd_conf.c **** #include "stm32f4xx_hal.h"
  24:USB_DEVICE/Target/usbd_conf.c **** #include "usbd_def.h"
  25:USB_DEVICE/Target/usbd_conf.c **** #include "usbd_core.h"
  26:USB_DEVICE/Target/usbd_conf.c **** 
  27:USB_DEVICE/Target/usbd_conf.c **** #include "usbd_cdc.h"
  28:USB_DEVICE/Target/usbd_conf.c **** 
  29:USB_DEVICE/Target/usbd_conf.c **** /* USER CODE BEGIN Includes */
ARM GAS  C:\Users\AD\AppData\Local\Temp\ccBSG7N4.s 			page 2


  30:USB_DEVICE/Target/usbd_conf.c **** 
  31:USB_DEVICE/Target/usbd_conf.c **** /* USER CODE END Includes */
  32:USB_DEVICE/Target/usbd_conf.c **** 
  33:USB_DEVICE/Target/usbd_conf.c **** /* Private typedef -----------------------------------------------------------*/
  34:USB_DEVICE/Target/usbd_conf.c **** /* Private define ------------------------------------------------------------*/
  35:USB_DEVICE/Target/usbd_conf.c **** /* Private macro -------------------------------------------------------------*/
  36:USB_DEVICE/Target/usbd_conf.c **** 
  37:USB_DEVICE/Target/usbd_conf.c **** /* USER CODE BEGIN PV */
  38:USB_DEVICE/Target/usbd_conf.c **** /* Private variables ---------------------------------------------------------*/
  39:USB_DEVICE/Target/usbd_conf.c **** 
  40:USB_DEVICE/Target/usbd_conf.c **** /* USER CODE END PV */
  41:USB_DEVICE/Target/usbd_conf.c **** 
  42:USB_DEVICE/Target/usbd_conf.c **** PCD_HandleTypeDef hpcd_USB_OTG_FS;
  43:USB_DEVICE/Target/usbd_conf.c **** void Error_Handler(void);
  44:USB_DEVICE/Target/usbd_conf.c **** 
  45:USB_DEVICE/Target/usbd_conf.c **** /* External functions --------------------------------------------------------*/
  46:USB_DEVICE/Target/usbd_conf.c **** void SystemClock_Config(void);
  47:USB_DEVICE/Target/usbd_conf.c **** 
  48:USB_DEVICE/Target/usbd_conf.c **** /* USER CODE BEGIN 0 */
  49:USB_DEVICE/Target/usbd_conf.c **** 
  50:USB_DEVICE/Target/usbd_conf.c **** /* USER CODE END 0 */
  51:USB_DEVICE/Target/usbd_conf.c **** 
  52:USB_DEVICE/Target/usbd_conf.c **** /* USER CODE BEGIN PFP */
  53:USB_DEVICE/Target/usbd_conf.c **** /* Private function prototypes -----------------------------------------------*/
  54:USB_DEVICE/Target/usbd_conf.c **** USBD_StatusTypeDef USBD_Get_USB_Status(HAL_StatusTypeDef hal_status);
  55:USB_DEVICE/Target/usbd_conf.c **** 
  56:USB_DEVICE/Target/usbd_conf.c **** /* USER CODE END PFP */
  57:USB_DEVICE/Target/usbd_conf.c **** 
  58:USB_DEVICE/Target/usbd_conf.c **** /* Private functions ---------------------------------------------------------*/
  59:USB_DEVICE/Target/usbd_conf.c **** 
  60:USB_DEVICE/Target/usbd_conf.c **** /* USER CODE BEGIN 1 */
  61:USB_DEVICE/Target/usbd_conf.c **** 
  62:USB_DEVICE/Target/usbd_conf.c **** /* USER CODE END 1 */
  63:USB_DEVICE/Target/usbd_conf.c **** 
  64:USB_DEVICE/Target/usbd_conf.c **** /*******************************************************************************
  65:USB_DEVICE/Target/usbd_conf.c ****                        LL Driver Callbacks (PCD -> USB Device Library)
  66:USB_DEVICE/Target/usbd_conf.c **** *******************************************************************************/
  67:USB_DEVICE/Target/usbd_conf.c **** /* MSP Init */
  68:USB_DEVICE/Target/usbd_conf.c **** 
  69:USB_DEVICE/Target/usbd_conf.c **** void HAL_PCD_MspInit(PCD_HandleTypeDef* pcdHandle)
  70:USB_DEVICE/Target/usbd_conf.c **** {
  30              		.loc 1 70 1 view -0
  31              		.cfi_startproc
  32              		@ args = 0, pretend = 0, frame = 32
  33              		@ frame_needed = 0, uses_anonymous_args = 0
  34              		.loc 1 70 1 is_stmt 0 view .LVU1
  35 0000 30B5     		push	{r4, r5, lr}
  36              	.LCFI0:
  37              		.cfi_def_cfa_offset 12
  38              		.cfi_offset 4, -12
  39              		.cfi_offset 5, -8
  40              		.cfi_offset 14, -4
  41 0002 89B0     		sub	sp, sp, #36
  42              	.LCFI1:
  43              		.cfi_def_cfa_offset 48
  71:USB_DEVICE/Target/usbd_conf.c ****   GPIO_InitTypeDef GPIO_InitStruct = {0};
  44              		.loc 1 71 3 is_stmt 1 view .LVU2
ARM GAS  C:\Users\AD\AppData\Local\Temp\ccBSG7N4.s 			page 3


  45              		.loc 1 71 20 is_stmt 0 view .LVU3
  46 0004 0023     		movs	r3, #0
  47 0006 0393     		str	r3, [sp, #12]
  48 0008 0493     		str	r3, [sp, #16]
  49 000a 0593     		str	r3, [sp, #20]
  50 000c 0693     		str	r3, [sp, #24]
  51 000e 0793     		str	r3, [sp, #28]
  72:USB_DEVICE/Target/usbd_conf.c ****   if(pcdHandle->Instance==USB_OTG_FS)
  52              		.loc 1 72 3 is_stmt 1 view .LVU4
  53              		.loc 1 72 15 is_stmt 0 view .LVU5
  54 0010 0368     		ldr	r3, [r0]
  55              		.loc 1 72 5 view .LVU6
  56 0012 B3F1A04F 		cmp	r3, #1342177280
  57 0016 01D0     		beq	.L4
  58              	.LVL1:
  59              	.L1:
  73:USB_DEVICE/Target/usbd_conf.c ****   {
  74:USB_DEVICE/Target/usbd_conf.c ****   /* USER CODE BEGIN USB_OTG_FS_MspInit 0 */
  75:USB_DEVICE/Target/usbd_conf.c **** 
  76:USB_DEVICE/Target/usbd_conf.c ****   /* USER CODE END USB_OTG_FS_MspInit 0 */
  77:USB_DEVICE/Target/usbd_conf.c **** 
  78:USB_DEVICE/Target/usbd_conf.c ****     __HAL_RCC_GPIOA_CLK_ENABLE();
  79:USB_DEVICE/Target/usbd_conf.c ****     /**USB_OTG_FS GPIO Configuration
  80:USB_DEVICE/Target/usbd_conf.c ****     PA11     ------> USB_OTG_FS_DM
  81:USB_DEVICE/Target/usbd_conf.c ****     PA12     ------> USB_OTG_FS_DP
  82:USB_DEVICE/Target/usbd_conf.c ****     */
  83:USB_DEVICE/Target/usbd_conf.c ****     GPIO_InitStruct.Pin = GPIO_PIN_11|GPIO_PIN_12;
  84:USB_DEVICE/Target/usbd_conf.c ****     GPIO_InitStruct.Mode = GPIO_MODE_AF_PP;
  85:USB_DEVICE/Target/usbd_conf.c ****     GPIO_InitStruct.Pull = GPIO_NOPULL;
  86:USB_DEVICE/Target/usbd_conf.c ****     GPIO_InitStruct.Speed = GPIO_SPEED_FREQ_VERY_HIGH;
  87:USB_DEVICE/Target/usbd_conf.c ****     GPIO_InitStruct.Alternate = GPIO_AF10_OTG_FS;
  88:USB_DEVICE/Target/usbd_conf.c ****     HAL_GPIO_Init(GPIOA, &GPIO_InitStruct);
  89:USB_DEVICE/Target/usbd_conf.c **** 
  90:USB_DEVICE/Target/usbd_conf.c ****     /* Peripheral clock enable */
  91:USB_DEVICE/Target/usbd_conf.c ****     __HAL_RCC_USB_OTG_FS_CLK_ENABLE();
  92:USB_DEVICE/Target/usbd_conf.c **** 
  93:USB_DEVICE/Target/usbd_conf.c ****     /* Peripheral interrupt init */
  94:USB_DEVICE/Target/usbd_conf.c ****     HAL_NVIC_SetPriority(OTG_FS_IRQn, 0, 0);
  95:USB_DEVICE/Target/usbd_conf.c ****     HAL_NVIC_EnableIRQ(OTG_FS_IRQn);
  96:USB_DEVICE/Target/usbd_conf.c ****   /* USER CODE BEGIN USB_OTG_FS_MspInit 1 */
  97:USB_DEVICE/Target/usbd_conf.c **** 
  98:USB_DEVICE/Target/usbd_conf.c ****   /* USER CODE END USB_OTG_FS_MspInit 1 */
  99:USB_DEVICE/Target/usbd_conf.c ****   }
 100:USB_DEVICE/Target/usbd_conf.c **** }
  60              		.loc 1 100 1 view .LVU7
  61 0018 09B0     		add	sp, sp, #36
  62              	.LCFI2:
  63              		.cfi_remember_state
  64              		.cfi_def_cfa_offset 12
  65              		@ sp needed
  66 001a 30BD     		pop	{r4, r5, pc}
  67              	.LVL2:
  68              	.L4:
  69              	.LCFI3:
  70              		.cfi_restore_state
  71              		.loc 1 100 1 view .LVU8
  72 001c 03AA     		add	r2, sp, #12
ARM GAS  C:\Users\AD\AppData\Local\Temp\ccBSG7N4.s 			page 4


  78:USB_DEVICE/Target/usbd_conf.c ****     /**USB_OTG_FS GPIO Configuration
  73              		.loc 1 78 5 is_stmt 1 view .LVU9
  74              	.LBB2:
  78:USB_DEVICE/Target/usbd_conf.c ****     /**USB_OTG_FS GPIO Configuration
  75              		.loc 1 78 5 view .LVU10
  76 001e 0025     		movs	r5, #0
  77 0020 0195     		str	r5, [sp, #4]
  78:USB_DEVICE/Target/usbd_conf.c ****     /**USB_OTG_FS GPIO Configuration
  78              		.loc 1 78 5 view .LVU11
  79 0022 174C     		ldr	r4, .L5
  80 0024 236B     		ldr	r3, [r4, #48]
  81 0026 43F00103 		orr	r3, r3, #1
  82 002a 2363     		str	r3, [r4, #48]
  78:USB_DEVICE/Target/usbd_conf.c ****     /**USB_OTG_FS GPIO Configuration
  83              		.loc 1 78 5 view .LVU12
  84 002c 236B     		ldr	r3, [r4, #48]
  85 002e 03F00103 		and	r3, r3, #1
  86 0032 0193     		str	r3, [sp, #4]
  78:USB_DEVICE/Target/usbd_conf.c ****     /**USB_OTG_FS GPIO Configuration
  87              		.loc 1 78 5 view .LVU13
  88 0034 019B     		ldr	r3, [sp, #4]
  89              	.LBE2:
  78:USB_DEVICE/Target/usbd_conf.c ****     /**USB_OTG_FS GPIO Configuration
  90              		.loc 1 78 5 view .LVU14
  83:USB_DEVICE/Target/usbd_conf.c ****     GPIO_InitStruct.Mode = GPIO_MODE_AF_PP;
  91              		.loc 1 83 5 view .LVU15
  83:USB_DEVICE/Target/usbd_conf.c ****     GPIO_InitStruct.Mode = GPIO_MODE_AF_PP;
  92              		.loc 1 83 25 is_stmt 0 view .LVU16
  93 0036 4FF4C053 		mov	r3, #6144
  94 003a 0393     		str	r3, [sp, #12]
  84:USB_DEVICE/Target/usbd_conf.c ****     GPIO_InitStruct.Pull = GPIO_NOPULL;
  95              		.loc 1 84 5 is_stmt 1 view .LVU17
  84:USB_DEVICE/Target/usbd_conf.c ****     GPIO_InitStruct.Pull = GPIO_NOPULL;
  96              		.loc 1 84 26 is_stmt 0 view .LVU18
  97 003c 0223     		movs	r3, #2
  98 003e 0493     		str	r3, [sp, #16]
  85:USB_DEVICE/Target/usbd_conf.c ****     GPIO_InitStruct.Speed = GPIO_SPEED_FREQ_VERY_HIGH;
  99              		.loc 1 85 5 is_stmt 1 view .LVU19
  86:USB_DEVICE/Target/usbd_conf.c ****     GPIO_InitStruct.Alternate = GPIO_AF10_OTG_FS;
 100              		.loc 1 86 5 view .LVU20
  86:USB_DEVICE/Target/usbd_conf.c ****     GPIO_InitStruct.Alternate = GPIO_AF10_OTG_FS;
 101              		.loc 1 86 27 is_stmt 0 view .LVU21
 102 0040 0323     		movs	r3, #3
 103 0042 0693     		str	r3, [sp, #24]
  87:USB_DEVICE/Target/usbd_conf.c ****     HAL_GPIO_Init(GPIOA, &GPIO_InitStruct);
 104              		.loc 1 87 5 is_stmt 1 view .LVU22
  87:USB_DEVICE/Target/usbd_conf.c ****     HAL_GPIO_Init(GPIOA, &GPIO_InitStruct);
 105              		.loc 1 87 31 is_stmt 0 view .LVU23
 106 0044 0A23     		movs	r3, #10
 107 0046 0793     		str	r3, [sp, #28]
  88:USB_DEVICE/Target/usbd_conf.c **** 
 108              		.loc 1 88 5 is_stmt 1 view .LVU24
 109 0048 1146     		mov	r1, r2
 110 004a 0E48     		ldr	r0, .L5+4
 111              	.LVL3:
  88:USB_DEVICE/Target/usbd_conf.c **** 
 112              		.loc 1 88 5 is_stmt 0 view .LVU25
ARM GAS  C:\Users\AD\AppData\Local\Temp\ccBSG7N4.s 			page 5


 113 004c FFF7FEFF 		bl	HAL_GPIO_Init
 114              	.LVL4:
  91:USB_DEVICE/Target/usbd_conf.c **** 
 115              		.loc 1 91 5 is_stmt 1 view .LVU26
  91:USB_DEVICE/Target/usbd_conf.c **** 
 116              		.loc 1 91 5 view .LVU27
 117 0050 636B     		ldr	r3, [r4, #52]
 118 0052 43F08003 		orr	r3, r3, #128
 119 0056 6363     		str	r3, [r4, #52]
  91:USB_DEVICE/Target/usbd_conf.c **** 
 120              		.loc 1 91 5 view .LVU28
 121              	.LBB3:
  91:USB_DEVICE/Target/usbd_conf.c **** 
 122              		.loc 1 91 5 view .LVU29
 123 0058 0295     		str	r5, [sp, #8]
  91:USB_DEVICE/Target/usbd_conf.c **** 
 124              		.loc 1 91 5 view .LVU30
 125 005a 636C     		ldr	r3, [r4, #68]
 126 005c 43F48043 		orr	r3, r3, #16384
 127 0060 6364     		str	r3, [r4, #68]
  91:USB_DEVICE/Target/usbd_conf.c **** 
 128              		.loc 1 91 5 view .LVU31
 129 0062 636C     		ldr	r3, [r4, #68]
 130 0064 03F48043 		and	r3, r3, #16384
 131 0068 0293     		str	r3, [sp, #8]
  91:USB_DEVICE/Target/usbd_conf.c **** 
 132              		.loc 1 91 5 view .LVU32
 133 006a 029B     		ldr	r3, [sp, #8]
 134              	.LBE3:
  91:USB_DEVICE/Target/usbd_conf.c **** 
 135              		.loc 1 91 5 view .LVU33
  91:USB_DEVICE/Target/usbd_conf.c **** 
 136              		.loc 1 91 5 view .LVU34
  94:USB_DEVICE/Target/usbd_conf.c ****     HAL_NVIC_EnableIRQ(OTG_FS_IRQn);
 137              		.loc 1 94 5 view .LVU35
 138 006c 2A46     		mov	r2, r5
 139 006e 2946     		mov	r1, r5
 140 0070 4320     		movs	r0, #67
 141 0072 FFF7FEFF 		bl	HAL_NVIC_SetPriority
 142              	.LVL5:
  95:USB_DEVICE/Target/usbd_conf.c ****   /* USER CODE BEGIN USB_OTG_FS_MspInit 1 */
 143              		.loc 1 95 5 view .LVU36
 144 0076 4320     		movs	r0, #67
 145 0078 FFF7FEFF 		bl	HAL_NVIC_EnableIRQ
 146              	.LVL6:
 147              		.loc 1 100 1 is_stmt 0 view .LVU37
 148 007c CCE7     		b	.L1
 149              	.L6:
 150 007e 00BF     		.align	2
 151              	.L5:
 152 0080 00380240 		.word	1073887232
 153 0084 00000240 		.word	1073872896
 154              		.cfi_endproc
 155              	.LFE138:
 157              		.section	.text.HAL_PCD_MspDeInit,"ax",%progbits
 158              		.align	1
 159              		.global	HAL_PCD_MspDeInit
ARM GAS  C:\Users\AD\AppData\Local\Temp\ccBSG7N4.s 			page 6


 160              		.syntax unified
 161              		.thumb
 162              		.thumb_func
 164              	HAL_PCD_MspDeInit:
 165              	.LVL7:
 166              	.LFB139:
 101:USB_DEVICE/Target/usbd_conf.c **** 
 102:USB_DEVICE/Target/usbd_conf.c **** void HAL_PCD_MspDeInit(PCD_HandleTypeDef* pcdHandle)
 103:USB_DEVICE/Target/usbd_conf.c **** {
 167              		.loc 1 103 1 is_stmt 1 view -0
 168              		.cfi_startproc
 169              		@ args = 0, pretend = 0, frame = 0
 170              		@ frame_needed = 0, uses_anonymous_args = 0
 171              		.loc 1 103 1 is_stmt 0 view .LVU39
 172 0000 08B5     		push	{r3, lr}
 173              	.LCFI4:
 174              		.cfi_def_cfa_offset 8
 175              		.cfi_offset 3, -8
 176              		.cfi_offset 14, -4
 104:USB_DEVICE/Target/usbd_conf.c ****   if(pcdHandle->Instance==USB_OTG_FS)
 177              		.loc 1 104 3 is_stmt 1 view .LVU40
 178              		.loc 1 104 15 is_stmt 0 view .LVU41
 179 0002 0368     		ldr	r3, [r0]
 180              		.loc 1 104 5 view .LVU42
 181 0004 B3F1A04F 		cmp	r3, #1342177280
 182 0008 00D0     		beq	.L10
 183              	.LVL8:
 184              	.L7:
 105:USB_DEVICE/Target/usbd_conf.c ****   {
 106:USB_DEVICE/Target/usbd_conf.c ****   /* USER CODE BEGIN USB_OTG_FS_MspDeInit 0 */
 107:USB_DEVICE/Target/usbd_conf.c **** 
 108:USB_DEVICE/Target/usbd_conf.c ****   /* USER CODE END USB_OTG_FS_MspDeInit 0 */
 109:USB_DEVICE/Target/usbd_conf.c ****     /* Peripheral clock disable */
 110:USB_DEVICE/Target/usbd_conf.c ****     __HAL_RCC_USB_OTG_FS_CLK_DISABLE();
 111:USB_DEVICE/Target/usbd_conf.c **** 
 112:USB_DEVICE/Target/usbd_conf.c ****     /**USB_OTG_FS GPIO Configuration
 113:USB_DEVICE/Target/usbd_conf.c ****     PA11     ------> USB_OTG_FS_DM
 114:USB_DEVICE/Target/usbd_conf.c ****     PA12     ------> USB_OTG_FS_DP
 115:USB_DEVICE/Target/usbd_conf.c ****     */
 116:USB_DEVICE/Target/usbd_conf.c ****     HAL_GPIO_DeInit(GPIOA, GPIO_PIN_11|GPIO_PIN_12);
 117:USB_DEVICE/Target/usbd_conf.c **** 
 118:USB_DEVICE/Target/usbd_conf.c ****     /* Peripheral interrupt Deinit*/
 119:USB_DEVICE/Target/usbd_conf.c ****     HAL_NVIC_DisableIRQ(OTG_FS_IRQn);
 120:USB_DEVICE/Target/usbd_conf.c **** 
 121:USB_DEVICE/Target/usbd_conf.c ****   /* USER CODE BEGIN USB_OTG_FS_MspDeInit 1 */
 122:USB_DEVICE/Target/usbd_conf.c **** 
 123:USB_DEVICE/Target/usbd_conf.c ****   /* USER CODE END USB_OTG_FS_MspDeInit 1 */
 124:USB_DEVICE/Target/usbd_conf.c ****   }
 125:USB_DEVICE/Target/usbd_conf.c **** }
 185              		.loc 1 125 1 view .LVU43
 186 000a 08BD     		pop	{r3, pc}
 187              	.LVL9:
 188              	.L10:
 110:USB_DEVICE/Target/usbd_conf.c **** 
 189              		.loc 1 110 5 is_stmt 1 view .LVU44
 190 000c 064A     		ldr	r2, .L11
 191 000e 536B     		ldr	r3, [r2, #52]
ARM GAS  C:\Users\AD\AppData\Local\Temp\ccBSG7N4.s 			page 7


 192 0010 23F08003 		bic	r3, r3, #128
 193 0014 5363     		str	r3, [r2, #52]
 116:USB_DEVICE/Target/usbd_conf.c **** 
 194              		.loc 1 116 5 view .LVU45
 195 0016 4FF4C051 		mov	r1, #6144
 196 001a 0448     		ldr	r0, .L11+4
 197              	.LVL10:
 116:USB_DEVICE/Target/usbd_conf.c **** 
 198              		.loc 1 116 5 is_stmt 0 view .LVU46
 199 001c FFF7FEFF 		bl	HAL_GPIO_DeInit
 200              	.LVL11:
 119:USB_DEVICE/Target/usbd_conf.c **** 
 201              		.loc 1 119 5 is_stmt 1 view .LVU47
 202 0020 4320     		movs	r0, #67
 203 0022 FFF7FEFF 		bl	HAL_NVIC_DisableIRQ
 204              	.LVL12:
 205              		.loc 1 125 1 is_stmt 0 view .LVU48
 206 0026 F0E7     		b	.L7
 207              	.L12:
 208              		.align	2
 209              	.L11:
 210 0028 00380240 		.word	1073887232
 211 002c 00000240 		.word	1073872896
 212              		.cfi_endproc
 213              	.LFE139:
 215              		.section	.text.HAL_PCD_SetupStageCallback,"ax",%progbits
 216              		.align	1
 217              		.global	HAL_PCD_SetupStageCallback
 218              		.syntax unified
 219              		.thumb
 220              		.thumb_func
 222              	HAL_PCD_SetupStageCallback:
 223              	.LVL13:
 224              	.LFB140:
 126:USB_DEVICE/Target/usbd_conf.c **** 
 127:USB_DEVICE/Target/usbd_conf.c **** /**
 128:USB_DEVICE/Target/usbd_conf.c ****   * @brief  Setup stage callback
 129:USB_DEVICE/Target/usbd_conf.c ****   * @param  hpcd: PCD handle
 130:USB_DEVICE/Target/usbd_conf.c ****   * @retval None
 131:USB_DEVICE/Target/usbd_conf.c ****   */
 132:USB_DEVICE/Target/usbd_conf.c **** #if (USE_HAL_PCD_REGISTER_CALLBACKS == 1U)
 133:USB_DEVICE/Target/usbd_conf.c **** static void PCD_SetupStageCallback(PCD_HandleTypeDef *hpcd)
 134:USB_DEVICE/Target/usbd_conf.c **** #else
 135:USB_DEVICE/Target/usbd_conf.c **** void HAL_PCD_SetupStageCallback(PCD_HandleTypeDef *hpcd)
 136:USB_DEVICE/Target/usbd_conf.c **** #endif /* USE_HAL_PCD_REGISTER_CALLBACKS */
 137:USB_DEVICE/Target/usbd_conf.c **** {
 225              		.loc 1 137 1 is_stmt 1 view -0
 226              		.cfi_startproc
 227              		@ args = 0, pretend = 0, frame = 0
 228              		@ frame_needed = 0, uses_anonymous_args = 0
 229              		.loc 1 137 1 is_stmt 0 view .LVU50
 230 0000 08B5     		push	{r3, lr}
 231              	.LCFI5:
 232              		.cfi_def_cfa_offset 8
 233              		.cfi_offset 3, -8
 234              		.cfi_offset 14, -4
 138:USB_DEVICE/Target/usbd_conf.c ****   USBD_LL_SetupStage((USBD_HandleTypeDef*)hpcd->pData, (uint8_t *)hpcd->Setup);
ARM GAS  C:\Users\AD\AppData\Local\Temp\ccBSG7N4.s 			page 8


 235              		.loc 1 138 3 is_stmt 1 view .LVU51
 236 0002 00F29C41 		addw	r1, r0, #1180
 237 0006 D0F8E004 		ldr	r0, [r0, #1248]
 238              	.LVL14:
 239              		.loc 1 138 3 is_stmt 0 view .LVU52
 240 000a FFF7FEFF 		bl	USBD_LL_SetupStage
 241              	.LVL15:
 139:USB_DEVICE/Target/usbd_conf.c **** }
 242              		.loc 1 139 1 view .LVU53
 243 000e 08BD     		pop	{r3, pc}
 244              		.cfi_endproc
 245              	.LFE140:
 247              		.section	.text.HAL_PCD_DataOutStageCallback,"ax",%progbits
 248              		.align	1
 249              		.global	HAL_PCD_DataOutStageCallback
 250              		.syntax unified
 251              		.thumb
 252              		.thumb_func
 254              	HAL_PCD_DataOutStageCallback:
 255              	.LVL16:
 256              	.LFB141:
 140:USB_DEVICE/Target/usbd_conf.c **** 
 141:USB_DEVICE/Target/usbd_conf.c **** /**
 142:USB_DEVICE/Target/usbd_conf.c ****   * @brief  Data Out stage callback.
 143:USB_DEVICE/Target/usbd_conf.c ****   * @param  hpcd: PCD handle
 144:USB_DEVICE/Target/usbd_conf.c ****   * @param  epnum: Endpoint number
 145:USB_DEVICE/Target/usbd_conf.c ****   * @retval None
 146:USB_DEVICE/Target/usbd_conf.c ****   */
 147:USB_DEVICE/Target/usbd_conf.c **** #if (USE_HAL_PCD_REGISTER_CALLBACKS == 1U)
 148:USB_DEVICE/Target/usbd_conf.c **** static void PCD_DataOutStageCallback(PCD_HandleTypeDef *hpcd, uint8_t epnum)
 149:USB_DEVICE/Target/usbd_conf.c **** #else
 150:USB_DEVICE/Target/usbd_conf.c **** void HAL_PCD_DataOutStageCallback(PCD_HandleTypeDef *hpcd, uint8_t epnum)
 151:USB_DEVICE/Target/usbd_conf.c **** #endif /* USE_HAL_PCD_REGISTER_CALLBACKS */
 152:USB_DEVICE/Target/usbd_conf.c **** {
 257              		.loc 1 152 1 is_stmt 1 view -0
 258              		.cfi_startproc
 259              		@ args = 0, pretend = 0, frame = 0
 260              		@ frame_needed = 0, uses_anonymous_args = 0
 261              		.loc 1 152 1 is_stmt 0 view .LVU55
 262 0000 08B5     		push	{r3, lr}
 263              	.LCFI6:
 264              		.cfi_def_cfa_offset 8
 265              		.cfi_offset 3, -8
 266              		.cfi_offset 14, -4
 153:USB_DEVICE/Target/usbd_conf.c ****   USBD_LL_DataOutStage((USBD_HandleTypeDef*)hpcd->pData, epnum, hpcd->OUT_ep[epnum].xfer_buff);
 267              		.loc 1 153 3 is_stmt 1 view .LVU56
 268 0002 01EBC103 		add	r3, r1, r1, lsl #3
 269 0006 00EB8303 		add	r3, r0, r3, lsl #2
 270 000a D3F86022 		ldr	r2, [r3, #608]
 271 000e D0F8E004 		ldr	r0, [r0, #1248]
 272              	.LVL17:
 273              		.loc 1 153 3 is_stmt 0 view .LVU57
 274 0012 FFF7FEFF 		bl	USBD_LL_DataOutStage
 275              	.LVL18:
 154:USB_DEVICE/Target/usbd_conf.c **** }
 276              		.loc 1 154 1 view .LVU58
 277 0016 08BD     		pop	{r3, pc}
ARM GAS  C:\Users\AD\AppData\Local\Temp\ccBSG7N4.s 			page 9


 278              		.cfi_endproc
 279              	.LFE141:
 281              		.section	.text.HAL_PCD_DataInStageCallback,"ax",%progbits
 282              		.align	1
 283              		.global	HAL_PCD_DataInStageCallback
 284              		.syntax unified
 285              		.thumb
 286              		.thumb_func
 288              	HAL_PCD_DataInStageCallback:
 289              	.LVL19:
 290              	.LFB142:
 155:USB_DEVICE/Target/usbd_conf.c **** 
 156:USB_DEVICE/Target/usbd_conf.c **** /**
 157:USB_DEVICE/Target/usbd_conf.c ****   * @brief  Data In stage callback.
 158:USB_DEVICE/Target/usbd_conf.c ****   * @param  hpcd: PCD handle
 159:USB_DEVICE/Target/usbd_conf.c ****   * @param  epnum: Endpoint number
 160:USB_DEVICE/Target/usbd_conf.c ****   * @retval None
 161:USB_DEVICE/Target/usbd_conf.c ****   */
 162:USB_DEVICE/Target/usbd_conf.c **** #if (USE_HAL_PCD_REGISTER_CALLBACKS == 1U)
 163:USB_DEVICE/Target/usbd_conf.c **** static void PCD_DataInStageCallback(PCD_HandleTypeDef *hpcd, uint8_t epnum)
 164:USB_DEVICE/Target/usbd_conf.c **** #else
 165:USB_DEVICE/Target/usbd_conf.c **** void HAL_PCD_DataInStageCallback(PCD_HandleTypeDef *hpcd, uint8_t epnum)
 166:USB_DEVICE/Target/usbd_conf.c **** #endif /* USE_HAL_PCD_REGISTER_CALLBACKS */
 167:USB_DEVICE/Target/usbd_conf.c **** {
 291              		.loc 1 167 1 is_stmt 1 view -0
 292              		.cfi_startproc
 293              		@ args = 0, pretend = 0, frame = 0
 294              		@ frame_needed = 0, uses_anonymous_args = 0
 295              		.loc 1 167 1 is_stmt 0 view .LVU60
 296 0000 08B5     		push	{r3, lr}
 297              	.LCFI7:
 298              		.cfi_def_cfa_offset 8
 299              		.cfi_offset 3, -8
 300              		.cfi_offset 14, -4
 168:USB_DEVICE/Target/usbd_conf.c ****   USBD_LL_DataInStage((USBD_HandleTypeDef*)hpcd->pData, epnum, hpcd->IN_ep[epnum].xfer_buff);
 301              		.loc 1 168 3 is_stmt 1 view .LVU61
 302 0002 01EBC103 		add	r3, r1, r1, lsl #3
 303 0006 00EB8303 		add	r3, r0, r3, lsl #2
 304 000a 1A6A     		ldr	r2, [r3, #32]
 305 000c D0F8E004 		ldr	r0, [r0, #1248]
 306              	.LVL20:
 307              		.loc 1 168 3 is_stmt 0 view .LVU62
 308 0010 FFF7FEFF 		bl	USBD_LL_DataInStage
 309              	.LVL21:
 169:USB_DEVICE/Target/usbd_conf.c **** }
 310              		.loc 1 169 1 view .LVU63
 311 0014 08BD     		pop	{r3, pc}
 312              		.cfi_endproc
 313              	.LFE142:
 315              		.section	.text.HAL_PCD_SOFCallback,"ax",%progbits
 316              		.align	1
 317              		.global	HAL_PCD_SOFCallback
 318              		.syntax unified
 319              		.thumb
 320              		.thumb_func
 322              	HAL_PCD_SOFCallback:
 323              	.LVL22:
ARM GAS  C:\Users\AD\AppData\Local\Temp\ccBSG7N4.s 			page 10


 324              	.LFB143:
 170:USB_DEVICE/Target/usbd_conf.c **** 
 171:USB_DEVICE/Target/usbd_conf.c **** /**
 172:USB_DEVICE/Target/usbd_conf.c ****   * @brief  SOF callback.
 173:USB_DEVICE/Target/usbd_conf.c ****   * @param  hpcd: PCD handle
 174:USB_DEVICE/Target/usbd_conf.c ****   * @retval None
 175:USB_DEVICE/Target/usbd_conf.c ****   */
 176:USB_DEVICE/Target/usbd_conf.c **** #if (USE_HAL_PCD_REGISTER_CALLBACKS == 1U)
 177:USB_DEVICE/Target/usbd_conf.c **** static void PCD_SOFCallback(PCD_HandleTypeDef *hpcd)
 178:USB_DEVICE/Target/usbd_conf.c **** #else
 179:USB_DEVICE/Target/usbd_conf.c **** void HAL_PCD_SOFCallback(PCD_HandleTypeDef *hpcd)
 180:USB_DEVICE/Target/usbd_conf.c **** #endif /* USE_HAL_PCD_REGISTER_CALLBACKS */
 181:USB_DEVICE/Target/usbd_conf.c **** {
 325              		.loc 1 181 1 is_stmt 1 view -0
 326              		.cfi_startproc
 327              		@ args = 0, pretend = 0, frame = 0
 328              		@ frame_needed = 0, uses_anonymous_args = 0
 329              		.loc 1 181 1 is_stmt 0 view .LVU65
 330 0000 08B5     		push	{r3, lr}
 331              	.LCFI8:
 332              		.cfi_def_cfa_offset 8
 333              		.cfi_offset 3, -8
 334              		.cfi_offset 14, -4
 182:USB_DEVICE/Target/usbd_conf.c ****   USBD_LL_SOF((USBD_HandleTypeDef*)hpcd->pData);
 335              		.loc 1 182 3 is_stmt 1 view .LVU66
 336 0002 D0F8E004 		ldr	r0, [r0, #1248]
 337              	.LVL23:
 338              		.loc 1 182 3 is_stmt 0 view .LVU67
 339 0006 FFF7FEFF 		bl	USBD_LL_SOF
 340              	.LVL24:
 183:USB_DEVICE/Target/usbd_conf.c **** }
 341              		.loc 1 183 1 view .LVU68
 342 000a 08BD     		pop	{r3, pc}
 343              		.cfi_endproc
 344              	.LFE143:
 346              		.section	.text.HAL_PCD_ResetCallback,"ax",%progbits
 347              		.align	1
 348              		.global	HAL_PCD_ResetCallback
 349              		.syntax unified
 350              		.thumb
 351              		.thumb_func
 353              	HAL_PCD_ResetCallback:
 354              	.LVL25:
 355              	.LFB144:
 184:USB_DEVICE/Target/usbd_conf.c **** 
 185:USB_DEVICE/Target/usbd_conf.c **** /**
 186:USB_DEVICE/Target/usbd_conf.c ****   * @brief  Reset callback.
 187:USB_DEVICE/Target/usbd_conf.c ****   * @param  hpcd: PCD handle
 188:USB_DEVICE/Target/usbd_conf.c ****   * @retval None
 189:USB_DEVICE/Target/usbd_conf.c ****   */
 190:USB_DEVICE/Target/usbd_conf.c **** #if (USE_HAL_PCD_REGISTER_CALLBACKS == 1U)
 191:USB_DEVICE/Target/usbd_conf.c **** static void PCD_ResetCallback(PCD_HandleTypeDef *hpcd)
 192:USB_DEVICE/Target/usbd_conf.c **** #else
 193:USB_DEVICE/Target/usbd_conf.c **** void HAL_PCD_ResetCallback(PCD_HandleTypeDef *hpcd)
 194:USB_DEVICE/Target/usbd_conf.c **** #endif /* USE_HAL_PCD_REGISTER_CALLBACKS */
 195:USB_DEVICE/Target/usbd_conf.c **** {
 356              		.loc 1 195 1 is_stmt 1 view -0
ARM GAS  C:\Users\AD\AppData\Local\Temp\ccBSG7N4.s 			page 11


 357              		.cfi_startproc
 358              		@ args = 0, pretend = 0, frame = 0
 359              		@ frame_needed = 0, uses_anonymous_args = 0
 360              		.loc 1 195 1 is_stmt 0 view .LVU70
 361 0000 10B5     		push	{r4, lr}
 362              	.LCFI9:
 363              		.cfi_def_cfa_offset 8
 364              		.cfi_offset 4, -8
 365              		.cfi_offset 14, -4
 366 0002 0446     		mov	r4, r0
 196:USB_DEVICE/Target/usbd_conf.c ****   USBD_SpeedTypeDef speed = USBD_SPEED_FULL;
 367              		.loc 1 196 3 is_stmt 1 view .LVU71
 368              	.LVL26:
 197:USB_DEVICE/Target/usbd_conf.c **** 
 198:USB_DEVICE/Target/usbd_conf.c ****   if ( hpcd->Init.speed == PCD_SPEED_HIGH)
 369              		.loc 1 198 3 view .LVU72
 370              		.loc 1 198 18 is_stmt 0 view .LVU73
 371 0004 C179     		ldrb	r1, [r0, #7]	@ zero_extendqisi2
 372              		.loc 1 198 6 view .LVU74
 373 0006 11B1     		cbz	r1, .L22
 199:USB_DEVICE/Target/usbd_conf.c ****   {
 200:USB_DEVICE/Target/usbd_conf.c ****     speed = USBD_SPEED_HIGH;
 201:USB_DEVICE/Target/usbd_conf.c ****   }
 202:USB_DEVICE/Target/usbd_conf.c ****   else if ( hpcd->Init.speed == PCD_SPEED_FULL)
 374              		.loc 1 202 8 is_stmt 1 view .LVU75
 375              		.loc 1 202 11 is_stmt 0 view .LVU76
 376 0008 0229     		cmp	r1, #2
 377 000a 09D1     		bne	.L25
 203:USB_DEVICE/Target/usbd_conf.c ****   {
 204:USB_DEVICE/Target/usbd_conf.c ****     speed = USBD_SPEED_FULL;
 378              		.loc 1 204 11 view .LVU77
 379 000c 0121     		movs	r1, #1
 380              	.LVL27:
 381              	.L22:
 205:USB_DEVICE/Target/usbd_conf.c ****   }
 206:USB_DEVICE/Target/usbd_conf.c ****   else
 207:USB_DEVICE/Target/usbd_conf.c ****   {
 208:USB_DEVICE/Target/usbd_conf.c ****     Error_Handler();
 209:USB_DEVICE/Target/usbd_conf.c ****   }
 210:USB_DEVICE/Target/usbd_conf.c ****     /* Set Speed. */
 211:USB_DEVICE/Target/usbd_conf.c ****   USBD_LL_SetSpeed((USBD_HandleTypeDef*)hpcd->pData, speed);
 382              		.loc 1 211 3 is_stmt 1 view .LVU78
 383 000e D4F8E004 		ldr	r0, [r4, #1248]
 384 0012 FFF7FEFF 		bl	USBD_LL_SetSpeed
 385              	.LVL28:
 212:USB_DEVICE/Target/usbd_conf.c **** 
 213:USB_DEVICE/Target/usbd_conf.c ****   /* Reset Device. */
 214:USB_DEVICE/Target/usbd_conf.c ****   USBD_LL_Reset((USBD_HandleTypeDef*)hpcd->pData);
 386              		.loc 1 214 3 view .LVU79
 387 0016 D4F8E004 		ldr	r0, [r4, #1248]
 388 001a FFF7FEFF 		bl	USBD_LL_Reset
 389              	.LVL29:
 215:USB_DEVICE/Target/usbd_conf.c **** }
 390              		.loc 1 215 1 is_stmt 0 view .LVU80
 391 001e 10BD     		pop	{r4, pc}
 392              	.LVL30:
 393              	.L25:
ARM GAS  C:\Users\AD\AppData\Local\Temp\ccBSG7N4.s 			page 12


 208:USB_DEVICE/Target/usbd_conf.c ****   }
 394              		.loc 1 208 5 is_stmt 1 view .LVU81
 395 0020 FFF7FEFF 		bl	Error_Handler
 396              	.LVL31:
 196:USB_DEVICE/Target/usbd_conf.c **** 
 397              		.loc 1 196 21 is_stmt 0 view .LVU82
 398 0024 0121     		movs	r1, #1
 399 0026 F2E7     		b	.L22
 400              		.cfi_endproc
 401              	.LFE144:
 403              		.section	.text.HAL_PCD_SuspendCallback,"ax",%progbits
 404              		.align	1
 405              		.global	HAL_PCD_SuspendCallback
 406              		.syntax unified
 407              		.thumb
 408              		.thumb_func
 410              	HAL_PCD_SuspendCallback:
 411              	.LVL32:
 412              	.LFB145:
 216:USB_DEVICE/Target/usbd_conf.c **** 
 217:USB_DEVICE/Target/usbd_conf.c **** /**
 218:USB_DEVICE/Target/usbd_conf.c ****   * @brief  Suspend callback.
 219:USB_DEVICE/Target/usbd_conf.c ****   * When Low power mode is enabled the debug cannot be used (IAR, Keil doesn't support it)
 220:USB_DEVICE/Target/usbd_conf.c ****   * @param  hpcd: PCD handle
 221:USB_DEVICE/Target/usbd_conf.c ****   * @retval None
 222:USB_DEVICE/Target/usbd_conf.c ****   */
 223:USB_DEVICE/Target/usbd_conf.c **** #if (USE_HAL_PCD_REGISTER_CALLBACKS == 1U)
 224:USB_DEVICE/Target/usbd_conf.c **** static void PCD_SuspendCallback(PCD_HandleTypeDef *hpcd)
 225:USB_DEVICE/Target/usbd_conf.c **** #else
 226:USB_DEVICE/Target/usbd_conf.c **** void HAL_PCD_SuspendCallback(PCD_HandleTypeDef *hpcd)
 227:USB_DEVICE/Target/usbd_conf.c **** #endif /* USE_HAL_PCD_REGISTER_CALLBACKS */
 228:USB_DEVICE/Target/usbd_conf.c **** {
 413              		.loc 1 228 1 is_stmt 1 view -0
 414              		.cfi_startproc
 415              		@ args = 0, pretend = 0, frame = 0
 416              		@ frame_needed = 0, uses_anonymous_args = 0
 417              		.loc 1 228 1 is_stmt 0 view .LVU84
 418 0000 10B5     		push	{r4, lr}
 419              	.LCFI10:
 420              		.cfi_def_cfa_offset 8
 421              		.cfi_offset 4, -8
 422              		.cfi_offset 14, -4
 423 0002 0446     		mov	r4, r0
 229:USB_DEVICE/Target/usbd_conf.c ****   /* Inform USB library that core enters in suspend Mode. */
 230:USB_DEVICE/Target/usbd_conf.c ****   USBD_LL_Suspend((USBD_HandleTypeDef*)hpcd->pData);
 424              		.loc 1 230 3 is_stmt 1 view .LVU85
 425 0004 D0F8E004 		ldr	r0, [r0, #1248]
 426              	.LVL33:
 427              		.loc 1 230 3 is_stmt 0 view .LVU86
 428 0008 FFF7FEFF 		bl	USBD_LL_Suspend
 429              	.LVL34:
 231:USB_DEVICE/Target/usbd_conf.c ****   __HAL_PCD_GATE_PHYCLOCK(hpcd);
 430              		.loc 1 231 3 is_stmt 1 view .LVU87
 431 000c 2268     		ldr	r2, [r4]
 432 000e D2F8003E 		ldr	r3, [r2, #3584]
 433 0012 43F00103 		orr	r3, r3, #1
 434 0016 C2F8003E 		str	r3, [r2, #3584]
ARM GAS  C:\Users\AD\AppData\Local\Temp\ccBSG7N4.s 			page 13


 232:USB_DEVICE/Target/usbd_conf.c ****   /* Enter in STOP mode. */
 233:USB_DEVICE/Target/usbd_conf.c ****   /* USER CODE BEGIN 2 */
 234:USB_DEVICE/Target/usbd_conf.c ****   if (hpcd->Init.low_power_enable)
 435              		.loc 1 234 3 view .LVU88
 436              		.loc 1 234 17 is_stmt 0 view .LVU89
 437 001a E37A     		ldrb	r3, [r4, #11]	@ zero_extendqisi2
 438              		.loc 1 234 6 view .LVU90
 439 001c 23B1     		cbz	r3, .L26
 235:USB_DEVICE/Target/usbd_conf.c ****   {
 236:USB_DEVICE/Target/usbd_conf.c ****     /* Set SLEEPDEEP bit and SleepOnExit of Cortex System Control Register. */
 237:USB_DEVICE/Target/usbd_conf.c ****     SCB->SCR |= (uint32_t)((uint32_t)(SCB_SCR_SLEEPDEEP_Msk | SCB_SCR_SLEEPONEXIT_Msk));
 440              		.loc 1 237 5 is_stmt 1 view .LVU91
 441              		.loc 1 237 8 is_stmt 0 view .LVU92
 442 001e 034A     		ldr	r2, .L29
 443 0020 1369     		ldr	r3, [r2, #16]
 444              		.loc 1 237 14 view .LVU93
 445 0022 43F00603 		orr	r3, r3, #6
 446 0026 1361     		str	r3, [r2, #16]
 447              	.L26:
 238:USB_DEVICE/Target/usbd_conf.c ****   }
 239:USB_DEVICE/Target/usbd_conf.c ****   /* USER CODE END 2 */
 240:USB_DEVICE/Target/usbd_conf.c **** }
 448              		.loc 1 240 1 view .LVU94
 449 0028 10BD     		pop	{r4, pc}
 450              	.LVL35:
 451              	.L30:
 452              		.loc 1 240 1 view .LVU95
 453 002a 00BF     		.align	2
 454              	.L29:
 455 002c 00ED00E0 		.word	-536810240
 456              		.cfi_endproc
 457              	.LFE145:
 459              		.section	.text.HAL_PCD_ResumeCallback,"ax",%progbits
 460              		.align	1
 461              		.global	HAL_PCD_ResumeCallback
 462              		.syntax unified
 463              		.thumb
 464              		.thumb_func
 466              	HAL_PCD_ResumeCallback:
 467              	.LVL36:
 468              	.LFB146:
 241:USB_DEVICE/Target/usbd_conf.c **** 
 242:USB_DEVICE/Target/usbd_conf.c **** /**
 243:USB_DEVICE/Target/usbd_conf.c ****   * @brief  Resume callback.
 244:USB_DEVICE/Target/usbd_conf.c ****   * When Low power mode is enabled the debug cannot be used (IAR, Keil doesn't support it)
 245:USB_DEVICE/Target/usbd_conf.c ****   * @param  hpcd: PCD handle
 246:USB_DEVICE/Target/usbd_conf.c ****   * @retval None
 247:USB_DEVICE/Target/usbd_conf.c ****   */
 248:USB_DEVICE/Target/usbd_conf.c **** #if (USE_HAL_PCD_REGISTER_CALLBACKS == 1U)
 249:USB_DEVICE/Target/usbd_conf.c **** static void PCD_ResumeCallback(PCD_HandleTypeDef *hpcd)
 250:USB_DEVICE/Target/usbd_conf.c **** #else
 251:USB_DEVICE/Target/usbd_conf.c **** void HAL_PCD_ResumeCallback(PCD_HandleTypeDef *hpcd)
 252:USB_DEVICE/Target/usbd_conf.c **** #endif /* USE_HAL_PCD_REGISTER_CALLBACKS */
 253:USB_DEVICE/Target/usbd_conf.c **** {
 469              		.loc 1 253 1 is_stmt 1 view -0
 470              		.cfi_startproc
 471              		@ args = 0, pretend = 0, frame = 0
ARM GAS  C:\Users\AD\AppData\Local\Temp\ccBSG7N4.s 			page 14


 472              		@ frame_needed = 0, uses_anonymous_args = 0
 473              		.loc 1 253 1 is_stmt 0 view .LVU97
 474 0000 08B5     		push	{r3, lr}
 475              	.LCFI11:
 476              		.cfi_def_cfa_offset 8
 477              		.cfi_offset 3, -8
 478              		.cfi_offset 14, -4
 254:USB_DEVICE/Target/usbd_conf.c ****   /* USER CODE BEGIN 3 */
 255:USB_DEVICE/Target/usbd_conf.c **** 
 256:USB_DEVICE/Target/usbd_conf.c ****   /* USER CODE END 3 */
 257:USB_DEVICE/Target/usbd_conf.c ****   USBD_LL_Resume((USBD_HandleTypeDef*)hpcd->pData);
 479              		.loc 1 257 3 is_stmt 1 view .LVU98
 480 0002 D0F8E004 		ldr	r0, [r0, #1248]
 481              	.LVL37:
 482              		.loc 1 257 3 is_stmt 0 view .LVU99
 483 0006 FFF7FEFF 		bl	USBD_LL_Resume
 484              	.LVL38:
 258:USB_DEVICE/Target/usbd_conf.c **** }
 485              		.loc 1 258 1 view .LVU100
 486 000a 08BD     		pop	{r3, pc}
 487              		.cfi_endproc
 488              	.LFE146:
 490              		.section	.text.HAL_PCD_ISOOUTIncompleteCallback,"ax",%progbits
 491              		.align	1
 492              		.global	HAL_PCD_ISOOUTIncompleteCallback
 493              		.syntax unified
 494              		.thumb
 495              		.thumb_func
 497              	HAL_PCD_ISOOUTIncompleteCallback:
 498              	.LVL39:
 499              	.LFB147:
 259:USB_DEVICE/Target/usbd_conf.c **** 
 260:USB_DEVICE/Target/usbd_conf.c **** /**
 261:USB_DEVICE/Target/usbd_conf.c ****   * @brief  ISOOUTIncomplete callback.
 262:USB_DEVICE/Target/usbd_conf.c ****   * @param  hpcd: PCD handle
 263:USB_DEVICE/Target/usbd_conf.c ****   * @param  epnum: Endpoint number
 264:USB_DEVICE/Target/usbd_conf.c ****   * @retval None
 265:USB_DEVICE/Target/usbd_conf.c ****   */
 266:USB_DEVICE/Target/usbd_conf.c **** #if (USE_HAL_PCD_REGISTER_CALLBACKS == 1U)
 267:USB_DEVICE/Target/usbd_conf.c **** static void PCD_ISOOUTIncompleteCallback(PCD_HandleTypeDef *hpcd, uint8_t epnum)
 268:USB_DEVICE/Target/usbd_conf.c **** #else
 269:USB_DEVICE/Target/usbd_conf.c **** void HAL_PCD_ISOOUTIncompleteCallback(PCD_HandleTypeDef *hpcd, uint8_t epnum)
 270:USB_DEVICE/Target/usbd_conf.c **** #endif /* USE_HAL_PCD_REGISTER_CALLBACKS */
 271:USB_DEVICE/Target/usbd_conf.c **** {
 500              		.loc 1 271 1 is_stmt 1 view -0
 501              		.cfi_startproc
 502              		@ args = 0, pretend = 0, frame = 0
 503              		@ frame_needed = 0, uses_anonymous_args = 0
 504              		.loc 1 271 1 is_stmt 0 view .LVU102
 505 0000 08B5     		push	{r3, lr}
 506              	.LCFI12:
 507              		.cfi_def_cfa_offset 8
 508              		.cfi_offset 3, -8
 509              		.cfi_offset 14, -4
 272:USB_DEVICE/Target/usbd_conf.c ****   USBD_LL_IsoOUTIncomplete((USBD_HandleTypeDef*)hpcd->pData, epnum);
 510              		.loc 1 272 3 is_stmt 1 view .LVU103
 511 0002 D0F8E004 		ldr	r0, [r0, #1248]
ARM GAS  C:\Users\AD\AppData\Local\Temp\ccBSG7N4.s 			page 15


 512              	.LVL40:
 513              		.loc 1 272 3 is_stmt 0 view .LVU104
 514 0006 FFF7FEFF 		bl	USBD_LL_IsoOUTIncomplete
 515              	.LVL41:
 273:USB_DEVICE/Target/usbd_conf.c **** }
 516              		.loc 1 273 1 view .LVU105
 517 000a 08BD     		pop	{r3, pc}
 518              		.cfi_endproc
 519              	.LFE147:
 521              		.section	.text.HAL_PCD_ISOINIncompleteCallback,"ax",%progbits
 522              		.align	1
 523              		.global	HAL_PCD_ISOINIncompleteCallback
 524              		.syntax unified
 525              		.thumb
 526              		.thumb_func
 528              	HAL_PCD_ISOINIncompleteCallback:
 529              	.LVL42:
 530              	.LFB148:
 274:USB_DEVICE/Target/usbd_conf.c **** 
 275:USB_DEVICE/Target/usbd_conf.c **** /**
 276:USB_DEVICE/Target/usbd_conf.c ****   * @brief  ISOINIncomplete callback.
 277:USB_DEVICE/Target/usbd_conf.c ****   * @param  hpcd: PCD handle
 278:USB_DEVICE/Target/usbd_conf.c ****   * @param  epnum: Endpoint number
 279:USB_DEVICE/Target/usbd_conf.c ****   * @retval None
 280:USB_DEVICE/Target/usbd_conf.c ****   */
 281:USB_DEVICE/Target/usbd_conf.c **** #if (USE_HAL_PCD_REGISTER_CALLBACKS == 1U)
 282:USB_DEVICE/Target/usbd_conf.c **** static void PCD_ISOINIncompleteCallback(PCD_HandleTypeDef *hpcd, uint8_t epnum)
 283:USB_DEVICE/Target/usbd_conf.c **** #else
 284:USB_DEVICE/Target/usbd_conf.c **** void HAL_PCD_ISOINIncompleteCallback(PCD_HandleTypeDef *hpcd, uint8_t epnum)
 285:USB_DEVICE/Target/usbd_conf.c **** #endif /* USE_HAL_PCD_REGISTER_CALLBACKS */
 286:USB_DEVICE/Target/usbd_conf.c **** {
 531              		.loc 1 286 1 is_stmt 1 view -0
 532              		.cfi_startproc
 533              		@ args = 0, pretend = 0, frame = 0
 534              		@ frame_needed = 0, uses_anonymous_args = 0
 535              		.loc 1 286 1 is_stmt 0 view .LVU107
 536 0000 08B5     		push	{r3, lr}
 537              	.LCFI13:
 538              		.cfi_def_cfa_offset 8
 539              		.cfi_offset 3, -8
 540              		.cfi_offset 14, -4
 287:USB_DEVICE/Target/usbd_conf.c ****   USBD_LL_IsoINIncomplete((USBD_HandleTypeDef*)hpcd->pData, epnum);
 541              		.loc 1 287 3 is_stmt 1 view .LVU108
 542 0002 D0F8E004 		ldr	r0, [r0, #1248]
 543              	.LVL43:
 544              		.loc 1 287 3 is_stmt 0 view .LVU109
 545 0006 FFF7FEFF 		bl	USBD_LL_IsoINIncomplete
 546              	.LVL44:
 288:USB_DEVICE/Target/usbd_conf.c **** }
 547              		.loc 1 288 1 view .LVU110
 548 000a 08BD     		pop	{r3, pc}
 549              		.cfi_endproc
 550              	.LFE148:
 552              		.section	.text.HAL_PCD_ConnectCallback,"ax",%progbits
 553              		.align	1
 554              		.global	HAL_PCD_ConnectCallback
 555              		.syntax unified
ARM GAS  C:\Users\AD\AppData\Local\Temp\ccBSG7N4.s 			page 16


 556              		.thumb
 557              		.thumb_func
 559              	HAL_PCD_ConnectCallback:
 560              	.LVL45:
 561              	.LFB149:
 289:USB_DEVICE/Target/usbd_conf.c **** 
 290:USB_DEVICE/Target/usbd_conf.c **** /**
 291:USB_DEVICE/Target/usbd_conf.c ****   * @brief  Connect callback.
 292:USB_DEVICE/Target/usbd_conf.c ****   * @param  hpcd: PCD handle
 293:USB_DEVICE/Target/usbd_conf.c ****   * @retval None
 294:USB_DEVICE/Target/usbd_conf.c ****   */
 295:USB_DEVICE/Target/usbd_conf.c **** #if (USE_HAL_PCD_REGISTER_CALLBACKS == 1U)
 296:USB_DEVICE/Target/usbd_conf.c **** static void PCD_ConnectCallback(PCD_HandleTypeDef *hpcd)
 297:USB_DEVICE/Target/usbd_conf.c **** #else
 298:USB_DEVICE/Target/usbd_conf.c **** void HAL_PCD_ConnectCallback(PCD_HandleTypeDef *hpcd)
 299:USB_DEVICE/Target/usbd_conf.c **** #endif /* USE_HAL_PCD_REGISTER_CALLBACKS */
 300:USB_DEVICE/Target/usbd_conf.c **** {
 562              		.loc 1 300 1 is_stmt 1 view -0
 563              		.cfi_startproc
 564              		@ args = 0, pretend = 0, frame = 0
 565              		@ frame_needed = 0, uses_anonymous_args = 0
 566              		.loc 1 300 1 is_stmt 0 view .LVU112
 567 0000 08B5     		push	{r3, lr}
 568              	.LCFI14:
 569              		.cfi_def_cfa_offset 8
 570              		.cfi_offset 3, -8
 571              		.cfi_offset 14, -4
 301:USB_DEVICE/Target/usbd_conf.c ****   USBD_LL_DevConnected((USBD_HandleTypeDef*)hpcd->pData);
 572              		.loc 1 301 3 is_stmt 1 view .LVU113
 573 0002 D0F8E004 		ldr	r0, [r0, #1248]
 574              	.LVL46:
 575              		.loc 1 301 3 is_stmt 0 view .LVU114
 576 0006 FFF7FEFF 		bl	USBD_LL_DevConnected
 577              	.LVL47:
 302:USB_DEVICE/Target/usbd_conf.c **** }
 578              		.loc 1 302 1 view .LVU115
 579 000a 08BD     		pop	{r3, pc}
 580              		.cfi_endproc
 581              	.LFE149:
 583              		.section	.text.HAL_PCD_DisconnectCallback,"ax",%progbits
 584              		.align	1
 585              		.global	HAL_PCD_DisconnectCallback
 586              		.syntax unified
 587              		.thumb
 588              		.thumb_func
 590              	HAL_PCD_DisconnectCallback:
 591              	.LVL48:
 592              	.LFB150:
 303:USB_DEVICE/Target/usbd_conf.c **** 
 304:USB_DEVICE/Target/usbd_conf.c **** /**
 305:USB_DEVICE/Target/usbd_conf.c ****   * @brief  Disconnect callback.
 306:USB_DEVICE/Target/usbd_conf.c ****   * @param  hpcd: PCD handle
 307:USB_DEVICE/Target/usbd_conf.c ****   * @retval None
 308:USB_DEVICE/Target/usbd_conf.c ****   */
 309:USB_DEVICE/Target/usbd_conf.c **** #if (USE_HAL_PCD_REGISTER_CALLBACKS == 1U)
 310:USB_DEVICE/Target/usbd_conf.c **** static void PCD_DisconnectCallback(PCD_HandleTypeDef *hpcd)
 311:USB_DEVICE/Target/usbd_conf.c **** #else
ARM GAS  C:\Users\AD\AppData\Local\Temp\ccBSG7N4.s 			page 17


 312:USB_DEVICE/Target/usbd_conf.c **** void HAL_PCD_DisconnectCallback(PCD_HandleTypeDef *hpcd)
 313:USB_DEVICE/Target/usbd_conf.c **** #endif /* USE_HAL_PCD_REGISTER_CALLBACKS */
 314:USB_DEVICE/Target/usbd_conf.c **** {
 593              		.loc 1 314 1 is_stmt 1 view -0
 594              		.cfi_startproc
 595              		@ args = 0, pretend = 0, frame = 0
 596              		@ frame_needed = 0, uses_anonymous_args = 0
 597              		.loc 1 314 1 is_stmt 0 view .LVU117
 598 0000 08B5     		push	{r3, lr}
 599              	.LCFI15:
 600              		.cfi_def_cfa_offset 8
 601              		.cfi_offset 3, -8
 602              		.cfi_offset 14, -4
 315:USB_DEVICE/Target/usbd_conf.c ****   USBD_LL_DevDisconnected((USBD_HandleTypeDef*)hpcd->pData);
 603              		.loc 1 315 3 is_stmt 1 view .LVU118
 604 0002 D0F8E004 		ldr	r0, [r0, #1248]
 605              	.LVL49:
 606              		.loc 1 315 3 is_stmt 0 view .LVU119
 607 0006 FFF7FEFF 		bl	USBD_LL_DevDisconnected
 608              	.LVL50:
 316:USB_DEVICE/Target/usbd_conf.c **** }
 609              		.loc 1 316 1 view .LVU120
 610 000a 08BD     		pop	{r3, pc}
 611              		.cfi_endproc
 612              	.LFE150:
 614              		.section	.text.USBD_LL_Init,"ax",%progbits
 615              		.align	1
 616              		.global	USBD_LL_Init
 617              		.syntax unified
 618              		.thumb
 619              		.thumb_func
 621              	USBD_LL_Init:
 622              	.LVL51:
 623              	.LFB151:
 317:USB_DEVICE/Target/usbd_conf.c **** 
 318:USB_DEVICE/Target/usbd_conf.c **** /*******************************************************************************
 319:USB_DEVICE/Target/usbd_conf.c ****                        LL Driver Interface (USB Device Library --> PCD)
 320:USB_DEVICE/Target/usbd_conf.c **** *******************************************************************************/
 321:USB_DEVICE/Target/usbd_conf.c **** 
 322:USB_DEVICE/Target/usbd_conf.c **** /**
 323:USB_DEVICE/Target/usbd_conf.c ****   * @brief  Initializes the low level portion of the device driver.
 324:USB_DEVICE/Target/usbd_conf.c ****   * @param  pdev: Device handle
 325:USB_DEVICE/Target/usbd_conf.c ****   * @retval USBD status
 326:USB_DEVICE/Target/usbd_conf.c ****   */
 327:USB_DEVICE/Target/usbd_conf.c **** USBD_StatusTypeDef USBD_LL_Init(USBD_HandleTypeDef *pdev)
 328:USB_DEVICE/Target/usbd_conf.c **** {
 624              		.loc 1 328 1 is_stmt 1 view -0
 625              		.cfi_startproc
 626              		@ args = 0, pretend = 0, frame = 0
 627              		@ frame_needed = 0, uses_anonymous_args = 0
 329:USB_DEVICE/Target/usbd_conf.c ****   /* Init USB Ip. */
 330:USB_DEVICE/Target/usbd_conf.c ****   if (pdev->id == DEVICE_FS) {
 628              		.loc 1 330 3 view .LVU122
 629              		.loc 1 330 11 is_stmt 0 view .LVU123
 630 0000 0278     		ldrb	r2, [r0]	@ zero_extendqisi2
 631              		.loc 1 330 6 view .LVU124
 632 0002 0AB1     		cbz	r2, .L48
ARM GAS  C:\Users\AD\AppData\Local\Temp\ccBSG7N4.s 			page 18


 331:USB_DEVICE/Target/usbd_conf.c ****   /* Link the driver to the stack. */
 332:USB_DEVICE/Target/usbd_conf.c ****   hpcd_USB_OTG_FS.pData = pdev;
 333:USB_DEVICE/Target/usbd_conf.c ****   pdev->pData = &hpcd_USB_OTG_FS;
 334:USB_DEVICE/Target/usbd_conf.c **** 
 335:USB_DEVICE/Target/usbd_conf.c ****   hpcd_USB_OTG_FS.Instance = USB_OTG_FS;
 336:USB_DEVICE/Target/usbd_conf.c ****   hpcd_USB_OTG_FS.Init.dev_endpoints = 4;
 337:USB_DEVICE/Target/usbd_conf.c ****   hpcd_USB_OTG_FS.Init.speed = PCD_SPEED_FULL;
 338:USB_DEVICE/Target/usbd_conf.c ****   hpcd_USB_OTG_FS.Init.dma_enable = DISABLE;
 339:USB_DEVICE/Target/usbd_conf.c ****   hpcd_USB_OTG_FS.Init.phy_itface = PCD_PHY_EMBEDDED;
 340:USB_DEVICE/Target/usbd_conf.c ****   hpcd_USB_OTG_FS.Init.Sof_enable = DISABLE;
 341:USB_DEVICE/Target/usbd_conf.c ****   hpcd_USB_OTG_FS.Init.low_power_enable = DISABLE;
 342:USB_DEVICE/Target/usbd_conf.c ****   hpcd_USB_OTG_FS.Init.lpm_enable = DISABLE;
 343:USB_DEVICE/Target/usbd_conf.c ****   hpcd_USB_OTG_FS.Init.vbus_sensing_enable = DISABLE;
 344:USB_DEVICE/Target/usbd_conf.c ****   hpcd_USB_OTG_FS.Init.use_dedicated_ep1 = DISABLE;
 345:USB_DEVICE/Target/usbd_conf.c ****   if (HAL_PCD_Init(&hpcd_USB_OTG_FS) != HAL_OK)
 346:USB_DEVICE/Target/usbd_conf.c ****   {
 347:USB_DEVICE/Target/usbd_conf.c ****     Error_Handler( );
 348:USB_DEVICE/Target/usbd_conf.c ****   }
 349:USB_DEVICE/Target/usbd_conf.c **** 
 350:USB_DEVICE/Target/usbd_conf.c **** #if (USE_HAL_PCD_REGISTER_CALLBACKS == 1U)
 351:USB_DEVICE/Target/usbd_conf.c ****   /* Register USB PCD CallBacks */
 352:USB_DEVICE/Target/usbd_conf.c ****   HAL_PCD_RegisterCallback(&hpcd_USB_OTG_FS, HAL_PCD_SOF_CB_ID, PCD_SOFCallback);
 353:USB_DEVICE/Target/usbd_conf.c ****   HAL_PCD_RegisterCallback(&hpcd_USB_OTG_FS, HAL_PCD_SETUPSTAGE_CB_ID, PCD_SetupStageCallback);
 354:USB_DEVICE/Target/usbd_conf.c ****   HAL_PCD_RegisterCallback(&hpcd_USB_OTG_FS, HAL_PCD_RESET_CB_ID, PCD_ResetCallback);
 355:USB_DEVICE/Target/usbd_conf.c ****   HAL_PCD_RegisterCallback(&hpcd_USB_OTG_FS, HAL_PCD_SUSPEND_CB_ID, PCD_SuspendCallback);
 356:USB_DEVICE/Target/usbd_conf.c ****   HAL_PCD_RegisterCallback(&hpcd_USB_OTG_FS, HAL_PCD_RESUME_CB_ID, PCD_ResumeCallback);
 357:USB_DEVICE/Target/usbd_conf.c ****   HAL_PCD_RegisterCallback(&hpcd_USB_OTG_FS, HAL_PCD_CONNECT_CB_ID, PCD_ConnectCallback);
 358:USB_DEVICE/Target/usbd_conf.c ****   HAL_PCD_RegisterCallback(&hpcd_USB_OTG_FS, HAL_PCD_DISCONNECT_CB_ID, PCD_DisconnectCallback);
 359:USB_DEVICE/Target/usbd_conf.c **** 
 360:USB_DEVICE/Target/usbd_conf.c ****   HAL_PCD_RegisterDataOutStageCallback(&hpcd_USB_OTG_FS, PCD_DataOutStageCallback);
 361:USB_DEVICE/Target/usbd_conf.c ****   HAL_PCD_RegisterDataInStageCallback(&hpcd_USB_OTG_FS, PCD_DataInStageCallback);
 362:USB_DEVICE/Target/usbd_conf.c ****   HAL_PCD_RegisterIsoOutIncpltCallback(&hpcd_USB_OTG_FS, PCD_ISOOUTIncompleteCallback);
 363:USB_DEVICE/Target/usbd_conf.c ****   HAL_PCD_RegisterIsoInIncpltCallback(&hpcd_USB_OTG_FS, PCD_ISOINIncompleteCallback);
 364:USB_DEVICE/Target/usbd_conf.c **** #endif /* USE_HAL_PCD_REGISTER_CALLBACKS */
 365:USB_DEVICE/Target/usbd_conf.c ****   HAL_PCDEx_SetRxFiFo(&hpcd_USB_OTG_FS, 0x80);
 366:USB_DEVICE/Target/usbd_conf.c ****   HAL_PCDEx_SetTxFiFo(&hpcd_USB_OTG_FS, 0, 0x40);
 367:USB_DEVICE/Target/usbd_conf.c ****   HAL_PCDEx_SetTxFiFo(&hpcd_USB_OTG_FS, 1, 0x80);
 368:USB_DEVICE/Target/usbd_conf.c ****   }
 369:USB_DEVICE/Target/usbd_conf.c ****   return USBD_OK;
 633              		.loc 1 369 3 is_stmt 1 view .LVU125
 370:USB_DEVICE/Target/usbd_conf.c **** }
 634              		.loc 1 370 1 is_stmt 0 view .LVU126
 635 0004 0020     		movs	r0, #0
 636              	.LVL52:
 637              		.loc 1 370 1 view .LVU127
 638 0006 7047     		bx	lr
 639              	.LVL53:
 640              	.L48:
 328:USB_DEVICE/Target/usbd_conf.c ****   /* Init USB Ip. */
 641              		.loc 1 328 1 view .LVU128
 642 0008 10B5     		push	{r4, lr}
 643              	.LCFI16:
 644              		.cfi_def_cfa_offset 8
 645              		.cfi_offset 4, -8
 646              		.cfi_offset 14, -4
 647 000a 0346     		mov	r3, r0
 332:USB_DEVICE/Target/usbd_conf.c ****   pdev->pData = &hpcd_USB_OTG_FS;
ARM GAS  C:\Users\AD\AppData\Local\Temp\ccBSG7N4.s 			page 19


 648              		.loc 1 332 3 is_stmt 1 view .LVU129
 332:USB_DEVICE/Target/usbd_conf.c ****   pdev->pData = &hpcd_USB_OTG_FS;
 649              		.loc 1 332 25 is_stmt 0 view .LVU130
 650 000c 1548     		ldr	r0, .L50
 651              	.LVL54:
 332:USB_DEVICE/Target/usbd_conf.c ****   pdev->pData = &hpcd_USB_OTG_FS;
 652              		.loc 1 332 25 view .LVU131
 653 000e C0F8E034 		str	r3, [r0, #1248]
 333:USB_DEVICE/Target/usbd_conf.c **** 
 654              		.loc 1 333 3 is_stmt 1 view .LVU132
 333:USB_DEVICE/Target/usbd_conf.c **** 
 655              		.loc 1 333 15 is_stmt 0 view .LVU133
 656 0012 C3F8C802 		str	r0, [r3, #712]
 335:USB_DEVICE/Target/usbd_conf.c ****   hpcd_USB_OTG_FS.Init.dev_endpoints = 4;
 657              		.loc 1 335 3 is_stmt 1 view .LVU134
 335:USB_DEVICE/Target/usbd_conf.c ****   hpcd_USB_OTG_FS.Init.dev_endpoints = 4;
 658              		.loc 1 335 28 is_stmt 0 view .LVU135
 659 0016 4FF0A043 		mov	r3, #1342177280
 660              	.LVL55:
 335:USB_DEVICE/Target/usbd_conf.c ****   hpcd_USB_OTG_FS.Init.dev_endpoints = 4;
 661              		.loc 1 335 28 view .LVU136
 662 001a 0360     		str	r3, [r0]
 336:USB_DEVICE/Target/usbd_conf.c ****   hpcd_USB_OTG_FS.Init.speed = PCD_SPEED_FULL;
 663              		.loc 1 336 3 is_stmt 1 view .LVU137
 336:USB_DEVICE/Target/usbd_conf.c ****   hpcd_USB_OTG_FS.Init.speed = PCD_SPEED_FULL;
 664              		.loc 1 336 38 is_stmt 0 view .LVU138
 665 001c 0423     		movs	r3, #4
 666 001e 0371     		strb	r3, [r0, #4]
 337:USB_DEVICE/Target/usbd_conf.c ****   hpcd_USB_OTG_FS.Init.dma_enable = DISABLE;
 667              		.loc 1 337 3 is_stmt 1 view .LVU139
 337:USB_DEVICE/Target/usbd_conf.c ****   hpcd_USB_OTG_FS.Init.dma_enable = DISABLE;
 668              		.loc 1 337 30 is_stmt 0 view .LVU140
 669 0020 0222     		movs	r2, #2
 670 0022 C271     		strb	r2, [r0, #7]
 338:USB_DEVICE/Target/usbd_conf.c ****   hpcd_USB_OTG_FS.Init.phy_itface = PCD_PHY_EMBEDDED;
 671              		.loc 1 338 3 is_stmt 1 view .LVU141
 338:USB_DEVICE/Target/usbd_conf.c ****   hpcd_USB_OTG_FS.Init.phy_itface = PCD_PHY_EMBEDDED;
 672              		.loc 1 338 35 is_stmt 0 view .LVU142
 673 0024 0023     		movs	r3, #0
 674 0026 8371     		strb	r3, [r0, #6]
 339:USB_DEVICE/Target/usbd_conf.c ****   hpcd_USB_OTG_FS.Init.Sof_enable = DISABLE;
 675              		.loc 1 339 3 is_stmt 1 view .LVU143
 339:USB_DEVICE/Target/usbd_conf.c ****   hpcd_USB_OTG_FS.Init.Sof_enable = DISABLE;
 676              		.loc 1 339 35 is_stmt 0 view .LVU144
 677 0028 4272     		strb	r2, [r0, #9]
 340:USB_DEVICE/Target/usbd_conf.c ****   hpcd_USB_OTG_FS.Init.low_power_enable = DISABLE;
 678              		.loc 1 340 3 is_stmt 1 view .LVU145
 340:USB_DEVICE/Target/usbd_conf.c ****   hpcd_USB_OTG_FS.Init.low_power_enable = DISABLE;
 679              		.loc 1 340 35 is_stmt 0 view .LVU146
 680 002a 8372     		strb	r3, [r0, #10]
 341:USB_DEVICE/Target/usbd_conf.c ****   hpcd_USB_OTG_FS.Init.lpm_enable = DISABLE;
 681              		.loc 1 341 3 is_stmt 1 view .LVU147
 341:USB_DEVICE/Target/usbd_conf.c ****   hpcd_USB_OTG_FS.Init.lpm_enable = DISABLE;
 682              		.loc 1 341 41 is_stmt 0 view .LVU148
 683 002c C372     		strb	r3, [r0, #11]
 342:USB_DEVICE/Target/usbd_conf.c ****   hpcd_USB_OTG_FS.Init.vbus_sensing_enable = DISABLE;
 684              		.loc 1 342 3 is_stmt 1 view .LVU149
ARM GAS  C:\Users\AD\AppData\Local\Temp\ccBSG7N4.s 			page 20


 342:USB_DEVICE/Target/usbd_conf.c ****   hpcd_USB_OTG_FS.Init.vbus_sensing_enable = DISABLE;
 685              		.loc 1 342 35 is_stmt 0 view .LVU150
 686 002e 0373     		strb	r3, [r0, #12]
 343:USB_DEVICE/Target/usbd_conf.c ****   hpcd_USB_OTG_FS.Init.use_dedicated_ep1 = DISABLE;
 687              		.loc 1 343 3 is_stmt 1 view .LVU151
 343:USB_DEVICE/Target/usbd_conf.c ****   hpcd_USB_OTG_FS.Init.use_dedicated_ep1 = DISABLE;
 688              		.loc 1 343 44 is_stmt 0 view .LVU152
 689 0030 8373     		strb	r3, [r0, #14]
 344:USB_DEVICE/Target/usbd_conf.c ****   if (HAL_PCD_Init(&hpcd_USB_OTG_FS) != HAL_OK)
 690              		.loc 1 344 3 is_stmt 1 view .LVU153
 344:USB_DEVICE/Target/usbd_conf.c ****   if (HAL_PCD_Init(&hpcd_USB_OTG_FS) != HAL_OK)
 691              		.loc 1 344 42 is_stmt 0 view .LVU154
 692 0032 C373     		strb	r3, [r0, #15]
 345:USB_DEVICE/Target/usbd_conf.c ****   {
 693              		.loc 1 345 3 is_stmt 1 view .LVU155
 345:USB_DEVICE/Target/usbd_conf.c ****   {
 694              		.loc 1 345 7 is_stmt 0 view .LVU156
 695 0034 FFF7FEFF 		bl	HAL_PCD_Init
 696              	.LVL56:
 345:USB_DEVICE/Target/usbd_conf.c ****   {
 697              		.loc 1 345 6 discriminator 1 view .LVU157
 698 0038 80B9     		cbnz	r0, .L49
 699              	.L43:
 365:USB_DEVICE/Target/usbd_conf.c ****   HAL_PCDEx_SetTxFiFo(&hpcd_USB_OTG_FS, 0, 0x40);
 700              		.loc 1 365 3 is_stmt 1 view .LVU158
 701 003a 0A4C     		ldr	r4, .L50
 702 003c 8021     		movs	r1, #128
 703 003e 2046     		mov	r0, r4
 704 0040 FFF7FEFF 		bl	HAL_PCDEx_SetRxFiFo
 705              	.LVL57:
 366:USB_DEVICE/Target/usbd_conf.c ****   HAL_PCDEx_SetTxFiFo(&hpcd_USB_OTG_FS, 1, 0x80);
 706              		.loc 1 366 3 view .LVU159
 707 0044 4022     		movs	r2, #64
 708 0046 0021     		movs	r1, #0
 709 0048 2046     		mov	r0, r4
 710 004a FFF7FEFF 		bl	HAL_PCDEx_SetTxFiFo
 711              	.LVL58:
 367:USB_DEVICE/Target/usbd_conf.c ****   }
 712              		.loc 1 367 3 view .LVU160
 713 004e 8022     		movs	r2, #128
 714 0050 0121     		movs	r1, #1
 715 0052 2046     		mov	r0, r4
 716 0054 FFF7FEFF 		bl	HAL_PCDEx_SetTxFiFo
 717              	.LVL59:
 369:USB_DEVICE/Target/usbd_conf.c **** }
 718              		.loc 1 369 3 view .LVU161
 719              		.loc 1 370 1 is_stmt 0 view .LVU162
 720 0058 0020     		movs	r0, #0
 721 005a 10BD     		pop	{r4, pc}
 722              	.L49:
 347:USB_DEVICE/Target/usbd_conf.c ****   }
 723              		.loc 1 347 5 is_stmt 1 view .LVU163
 724 005c FFF7FEFF 		bl	Error_Handler
 725              	.LVL60:
 726 0060 EBE7     		b	.L43
 727              	.L51:
 728 0062 00BF     		.align	2
ARM GAS  C:\Users\AD\AppData\Local\Temp\ccBSG7N4.s 			page 21


 729              	.L50:
 730 0064 00000000 		.word	hpcd_USB_OTG_FS
 731              		.cfi_endproc
 732              	.LFE151:
 734              		.section	.text.USBD_LL_IsStallEP,"ax",%progbits
 735              		.align	1
 736              		.global	USBD_LL_IsStallEP
 737              		.syntax unified
 738              		.thumb
 739              		.thumb_func
 741              	USBD_LL_IsStallEP:
 742              	.LVL61:
 743              	.LFB160:
 371:USB_DEVICE/Target/usbd_conf.c **** 
 372:USB_DEVICE/Target/usbd_conf.c **** /**
 373:USB_DEVICE/Target/usbd_conf.c ****   * @brief  De-Initializes the low level portion of the device driver.
 374:USB_DEVICE/Target/usbd_conf.c ****   * @param  pdev: Device handle
 375:USB_DEVICE/Target/usbd_conf.c ****   * @retval USBD status
 376:USB_DEVICE/Target/usbd_conf.c ****   */
 377:USB_DEVICE/Target/usbd_conf.c **** USBD_StatusTypeDef USBD_LL_DeInit(USBD_HandleTypeDef *pdev)
 378:USB_DEVICE/Target/usbd_conf.c **** {
 379:USB_DEVICE/Target/usbd_conf.c ****   HAL_StatusTypeDef hal_status = HAL_OK;
 380:USB_DEVICE/Target/usbd_conf.c ****   USBD_StatusTypeDef usb_status = USBD_OK;
 381:USB_DEVICE/Target/usbd_conf.c **** 
 382:USB_DEVICE/Target/usbd_conf.c ****   hal_status = HAL_PCD_DeInit(pdev->pData);
 383:USB_DEVICE/Target/usbd_conf.c **** 
 384:USB_DEVICE/Target/usbd_conf.c ****   usb_status =  USBD_Get_USB_Status(hal_status);
 385:USB_DEVICE/Target/usbd_conf.c **** 
 386:USB_DEVICE/Target/usbd_conf.c ****   return usb_status;
 387:USB_DEVICE/Target/usbd_conf.c **** }
 388:USB_DEVICE/Target/usbd_conf.c **** 
 389:USB_DEVICE/Target/usbd_conf.c **** /**
 390:USB_DEVICE/Target/usbd_conf.c ****   * @brief  Starts the low level portion of the device driver.
 391:USB_DEVICE/Target/usbd_conf.c ****   * @param  pdev: Device handle
 392:USB_DEVICE/Target/usbd_conf.c ****   * @retval USBD status
 393:USB_DEVICE/Target/usbd_conf.c ****   */
 394:USB_DEVICE/Target/usbd_conf.c **** USBD_StatusTypeDef USBD_LL_Start(USBD_HandleTypeDef *pdev)
 395:USB_DEVICE/Target/usbd_conf.c **** {
 396:USB_DEVICE/Target/usbd_conf.c ****   HAL_StatusTypeDef hal_status = HAL_OK;
 397:USB_DEVICE/Target/usbd_conf.c ****   USBD_StatusTypeDef usb_status = USBD_OK;
 398:USB_DEVICE/Target/usbd_conf.c **** 
 399:USB_DEVICE/Target/usbd_conf.c ****   hal_status = HAL_PCD_Start(pdev->pData);
 400:USB_DEVICE/Target/usbd_conf.c **** 
 401:USB_DEVICE/Target/usbd_conf.c ****   usb_status =  USBD_Get_USB_Status(hal_status);
 402:USB_DEVICE/Target/usbd_conf.c **** 
 403:USB_DEVICE/Target/usbd_conf.c ****   return usb_status;
 404:USB_DEVICE/Target/usbd_conf.c **** }
 405:USB_DEVICE/Target/usbd_conf.c **** 
 406:USB_DEVICE/Target/usbd_conf.c **** /**
 407:USB_DEVICE/Target/usbd_conf.c ****   * @brief  Stops the low level portion of the device driver.
 408:USB_DEVICE/Target/usbd_conf.c ****   * @param  pdev: Device handle
 409:USB_DEVICE/Target/usbd_conf.c ****   * @retval USBD status
 410:USB_DEVICE/Target/usbd_conf.c ****   */
 411:USB_DEVICE/Target/usbd_conf.c **** USBD_StatusTypeDef USBD_LL_Stop(USBD_HandleTypeDef *pdev)
 412:USB_DEVICE/Target/usbd_conf.c **** {
 413:USB_DEVICE/Target/usbd_conf.c ****   HAL_StatusTypeDef hal_status = HAL_OK;
 414:USB_DEVICE/Target/usbd_conf.c ****   USBD_StatusTypeDef usb_status = USBD_OK;
ARM GAS  C:\Users\AD\AppData\Local\Temp\ccBSG7N4.s 			page 22


 415:USB_DEVICE/Target/usbd_conf.c **** 
 416:USB_DEVICE/Target/usbd_conf.c ****   hal_status = HAL_PCD_Stop(pdev->pData);
 417:USB_DEVICE/Target/usbd_conf.c **** 
 418:USB_DEVICE/Target/usbd_conf.c ****   usb_status =  USBD_Get_USB_Status(hal_status);
 419:USB_DEVICE/Target/usbd_conf.c **** 
 420:USB_DEVICE/Target/usbd_conf.c ****   return usb_status;
 421:USB_DEVICE/Target/usbd_conf.c **** }
 422:USB_DEVICE/Target/usbd_conf.c **** 
 423:USB_DEVICE/Target/usbd_conf.c **** /**
 424:USB_DEVICE/Target/usbd_conf.c ****   * @brief  Opens an endpoint of the low level driver.
 425:USB_DEVICE/Target/usbd_conf.c ****   * @param  pdev: Device handle
 426:USB_DEVICE/Target/usbd_conf.c ****   * @param  ep_addr: Endpoint number
 427:USB_DEVICE/Target/usbd_conf.c ****   * @param  ep_type: Endpoint type
 428:USB_DEVICE/Target/usbd_conf.c ****   * @param  ep_mps: Endpoint max packet size
 429:USB_DEVICE/Target/usbd_conf.c ****   * @retval USBD status
 430:USB_DEVICE/Target/usbd_conf.c ****   */
 431:USB_DEVICE/Target/usbd_conf.c **** USBD_StatusTypeDef USBD_LL_OpenEP(USBD_HandleTypeDef *pdev, uint8_t ep_addr, uint8_t ep_type, uint1
 432:USB_DEVICE/Target/usbd_conf.c **** {
 433:USB_DEVICE/Target/usbd_conf.c ****   HAL_StatusTypeDef hal_status = HAL_OK;
 434:USB_DEVICE/Target/usbd_conf.c ****   USBD_StatusTypeDef usb_status = USBD_OK;
 435:USB_DEVICE/Target/usbd_conf.c **** 
 436:USB_DEVICE/Target/usbd_conf.c ****   hal_status = HAL_PCD_EP_Open(pdev->pData, ep_addr, ep_mps, ep_type);
 437:USB_DEVICE/Target/usbd_conf.c **** 
 438:USB_DEVICE/Target/usbd_conf.c ****   usb_status =  USBD_Get_USB_Status(hal_status);
 439:USB_DEVICE/Target/usbd_conf.c **** 
 440:USB_DEVICE/Target/usbd_conf.c ****   return usb_status;
 441:USB_DEVICE/Target/usbd_conf.c **** }
 442:USB_DEVICE/Target/usbd_conf.c **** 
 443:USB_DEVICE/Target/usbd_conf.c **** /**
 444:USB_DEVICE/Target/usbd_conf.c ****   * @brief  Closes an endpoint of the low level driver.
 445:USB_DEVICE/Target/usbd_conf.c ****   * @param  pdev: Device handle
 446:USB_DEVICE/Target/usbd_conf.c ****   * @param  ep_addr: Endpoint number
 447:USB_DEVICE/Target/usbd_conf.c ****   * @retval USBD status
 448:USB_DEVICE/Target/usbd_conf.c ****   */
 449:USB_DEVICE/Target/usbd_conf.c **** USBD_StatusTypeDef USBD_LL_CloseEP(USBD_HandleTypeDef *pdev, uint8_t ep_addr)
 450:USB_DEVICE/Target/usbd_conf.c **** {
 451:USB_DEVICE/Target/usbd_conf.c ****   HAL_StatusTypeDef hal_status = HAL_OK;
 452:USB_DEVICE/Target/usbd_conf.c ****   USBD_StatusTypeDef usb_status = USBD_OK;
 453:USB_DEVICE/Target/usbd_conf.c **** 
 454:USB_DEVICE/Target/usbd_conf.c ****   hal_status = HAL_PCD_EP_Close(pdev->pData, ep_addr);
 455:USB_DEVICE/Target/usbd_conf.c **** 
 456:USB_DEVICE/Target/usbd_conf.c ****   usb_status =  USBD_Get_USB_Status(hal_status);
 457:USB_DEVICE/Target/usbd_conf.c **** 
 458:USB_DEVICE/Target/usbd_conf.c ****   return usb_status;
 459:USB_DEVICE/Target/usbd_conf.c **** }
 460:USB_DEVICE/Target/usbd_conf.c **** 
 461:USB_DEVICE/Target/usbd_conf.c **** /**
 462:USB_DEVICE/Target/usbd_conf.c ****   * @brief  Flushes an endpoint of the Low Level Driver.
 463:USB_DEVICE/Target/usbd_conf.c ****   * @param  pdev: Device handle
 464:USB_DEVICE/Target/usbd_conf.c ****   * @param  ep_addr: Endpoint number
 465:USB_DEVICE/Target/usbd_conf.c ****   * @retval USBD status
 466:USB_DEVICE/Target/usbd_conf.c ****   */
 467:USB_DEVICE/Target/usbd_conf.c **** USBD_StatusTypeDef USBD_LL_FlushEP(USBD_HandleTypeDef *pdev, uint8_t ep_addr)
 468:USB_DEVICE/Target/usbd_conf.c **** {
 469:USB_DEVICE/Target/usbd_conf.c ****   HAL_StatusTypeDef hal_status = HAL_OK;
 470:USB_DEVICE/Target/usbd_conf.c ****   USBD_StatusTypeDef usb_status = USBD_OK;
 471:USB_DEVICE/Target/usbd_conf.c **** 
ARM GAS  C:\Users\AD\AppData\Local\Temp\ccBSG7N4.s 			page 23


 472:USB_DEVICE/Target/usbd_conf.c ****   hal_status = HAL_PCD_EP_Flush(pdev->pData, ep_addr);
 473:USB_DEVICE/Target/usbd_conf.c **** 
 474:USB_DEVICE/Target/usbd_conf.c ****   usb_status =  USBD_Get_USB_Status(hal_status);
 475:USB_DEVICE/Target/usbd_conf.c **** 
 476:USB_DEVICE/Target/usbd_conf.c ****   return usb_status;
 477:USB_DEVICE/Target/usbd_conf.c **** }
 478:USB_DEVICE/Target/usbd_conf.c **** 
 479:USB_DEVICE/Target/usbd_conf.c **** /**
 480:USB_DEVICE/Target/usbd_conf.c ****   * @brief  Sets a Stall condition on an endpoint of the Low Level Driver.
 481:USB_DEVICE/Target/usbd_conf.c ****   * @param  pdev: Device handle
 482:USB_DEVICE/Target/usbd_conf.c ****   * @param  ep_addr: Endpoint number
 483:USB_DEVICE/Target/usbd_conf.c ****   * @retval USBD status
 484:USB_DEVICE/Target/usbd_conf.c ****   */
 485:USB_DEVICE/Target/usbd_conf.c **** USBD_StatusTypeDef USBD_LL_StallEP(USBD_HandleTypeDef *pdev, uint8_t ep_addr)
 486:USB_DEVICE/Target/usbd_conf.c **** {
 487:USB_DEVICE/Target/usbd_conf.c ****   HAL_StatusTypeDef hal_status = HAL_OK;
 488:USB_DEVICE/Target/usbd_conf.c ****   USBD_StatusTypeDef usb_status = USBD_OK;
 489:USB_DEVICE/Target/usbd_conf.c **** 
 490:USB_DEVICE/Target/usbd_conf.c ****   hal_status = HAL_PCD_EP_SetStall(pdev->pData, ep_addr);
 491:USB_DEVICE/Target/usbd_conf.c **** 
 492:USB_DEVICE/Target/usbd_conf.c ****   usb_status =  USBD_Get_USB_Status(hal_status);
 493:USB_DEVICE/Target/usbd_conf.c **** 
 494:USB_DEVICE/Target/usbd_conf.c ****   return usb_status;
 495:USB_DEVICE/Target/usbd_conf.c **** }
 496:USB_DEVICE/Target/usbd_conf.c **** 
 497:USB_DEVICE/Target/usbd_conf.c **** /**
 498:USB_DEVICE/Target/usbd_conf.c ****   * @brief  Clears a Stall condition on an endpoint of the Low Level Driver.
 499:USB_DEVICE/Target/usbd_conf.c ****   * @param  pdev: Device handle
 500:USB_DEVICE/Target/usbd_conf.c ****   * @param  ep_addr: Endpoint number
 501:USB_DEVICE/Target/usbd_conf.c ****   * @retval USBD status
 502:USB_DEVICE/Target/usbd_conf.c ****   */
 503:USB_DEVICE/Target/usbd_conf.c **** USBD_StatusTypeDef USBD_LL_ClearStallEP(USBD_HandleTypeDef *pdev, uint8_t ep_addr)
 504:USB_DEVICE/Target/usbd_conf.c **** {
 505:USB_DEVICE/Target/usbd_conf.c ****   HAL_StatusTypeDef hal_status = HAL_OK;
 506:USB_DEVICE/Target/usbd_conf.c ****   USBD_StatusTypeDef usb_status = USBD_OK;
 507:USB_DEVICE/Target/usbd_conf.c **** 
 508:USB_DEVICE/Target/usbd_conf.c ****   hal_status = HAL_PCD_EP_ClrStall(pdev->pData, ep_addr);
 509:USB_DEVICE/Target/usbd_conf.c **** 
 510:USB_DEVICE/Target/usbd_conf.c ****   usb_status =  USBD_Get_USB_Status(hal_status);
 511:USB_DEVICE/Target/usbd_conf.c **** 
 512:USB_DEVICE/Target/usbd_conf.c ****   return usb_status;
 513:USB_DEVICE/Target/usbd_conf.c **** }
 514:USB_DEVICE/Target/usbd_conf.c **** 
 515:USB_DEVICE/Target/usbd_conf.c **** /**
 516:USB_DEVICE/Target/usbd_conf.c ****   * @brief  Returns Stall condition.
 517:USB_DEVICE/Target/usbd_conf.c ****   * @param  pdev: Device handle
 518:USB_DEVICE/Target/usbd_conf.c ****   * @param  ep_addr: Endpoint number
 519:USB_DEVICE/Target/usbd_conf.c ****   * @retval Stall (1: Yes, 0: No)
 520:USB_DEVICE/Target/usbd_conf.c ****   */
 521:USB_DEVICE/Target/usbd_conf.c **** uint8_t USBD_LL_IsStallEP(USBD_HandleTypeDef *pdev, uint8_t ep_addr)
 522:USB_DEVICE/Target/usbd_conf.c **** {
 744              		.loc 1 522 1 view -0
 745              		.cfi_startproc
 746              		@ args = 0, pretend = 0, frame = 0
 747              		@ frame_needed = 0, uses_anonymous_args = 0
 748              		@ link register save eliminated.
 523:USB_DEVICE/Target/usbd_conf.c ****   PCD_HandleTypeDef *hpcd = (PCD_HandleTypeDef*) pdev->pData;
ARM GAS  C:\Users\AD\AppData\Local\Temp\ccBSG7N4.s 			page 24


 749              		.loc 1 523 3 view .LVU165
 750              		.loc 1 523 22 is_stmt 0 view .LVU166
 751 0000 D0F8C832 		ldr	r3, [r0, #712]
 752              	.LVL62:
 524:USB_DEVICE/Target/usbd_conf.c **** 
 525:USB_DEVICE/Target/usbd_conf.c ****   if((ep_addr & 0x80) == 0x80)
 753              		.loc 1 525 3 is_stmt 1 view .LVU167
 754              		.loc 1 525 5 is_stmt 0 view .LVU168
 755 0004 11F0800F 		tst	r1, #128
 756 0008 08D1     		bne	.L55
 526:USB_DEVICE/Target/usbd_conf.c ****   {
 527:USB_DEVICE/Target/usbd_conf.c ****     return hpcd->IN_ep[ep_addr & 0x7F].is_stall;
 528:USB_DEVICE/Target/usbd_conf.c ****   }
 529:USB_DEVICE/Target/usbd_conf.c ****   else
 530:USB_DEVICE/Target/usbd_conf.c ****   {
 531:USB_DEVICE/Target/usbd_conf.c ****     return hpcd->OUT_ep[ep_addr & 0x7F].is_stall;
 757              		.loc 1 531 5 is_stmt 1 view .LVU169
 758              		.loc 1 531 33 is_stmt 0 view .LVU170
 759 000a 01F07F01 		and	r1, r1, #127
 760              	.LVL63:
 761              		.loc 1 531 40 view .LVU171
 762 000e 01EBC101 		add	r1, r1, r1, lsl #3
 763 0012 03EB8103 		add	r3, r3, r1, lsl #2
 764              	.LVL64:
 765              		.loc 1 531 40 view .LVU172
 766 0016 93F85602 		ldrb	r0, [r3, #598]	@ zero_extendqisi2
 767              	.LVL65:
 532:USB_DEVICE/Target/usbd_conf.c ****   }
 533:USB_DEVICE/Target/usbd_conf.c **** }
 768              		.loc 1 533 1 view .LVU173
 769 001a 7047     		bx	lr
 770              	.LVL66:
 771              	.L55:
 527:USB_DEVICE/Target/usbd_conf.c ****   }
 772              		.loc 1 527 5 is_stmt 1 view .LVU174
 527:USB_DEVICE/Target/usbd_conf.c ****   }
 773              		.loc 1 527 32 is_stmt 0 view .LVU175
 774 001c 01F07F01 		and	r1, r1, #127
 775              	.LVL67:
 527:USB_DEVICE/Target/usbd_conf.c ****   }
 776              		.loc 1 527 39 view .LVU176
 777 0020 01EBC101 		add	r1, r1, r1, lsl #3
 778 0024 03EB8103 		add	r3, r3, r1, lsl #2
 779              	.LVL68:
 527:USB_DEVICE/Target/usbd_conf.c ****   }
 780              		.loc 1 527 39 view .LVU177
 781 0028 987D     		ldrb	r0, [r3, #22]	@ zero_extendqisi2
 782              	.LVL69:
 527:USB_DEVICE/Target/usbd_conf.c ****   }
 783              		.loc 1 527 39 view .LVU178
 784 002a 7047     		bx	lr
 785              		.cfi_endproc
 786              	.LFE160:
 788              		.section	.text.USBD_LL_GetRxDataSize,"ax",%progbits
 789              		.align	1
 790              		.global	USBD_LL_GetRxDataSize
 791              		.syntax unified
ARM GAS  C:\Users\AD\AppData\Local\Temp\ccBSG7N4.s 			page 25


 792              		.thumb
 793              		.thumb_func
 795              	USBD_LL_GetRxDataSize:
 796              	.LVL70:
 797              	.LFB164:
 534:USB_DEVICE/Target/usbd_conf.c **** 
 535:USB_DEVICE/Target/usbd_conf.c **** /**
 536:USB_DEVICE/Target/usbd_conf.c ****   * @brief  Assigns a USB address to the device.
 537:USB_DEVICE/Target/usbd_conf.c ****   * @param  pdev: Device handle
 538:USB_DEVICE/Target/usbd_conf.c ****   * @param  dev_addr: Device address
 539:USB_DEVICE/Target/usbd_conf.c ****   * @retval USBD status
 540:USB_DEVICE/Target/usbd_conf.c ****   */
 541:USB_DEVICE/Target/usbd_conf.c **** USBD_StatusTypeDef USBD_LL_SetUSBAddress(USBD_HandleTypeDef *pdev, uint8_t dev_addr)
 542:USB_DEVICE/Target/usbd_conf.c **** {
 543:USB_DEVICE/Target/usbd_conf.c ****   HAL_StatusTypeDef hal_status = HAL_OK;
 544:USB_DEVICE/Target/usbd_conf.c ****   USBD_StatusTypeDef usb_status = USBD_OK;
 545:USB_DEVICE/Target/usbd_conf.c **** 
 546:USB_DEVICE/Target/usbd_conf.c ****   hal_status = HAL_PCD_SetAddress(pdev->pData, dev_addr);
 547:USB_DEVICE/Target/usbd_conf.c **** 
 548:USB_DEVICE/Target/usbd_conf.c ****   usb_status =  USBD_Get_USB_Status(hal_status);
 549:USB_DEVICE/Target/usbd_conf.c **** 
 550:USB_DEVICE/Target/usbd_conf.c ****   return usb_status;
 551:USB_DEVICE/Target/usbd_conf.c **** }
 552:USB_DEVICE/Target/usbd_conf.c **** 
 553:USB_DEVICE/Target/usbd_conf.c **** /**
 554:USB_DEVICE/Target/usbd_conf.c ****   * @brief  Transmits data over an endpoint.
 555:USB_DEVICE/Target/usbd_conf.c ****   * @param  pdev: Device handle
 556:USB_DEVICE/Target/usbd_conf.c ****   * @param  ep_addr: Endpoint number
 557:USB_DEVICE/Target/usbd_conf.c ****   * @param  pbuf: Pointer to data to be sent
 558:USB_DEVICE/Target/usbd_conf.c ****   * @param  size: Data size
 559:USB_DEVICE/Target/usbd_conf.c ****   * @retval USBD status
 560:USB_DEVICE/Target/usbd_conf.c ****   */
 561:USB_DEVICE/Target/usbd_conf.c **** USBD_StatusTypeDef USBD_LL_Transmit(USBD_HandleTypeDef *pdev, uint8_t ep_addr, uint8_t *pbuf, uint3
 562:USB_DEVICE/Target/usbd_conf.c **** {
 563:USB_DEVICE/Target/usbd_conf.c ****   HAL_StatusTypeDef hal_status = HAL_OK;
 564:USB_DEVICE/Target/usbd_conf.c ****   USBD_StatusTypeDef usb_status = USBD_OK;
 565:USB_DEVICE/Target/usbd_conf.c **** 
 566:USB_DEVICE/Target/usbd_conf.c ****   hal_status = HAL_PCD_EP_Transmit(pdev->pData, ep_addr, pbuf, size);
 567:USB_DEVICE/Target/usbd_conf.c **** 
 568:USB_DEVICE/Target/usbd_conf.c ****   usb_status =  USBD_Get_USB_Status(hal_status);
 569:USB_DEVICE/Target/usbd_conf.c **** 
 570:USB_DEVICE/Target/usbd_conf.c ****   return usb_status;
 571:USB_DEVICE/Target/usbd_conf.c **** }
 572:USB_DEVICE/Target/usbd_conf.c **** 
 573:USB_DEVICE/Target/usbd_conf.c **** /**
 574:USB_DEVICE/Target/usbd_conf.c ****   * @brief  Prepares an endpoint for reception.
 575:USB_DEVICE/Target/usbd_conf.c ****   * @param  pdev: Device handle
 576:USB_DEVICE/Target/usbd_conf.c ****   * @param  ep_addr: Endpoint number
 577:USB_DEVICE/Target/usbd_conf.c ****   * @param  pbuf: Pointer to data to be received
 578:USB_DEVICE/Target/usbd_conf.c ****   * @param  size: Data size
 579:USB_DEVICE/Target/usbd_conf.c ****   * @retval USBD status
 580:USB_DEVICE/Target/usbd_conf.c ****   */
 581:USB_DEVICE/Target/usbd_conf.c **** USBD_StatusTypeDef USBD_LL_PrepareReceive(USBD_HandleTypeDef *pdev, uint8_t ep_addr, uint8_t *pbuf,
 582:USB_DEVICE/Target/usbd_conf.c **** {
 583:USB_DEVICE/Target/usbd_conf.c ****   HAL_StatusTypeDef hal_status = HAL_OK;
 584:USB_DEVICE/Target/usbd_conf.c ****   USBD_StatusTypeDef usb_status = USBD_OK;
 585:USB_DEVICE/Target/usbd_conf.c **** 
ARM GAS  C:\Users\AD\AppData\Local\Temp\ccBSG7N4.s 			page 26


 586:USB_DEVICE/Target/usbd_conf.c ****   hal_status = HAL_PCD_EP_Receive(pdev->pData, ep_addr, pbuf, size);
 587:USB_DEVICE/Target/usbd_conf.c **** 
 588:USB_DEVICE/Target/usbd_conf.c ****   usb_status =  USBD_Get_USB_Status(hal_status);
 589:USB_DEVICE/Target/usbd_conf.c **** 
 590:USB_DEVICE/Target/usbd_conf.c ****   return usb_status;
 591:USB_DEVICE/Target/usbd_conf.c **** }
 592:USB_DEVICE/Target/usbd_conf.c **** 
 593:USB_DEVICE/Target/usbd_conf.c **** /**
 594:USB_DEVICE/Target/usbd_conf.c ****   * @brief  Returns the last transferred packet size.
 595:USB_DEVICE/Target/usbd_conf.c ****   * @param  pdev: Device handle
 596:USB_DEVICE/Target/usbd_conf.c ****   * @param  ep_addr: Endpoint number
 597:USB_DEVICE/Target/usbd_conf.c ****   * @retval Received Data Size
 598:USB_DEVICE/Target/usbd_conf.c ****   */
 599:USB_DEVICE/Target/usbd_conf.c **** uint32_t USBD_LL_GetRxDataSize(USBD_HandleTypeDef *pdev, uint8_t ep_addr)
 600:USB_DEVICE/Target/usbd_conf.c **** {
 798              		.loc 1 600 1 is_stmt 1 view -0
 799              		.cfi_startproc
 800              		@ args = 0, pretend = 0, frame = 0
 801              		@ frame_needed = 0, uses_anonymous_args = 0
 802              		.loc 1 600 1 is_stmt 0 view .LVU180
 803 0000 08B5     		push	{r3, lr}
 804              	.LCFI17:
 805              		.cfi_def_cfa_offset 8
 806              		.cfi_offset 3, -8
 807              		.cfi_offset 14, -4
 601:USB_DEVICE/Target/usbd_conf.c ****   return HAL_PCD_EP_GetRxCount((PCD_HandleTypeDef*) pdev->pData, ep_addr);
 808              		.loc 1 601 3 is_stmt 1 view .LVU181
 809              		.loc 1 601 10 is_stmt 0 view .LVU182
 810 0002 D0F8C802 		ldr	r0, [r0, #712]
 811              	.LVL71:
 812              		.loc 1 601 10 view .LVU183
 813 0006 FFF7FEFF 		bl	HAL_PCD_EP_GetRxCount
 814              	.LVL72:
 602:USB_DEVICE/Target/usbd_conf.c **** }
 815              		.loc 1 602 1 view .LVU184
 816 000a 08BD     		pop	{r3, pc}
 817              		.cfi_endproc
 818              	.LFE164:
 820              		.section	.text.USBD_static_malloc,"ax",%progbits
 821              		.align	1
 822              		.global	USBD_static_malloc
 823              		.syntax unified
 824              		.thumb
 825              		.thumb_func
 827              	USBD_static_malloc:
 828              	.LVL73:
 829              	.LFB165:
 603:USB_DEVICE/Target/usbd_conf.c **** 
 604:USB_DEVICE/Target/usbd_conf.c **** #ifdef USBD_HS_TESTMODE_ENABLE
 605:USB_DEVICE/Target/usbd_conf.c **** /**
 606:USB_DEVICE/Target/usbd_conf.c ****   * @brief  Set High speed Test mode.
 607:USB_DEVICE/Target/usbd_conf.c ****   * @param  pdev: Device handle
 608:USB_DEVICE/Target/usbd_conf.c ****   * @param  testmode: test mode
 609:USB_DEVICE/Target/usbd_conf.c ****   * @retval USBD Status
 610:USB_DEVICE/Target/usbd_conf.c ****   */
 611:USB_DEVICE/Target/usbd_conf.c **** USBD_StatusTypeDef USBD_LL_SetTestMode(USBD_HandleTypeDef *pdev, uint8_t testmode)
 612:USB_DEVICE/Target/usbd_conf.c **** {
ARM GAS  C:\Users\AD\AppData\Local\Temp\ccBSG7N4.s 			page 27


 613:USB_DEVICE/Target/usbd_conf.c ****   UNUSED(pdev);
 614:USB_DEVICE/Target/usbd_conf.c ****   UNUSED(testmode);
 615:USB_DEVICE/Target/usbd_conf.c **** 
 616:USB_DEVICE/Target/usbd_conf.c ****   return USBD_OK;
 617:USB_DEVICE/Target/usbd_conf.c **** }
 618:USB_DEVICE/Target/usbd_conf.c **** #endif /* USBD_HS_TESTMODE_ENABLE */
 619:USB_DEVICE/Target/usbd_conf.c **** 
 620:USB_DEVICE/Target/usbd_conf.c **** /**
 621:USB_DEVICE/Target/usbd_conf.c ****   * @brief  Static single allocation.
 622:USB_DEVICE/Target/usbd_conf.c ****   * @param  size: Size of allocated memory
 623:USB_DEVICE/Target/usbd_conf.c ****   * @retval None
 624:USB_DEVICE/Target/usbd_conf.c ****   */
 625:USB_DEVICE/Target/usbd_conf.c **** void *USBD_static_malloc(uint32_t size)
 626:USB_DEVICE/Target/usbd_conf.c **** {
 830              		.loc 1 626 1 is_stmt 1 view -0
 831              		.cfi_startproc
 832              		@ args = 0, pretend = 0, frame = 0
 833              		@ frame_needed = 0, uses_anonymous_args = 0
 834              		@ link register save eliminated.
 627:USB_DEVICE/Target/usbd_conf.c ****   static uint32_t mem[(sizeof(USBD_CDC_HandleTypeDef)/4)+1];/* On 32-bit boundary */
 835              		.loc 1 627 3 view .LVU186
 628:USB_DEVICE/Target/usbd_conf.c ****   return mem;
 836              		.loc 1 628 3 view .LVU187
 629:USB_DEVICE/Target/usbd_conf.c **** }
 837              		.loc 1 629 1 is_stmt 0 view .LVU188
 838 0000 0048     		ldr	r0, .L59
 839              	.LVL74:
 840              		.loc 1 629 1 view .LVU189
 841 0002 7047     		bx	lr
 842              	.L60:
 843              		.align	2
 844              	.L59:
 845 0004 00000000 		.word	mem.0
 846              		.cfi_endproc
 847              	.LFE165:
 849              		.section	.text.USBD_static_free,"ax",%progbits
 850              		.align	1
 851              		.global	USBD_static_free
 852              		.syntax unified
 853              		.thumb
 854              		.thumb_func
 856              	USBD_static_free:
 857              	.LVL75:
 858              	.LFB166:
 630:USB_DEVICE/Target/usbd_conf.c **** 
 631:USB_DEVICE/Target/usbd_conf.c **** /**
 632:USB_DEVICE/Target/usbd_conf.c ****   * @brief  Dummy memory free
 633:USB_DEVICE/Target/usbd_conf.c ****   * @param  p: Pointer to allocated  memory address
 634:USB_DEVICE/Target/usbd_conf.c ****   * @retval None
 635:USB_DEVICE/Target/usbd_conf.c ****   */
 636:USB_DEVICE/Target/usbd_conf.c **** void USBD_static_free(void *p)
 637:USB_DEVICE/Target/usbd_conf.c **** {
 859              		.loc 1 637 1 is_stmt 1 view -0
 860              		.cfi_startproc
 861              		@ args = 0, pretend = 0, frame = 0
 862              		@ frame_needed = 0, uses_anonymous_args = 0
 863              		@ link register save eliminated.
ARM GAS  C:\Users\AD\AppData\Local\Temp\ccBSG7N4.s 			page 28


 638:USB_DEVICE/Target/usbd_conf.c **** 
 639:USB_DEVICE/Target/usbd_conf.c **** }
 864              		.loc 1 639 1 view .LVU191
 865 0000 7047     		bx	lr
 866              		.cfi_endproc
 867              	.LFE166:
 869              		.section	.text.USBD_LL_Delay,"ax",%progbits
 870              		.align	1
 871              		.global	USBD_LL_Delay
 872              		.syntax unified
 873              		.thumb
 874              		.thumb_func
 876              	USBD_LL_Delay:
 877              	.LVL76:
 878              	.LFB167:
 640:USB_DEVICE/Target/usbd_conf.c **** 
 641:USB_DEVICE/Target/usbd_conf.c **** /**
 642:USB_DEVICE/Target/usbd_conf.c ****   * @brief  Delays routine for the USB Device Library.
 643:USB_DEVICE/Target/usbd_conf.c ****   * @param  Delay: Delay in ms
 644:USB_DEVICE/Target/usbd_conf.c ****   * @retval None
 645:USB_DEVICE/Target/usbd_conf.c ****   */
 646:USB_DEVICE/Target/usbd_conf.c **** void USBD_LL_Delay(uint32_t Delay)
 647:USB_DEVICE/Target/usbd_conf.c **** {
 879              		.loc 1 647 1 view -0
 880              		.cfi_startproc
 881              		@ args = 0, pretend = 0, frame = 0
 882              		@ frame_needed = 0, uses_anonymous_args = 0
 883              		.loc 1 647 1 is_stmt 0 view .LVU193
 884 0000 08B5     		push	{r3, lr}
 885              	.LCFI18:
 886              		.cfi_def_cfa_offset 8
 887              		.cfi_offset 3, -8
 888              		.cfi_offset 14, -4
 648:USB_DEVICE/Target/usbd_conf.c ****   HAL_Delay(Delay);
 889              		.loc 1 648 3 is_stmt 1 view .LVU194
 890 0002 FFF7FEFF 		bl	HAL_Delay
 891              	.LVL77:
 649:USB_DEVICE/Target/usbd_conf.c **** }
 892              		.loc 1 649 1 is_stmt 0 view .LVU195
 893 0006 08BD     		pop	{r3, pc}
 894              		.cfi_endproc
 895              	.LFE167:
 897              		.section	.text.USBD_Get_USB_Status,"ax",%progbits
 898              		.align	1
 899              		.global	USBD_Get_USB_Status
 900              		.syntax unified
 901              		.thumb
 902              		.thumb_func
 904              	USBD_Get_USB_Status:
 905              	.LVL78:
 906              	.LFB168:
 650:USB_DEVICE/Target/usbd_conf.c **** 
 651:USB_DEVICE/Target/usbd_conf.c **** /**
 652:USB_DEVICE/Target/usbd_conf.c ****   * @brief  Returns the USB status depending on the HAL status:
 653:USB_DEVICE/Target/usbd_conf.c ****   * @param  hal_status: HAL status
 654:USB_DEVICE/Target/usbd_conf.c ****   * @retval USB status
 655:USB_DEVICE/Target/usbd_conf.c ****   */
ARM GAS  C:\Users\AD\AppData\Local\Temp\ccBSG7N4.s 			page 29


 656:USB_DEVICE/Target/usbd_conf.c **** USBD_StatusTypeDef USBD_Get_USB_Status(HAL_StatusTypeDef hal_status)
 657:USB_DEVICE/Target/usbd_conf.c **** {
 907              		.loc 1 657 1 is_stmt 1 view -0
 908              		.cfi_startproc
 909              		@ args = 0, pretend = 0, frame = 0
 910              		@ frame_needed = 0, uses_anonymous_args = 0
 911              		@ link register save eliminated.
 658:USB_DEVICE/Target/usbd_conf.c ****   USBD_StatusTypeDef usb_status = USBD_OK;
 912              		.loc 1 658 3 view .LVU197
 659:USB_DEVICE/Target/usbd_conf.c **** 
 660:USB_DEVICE/Target/usbd_conf.c ****   switch (hal_status)
 913              		.loc 1 660 3 view .LVU198
 914 0000 0328     		cmp	r0, #3
 915 0002 05D8     		bhi	.L70
 916 0004 DFE800F0 		tbb	[pc, r0]
 917              	.L67:
 918 0008 05       		.byte	(.L65-.L67)/2
 919 0009 04       		.byte	(.L70-.L67)/2
 920 000a 02       		.byte	(.L68-.L67)/2
 921 000b 05       		.byte	(.L65-.L67)/2
 922              		.p2align 1
 923              	.L68:
 661:USB_DEVICE/Target/usbd_conf.c ****   {
 662:USB_DEVICE/Target/usbd_conf.c ****     case HAL_OK :
 663:USB_DEVICE/Target/usbd_conf.c ****       usb_status = USBD_OK;
 664:USB_DEVICE/Target/usbd_conf.c ****     break;
 665:USB_DEVICE/Target/usbd_conf.c ****     case HAL_ERROR :
 666:USB_DEVICE/Target/usbd_conf.c ****       usb_status = USBD_FAIL;
 667:USB_DEVICE/Target/usbd_conf.c ****     break;
 668:USB_DEVICE/Target/usbd_conf.c ****     case HAL_BUSY :
 669:USB_DEVICE/Target/usbd_conf.c ****       usb_status = USBD_BUSY;
 924              		.loc 1 669 7 view .LVU199
 925              	.LVL79:
 670:USB_DEVICE/Target/usbd_conf.c ****     break;
 926              		.loc 1 670 5 view .LVU200
 669:USB_DEVICE/Target/usbd_conf.c ****     break;
 927              		.loc 1 669 18 is_stmt 0 view .LVU201
 928 000c 0120     		movs	r0, #1
 929              	.LVL80:
 930              		.loc 1 670 5 view .LVU202
 931 000e 7047     		bx	lr
 932              	.LVL81:
 933              	.L70:
 666:USB_DEVICE/Target/usbd_conf.c ****     break;
 934              		.loc 1 666 18 view .LVU203
 935 0010 0320     		movs	r0, #3
 936              	.LVL82:
 937              	.L65:
 671:USB_DEVICE/Target/usbd_conf.c ****     case HAL_TIMEOUT :
 672:USB_DEVICE/Target/usbd_conf.c ****       usb_status = USBD_FAIL;
 673:USB_DEVICE/Target/usbd_conf.c ****     break;
 674:USB_DEVICE/Target/usbd_conf.c ****     default :
 675:USB_DEVICE/Target/usbd_conf.c ****       usb_status = USBD_FAIL;
 676:USB_DEVICE/Target/usbd_conf.c ****     break;
 677:USB_DEVICE/Target/usbd_conf.c ****   }
 678:USB_DEVICE/Target/usbd_conf.c ****   return usb_status;
 938              		.loc 1 678 3 is_stmt 1 view .LVU204
ARM GAS  C:\Users\AD\AppData\Local\Temp\ccBSG7N4.s 			page 30


 679:USB_DEVICE/Target/usbd_conf.c **** }
 939              		.loc 1 679 1 is_stmt 0 view .LVU205
 940 0012 7047     		bx	lr
 941              		.cfi_endproc
 942              	.LFE168:
 944              		.section	.text.USBD_LL_DeInit,"ax",%progbits
 945              		.align	1
 946              		.global	USBD_LL_DeInit
 947              		.syntax unified
 948              		.thumb
 949              		.thumb_func
 951              	USBD_LL_DeInit:
 952              	.LVL83:
 953              	.LFB152:
 378:USB_DEVICE/Target/usbd_conf.c ****   HAL_StatusTypeDef hal_status = HAL_OK;
 954              		.loc 1 378 1 is_stmt 1 view -0
 955              		.cfi_startproc
 956              		@ args = 0, pretend = 0, frame = 0
 957              		@ frame_needed = 0, uses_anonymous_args = 0
 378:USB_DEVICE/Target/usbd_conf.c ****   HAL_StatusTypeDef hal_status = HAL_OK;
 958              		.loc 1 378 1 is_stmt 0 view .LVU207
 959 0000 08B5     		push	{r3, lr}
 960              	.LCFI19:
 961              		.cfi_def_cfa_offset 8
 962              		.cfi_offset 3, -8
 963              		.cfi_offset 14, -4
 379:USB_DEVICE/Target/usbd_conf.c ****   USBD_StatusTypeDef usb_status = USBD_OK;
 964              		.loc 1 379 3 is_stmt 1 view .LVU208
 965              	.LVL84:
 380:USB_DEVICE/Target/usbd_conf.c **** 
 966              		.loc 1 380 3 view .LVU209
 382:USB_DEVICE/Target/usbd_conf.c **** 
 967              		.loc 1 382 3 view .LVU210
 382:USB_DEVICE/Target/usbd_conf.c **** 
 968              		.loc 1 382 16 is_stmt 0 view .LVU211
 969 0002 D0F8C802 		ldr	r0, [r0, #712]
 970              	.LVL85:
 382:USB_DEVICE/Target/usbd_conf.c **** 
 971              		.loc 1 382 16 view .LVU212
 972 0006 FFF7FEFF 		bl	HAL_PCD_DeInit
 973              	.LVL86:
 384:USB_DEVICE/Target/usbd_conf.c **** 
 974              		.loc 1 384 3 is_stmt 1 view .LVU213
 384:USB_DEVICE/Target/usbd_conf.c **** 
 975              		.loc 1 384 17 is_stmt 0 view .LVU214
 976 000a FFF7FEFF 		bl	USBD_Get_USB_Status
 977              	.LVL87:
 386:USB_DEVICE/Target/usbd_conf.c **** }
 978              		.loc 1 386 3 is_stmt 1 view .LVU215
 387:USB_DEVICE/Target/usbd_conf.c **** 
 979              		.loc 1 387 1 is_stmt 0 view .LVU216
 980 000e 08BD     		pop	{r3, pc}
 981              		.cfi_endproc
 982              	.LFE152:
 984              		.section	.text.USBD_LL_Start,"ax",%progbits
 985              		.align	1
 986              		.global	USBD_LL_Start
ARM GAS  C:\Users\AD\AppData\Local\Temp\ccBSG7N4.s 			page 31


 987              		.syntax unified
 988              		.thumb
 989              		.thumb_func
 991              	USBD_LL_Start:
 992              	.LVL88:
 993              	.LFB153:
 395:USB_DEVICE/Target/usbd_conf.c ****   HAL_StatusTypeDef hal_status = HAL_OK;
 994              		.loc 1 395 1 is_stmt 1 view -0
 995              		.cfi_startproc
 996              		@ args = 0, pretend = 0, frame = 0
 997              		@ frame_needed = 0, uses_anonymous_args = 0
 395:USB_DEVICE/Target/usbd_conf.c ****   HAL_StatusTypeDef hal_status = HAL_OK;
 998              		.loc 1 395 1 is_stmt 0 view .LVU218
 999 0000 08B5     		push	{r3, lr}
 1000              	.LCFI20:
 1001              		.cfi_def_cfa_offset 8
 1002              		.cfi_offset 3, -8
 1003              		.cfi_offset 14, -4
 396:USB_DEVICE/Target/usbd_conf.c ****   USBD_StatusTypeDef usb_status = USBD_OK;
 1004              		.loc 1 396 3 is_stmt 1 view .LVU219
 1005              	.LVL89:
 397:USB_DEVICE/Target/usbd_conf.c **** 
 1006              		.loc 1 397 3 view .LVU220
 399:USB_DEVICE/Target/usbd_conf.c **** 
 1007              		.loc 1 399 3 view .LVU221
 399:USB_DEVICE/Target/usbd_conf.c **** 
 1008              		.loc 1 399 16 is_stmt 0 view .LVU222
 1009 0002 D0F8C802 		ldr	r0, [r0, #712]
 1010              	.LVL90:
 399:USB_DEVICE/Target/usbd_conf.c **** 
 1011              		.loc 1 399 16 view .LVU223
 1012 0006 FFF7FEFF 		bl	HAL_PCD_Start
 1013              	.LVL91:
 401:USB_DEVICE/Target/usbd_conf.c **** 
 1014              		.loc 1 401 3 is_stmt 1 view .LVU224
 401:USB_DEVICE/Target/usbd_conf.c **** 
 1015              		.loc 1 401 17 is_stmt 0 view .LVU225
 1016 000a FFF7FEFF 		bl	USBD_Get_USB_Status
 1017              	.LVL92:
 403:USB_DEVICE/Target/usbd_conf.c **** }
 1018              		.loc 1 403 3 is_stmt 1 view .LVU226
 404:USB_DEVICE/Target/usbd_conf.c **** 
 1019              		.loc 1 404 1 is_stmt 0 view .LVU227
 1020 000e 08BD     		pop	{r3, pc}
 1021              		.cfi_endproc
 1022              	.LFE153:
 1024              		.section	.text.USBD_LL_Stop,"ax",%progbits
 1025              		.align	1
 1026              		.global	USBD_LL_Stop
 1027              		.syntax unified
 1028              		.thumb
 1029              		.thumb_func
 1031              	USBD_LL_Stop:
 1032              	.LVL93:
 1033              	.LFB154:
 412:USB_DEVICE/Target/usbd_conf.c ****   HAL_StatusTypeDef hal_status = HAL_OK;
 1034              		.loc 1 412 1 is_stmt 1 view -0
ARM GAS  C:\Users\AD\AppData\Local\Temp\ccBSG7N4.s 			page 32


 1035              		.cfi_startproc
 1036              		@ args = 0, pretend = 0, frame = 0
 1037              		@ frame_needed = 0, uses_anonymous_args = 0
 412:USB_DEVICE/Target/usbd_conf.c ****   HAL_StatusTypeDef hal_status = HAL_OK;
 1038              		.loc 1 412 1 is_stmt 0 view .LVU229
 1039 0000 08B5     		push	{r3, lr}
 1040              	.LCFI21:
 1041              		.cfi_def_cfa_offset 8
 1042              		.cfi_offset 3, -8
 1043              		.cfi_offset 14, -4
 413:USB_DEVICE/Target/usbd_conf.c ****   USBD_StatusTypeDef usb_status = USBD_OK;
 1044              		.loc 1 413 3 is_stmt 1 view .LVU230
 1045              	.LVL94:
 414:USB_DEVICE/Target/usbd_conf.c **** 
 1046              		.loc 1 414 3 view .LVU231
 416:USB_DEVICE/Target/usbd_conf.c **** 
 1047              		.loc 1 416 3 view .LVU232
 416:USB_DEVICE/Target/usbd_conf.c **** 
 1048              		.loc 1 416 16 is_stmt 0 view .LVU233
 1049 0002 D0F8C802 		ldr	r0, [r0, #712]
 1050              	.LVL95:
 416:USB_DEVICE/Target/usbd_conf.c **** 
 1051              		.loc 1 416 16 view .LVU234
 1052 0006 FFF7FEFF 		bl	HAL_PCD_Stop
 1053              	.LVL96:
 418:USB_DEVICE/Target/usbd_conf.c **** 
 1054              		.loc 1 418 3 is_stmt 1 view .LVU235
 418:USB_DEVICE/Target/usbd_conf.c **** 
 1055              		.loc 1 418 17 is_stmt 0 view .LVU236
 1056 000a FFF7FEFF 		bl	USBD_Get_USB_Status
 1057              	.LVL97:
 420:USB_DEVICE/Target/usbd_conf.c **** }
 1058              		.loc 1 420 3 is_stmt 1 view .LVU237
 421:USB_DEVICE/Target/usbd_conf.c **** 
 1059              		.loc 1 421 1 is_stmt 0 view .LVU238
 1060 000e 08BD     		pop	{r3, pc}
 1061              		.cfi_endproc
 1062              	.LFE154:
 1064              		.section	.text.USBD_LL_OpenEP,"ax",%progbits
 1065              		.align	1
 1066              		.global	USBD_LL_OpenEP
 1067              		.syntax unified
 1068              		.thumb
 1069              		.thumb_func
 1071              	USBD_LL_OpenEP:
 1072              	.LVL98:
 1073              	.LFB155:
 432:USB_DEVICE/Target/usbd_conf.c ****   HAL_StatusTypeDef hal_status = HAL_OK;
 1074              		.loc 1 432 1 is_stmt 1 view -0
 1075              		.cfi_startproc
 1076              		@ args = 0, pretend = 0, frame = 0
 1077              		@ frame_needed = 0, uses_anonymous_args = 0
 432:USB_DEVICE/Target/usbd_conf.c ****   HAL_StatusTypeDef hal_status = HAL_OK;
 1078              		.loc 1 432 1 is_stmt 0 view .LVU240
 1079 0000 08B5     		push	{r3, lr}
 1080              	.LCFI22:
 1081              		.cfi_def_cfa_offset 8
ARM GAS  C:\Users\AD\AppData\Local\Temp\ccBSG7N4.s 			page 33


 1082              		.cfi_offset 3, -8
 1083              		.cfi_offset 14, -4
 1084 0002 9446     		mov	ip, r2
 1085 0004 1A46     		mov	r2, r3
 1086              	.LVL99:
 433:USB_DEVICE/Target/usbd_conf.c ****   USBD_StatusTypeDef usb_status = USBD_OK;
 1087              		.loc 1 433 3 is_stmt 1 view .LVU241
 434:USB_DEVICE/Target/usbd_conf.c **** 
 1088              		.loc 1 434 3 view .LVU242
 436:USB_DEVICE/Target/usbd_conf.c **** 
 1089              		.loc 1 436 3 view .LVU243
 436:USB_DEVICE/Target/usbd_conf.c **** 
 1090              		.loc 1 436 16 is_stmt 0 view .LVU244
 1091 0006 6346     		mov	r3, ip
 1092              	.LVL100:
 436:USB_DEVICE/Target/usbd_conf.c **** 
 1093              		.loc 1 436 16 view .LVU245
 1094 0008 D0F8C802 		ldr	r0, [r0, #712]
 1095              	.LVL101:
 436:USB_DEVICE/Target/usbd_conf.c **** 
 1096              		.loc 1 436 16 view .LVU246
 1097 000c FFF7FEFF 		bl	HAL_PCD_EP_Open
 1098              	.LVL102:
 438:USB_DEVICE/Target/usbd_conf.c **** 
 1099              		.loc 1 438 3 is_stmt 1 view .LVU247
 438:USB_DEVICE/Target/usbd_conf.c **** 
 1100              		.loc 1 438 17 is_stmt 0 view .LVU248
 1101 0010 FFF7FEFF 		bl	USBD_Get_USB_Status
 1102              	.LVL103:
 440:USB_DEVICE/Target/usbd_conf.c **** }
 1103              		.loc 1 440 3 is_stmt 1 view .LVU249
 441:USB_DEVICE/Target/usbd_conf.c **** 
 1104              		.loc 1 441 1 is_stmt 0 view .LVU250
 1105 0014 08BD     		pop	{r3, pc}
 1106              		.cfi_endproc
 1107              	.LFE155:
 1109              		.section	.text.USBD_LL_CloseEP,"ax",%progbits
 1110              		.align	1
 1111              		.global	USBD_LL_CloseEP
 1112              		.syntax unified
 1113              		.thumb
 1114              		.thumb_func
 1116              	USBD_LL_CloseEP:
 1117              	.LVL104:
 1118              	.LFB156:
 450:USB_DEVICE/Target/usbd_conf.c ****   HAL_StatusTypeDef hal_status = HAL_OK;
 1119              		.loc 1 450 1 is_stmt 1 view -0
 1120              		.cfi_startproc
 1121              		@ args = 0, pretend = 0, frame = 0
 1122              		@ frame_needed = 0, uses_anonymous_args = 0
 450:USB_DEVICE/Target/usbd_conf.c ****   HAL_StatusTypeDef hal_status = HAL_OK;
 1123              		.loc 1 450 1 is_stmt 0 view .LVU252
 1124 0000 08B5     		push	{r3, lr}
 1125              	.LCFI23:
 1126              		.cfi_def_cfa_offset 8
 1127              		.cfi_offset 3, -8
 1128              		.cfi_offset 14, -4
ARM GAS  C:\Users\AD\AppData\Local\Temp\ccBSG7N4.s 			page 34


 451:USB_DEVICE/Target/usbd_conf.c ****   USBD_StatusTypeDef usb_status = USBD_OK;
 1129              		.loc 1 451 3 is_stmt 1 view .LVU253
 1130              	.LVL105:
 452:USB_DEVICE/Target/usbd_conf.c **** 
 1131              		.loc 1 452 3 view .LVU254
 454:USB_DEVICE/Target/usbd_conf.c **** 
 1132              		.loc 1 454 3 view .LVU255
 454:USB_DEVICE/Target/usbd_conf.c **** 
 1133              		.loc 1 454 16 is_stmt 0 view .LVU256
 1134 0002 D0F8C802 		ldr	r0, [r0, #712]
 1135              	.LVL106:
 454:USB_DEVICE/Target/usbd_conf.c **** 
 1136              		.loc 1 454 16 view .LVU257
 1137 0006 FFF7FEFF 		bl	HAL_PCD_EP_Close
 1138              	.LVL107:
 456:USB_DEVICE/Target/usbd_conf.c **** 
 1139              		.loc 1 456 3 is_stmt 1 view .LVU258
 456:USB_DEVICE/Target/usbd_conf.c **** 
 1140              		.loc 1 456 17 is_stmt 0 view .LVU259
 1141 000a FFF7FEFF 		bl	USBD_Get_USB_Status
 1142              	.LVL108:
 458:USB_DEVICE/Target/usbd_conf.c **** }
 1143              		.loc 1 458 3 is_stmt 1 view .LVU260
 459:USB_DEVICE/Target/usbd_conf.c **** 
 1144              		.loc 1 459 1 is_stmt 0 view .LVU261
 1145 000e 08BD     		pop	{r3, pc}
 1146              		.cfi_endproc
 1147              	.LFE156:
 1149              		.section	.text.USBD_LL_FlushEP,"ax",%progbits
 1150              		.align	1
 1151              		.global	USBD_LL_FlushEP
 1152              		.syntax unified
 1153              		.thumb
 1154              		.thumb_func
 1156              	USBD_LL_FlushEP:
 1157              	.LVL109:
 1158              	.LFB157:
 468:USB_DEVICE/Target/usbd_conf.c ****   HAL_StatusTypeDef hal_status = HAL_OK;
 1159              		.loc 1 468 1 is_stmt 1 view -0
 1160              		.cfi_startproc
 1161              		@ args = 0, pretend = 0, frame = 0
 1162              		@ frame_needed = 0, uses_anonymous_args = 0
 468:USB_DEVICE/Target/usbd_conf.c ****   HAL_StatusTypeDef hal_status = HAL_OK;
 1163              		.loc 1 468 1 is_stmt 0 view .LVU263
 1164 0000 08B5     		push	{r3, lr}
 1165              	.LCFI24:
 1166              		.cfi_def_cfa_offset 8
 1167              		.cfi_offset 3, -8
 1168              		.cfi_offset 14, -4
 469:USB_DEVICE/Target/usbd_conf.c ****   USBD_StatusTypeDef usb_status = USBD_OK;
 1169              		.loc 1 469 3 is_stmt 1 view .LVU264
 1170              	.LVL110:
 470:USB_DEVICE/Target/usbd_conf.c **** 
 1171              		.loc 1 470 3 view .LVU265
 472:USB_DEVICE/Target/usbd_conf.c **** 
 1172              		.loc 1 472 3 view .LVU266
 472:USB_DEVICE/Target/usbd_conf.c **** 
ARM GAS  C:\Users\AD\AppData\Local\Temp\ccBSG7N4.s 			page 35


 1173              		.loc 1 472 16 is_stmt 0 view .LVU267
 1174 0002 D0F8C802 		ldr	r0, [r0, #712]
 1175              	.LVL111:
 472:USB_DEVICE/Target/usbd_conf.c **** 
 1176              		.loc 1 472 16 view .LVU268
 1177 0006 FFF7FEFF 		bl	HAL_PCD_EP_Flush
 1178              	.LVL112:
 474:USB_DEVICE/Target/usbd_conf.c **** 
 1179              		.loc 1 474 3 is_stmt 1 view .LVU269
 474:USB_DEVICE/Target/usbd_conf.c **** 
 1180              		.loc 1 474 17 is_stmt 0 view .LVU270
 1181 000a FFF7FEFF 		bl	USBD_Get_USB_Status
 1182              	.LVL113:
 476:USB_DEVICE/Target/usbd_conf.c **** }
 1183              		.loc 1 476 3 is_stmt 1 view .LVU271
 477:USB_DEVICE/Target/usbd_conf.c **** 
 1184              		.loc 1 477 1 is_stmt 0 view .LVU272
 1185 000e 08BD     		pop	{r3, pc}
 1186              		.cfi_endproc
 1187              	.LFE157:
 1189              		.section	.text.USBD_LL_StallEP,"ax",%progbits
 1190              		.align	1
 1191              		.global	USBD_LL_StallEP
 1192              		.syntax unified
 1193              		.thumb
 1194              		.thumb_func
 1196              	USBD_LL_StallEP:
 1197              	.LVL114:
 1198              	.LFB158:
 486:USB_DEVICE/Target/usbd_conf.c ****   HAL_StatusTypeDef hal_status = HAL_OK;
 1199              		.loc 1 486 1 is_stmt 1 view -0
 1200              		.cfi_startproc
 1201              		@ args = 0, pretend = 0, frame = 0
 1202              		@ frame_needed = 0, uses_anonymous_args = 0
 486:USB_DEVICE/Target/usbd_conf.c ****   HAL_StatusTypeDef hal_status = HAL_OK;
 1203              		.loc 1 486 1 is_stmt 0 view .LVU274
 1204 0000 08B5     		push	{r3, lr}
 1205              	.LCFI25:
 1206              		.cfi_def_cfa_offset 8
 1207              		.cfi_offset 3, -8
 1208              		.cfi_offset 14, -4
 487:USB_DEVICE/Target/usbd_conf.c ****   USBD_StatusTypeDef usb_status = USBD_OK;
 1209              		.loc 1 487 3 is_stmt 1 view .LVU275
 1210              	.LVL115:
 488:USB_DEVICE/Target/usbd_conf.c **** 
 1211              		.loc 1 488 3 view .LVU276
 490:USB_DEVICE/Target/usbd_conf.c **** 
 1212              		.loc 1 490 3 view .LVU277
 490:USB_DEVICE/Target/usbd_conf.c **** 
 1213              		.loc 1 490 16 is_stmt 0 view .LVU278
 1214 0002 D0F8C802 		ldr	r0, [r0, #712]
 1215              	.LVL116:
 490:USB_DEVICE/Target/usbd_conf.c **** 
 1216              		.loc 1 490 16 view .LVU279
 1217 0006 FFF7FEFF 		bl	HAL_PCD_EP_SetStall
 1218              	.LVL117:
 492:USB_DEVICE/Target/usbd_conf.c **** 
ARM GAS  C:\Users\AD\AppData\Local\Temp\ccBSG7N4.s 			page 36


 1219              		.loc 1 492 3 is_stmt 1 view .LVU280
 492:USB_DEVICE/Target/usbd_conf.c **** 
 1220              		.loc 1 492 17 is_stmt 0 view .LVU281
 1221 000a FFF7FEFF 		bl	USBD_Get_USB_Status
 1222              	.LVL118:
 494:USB_DEVICE/Target/usbd_conf.c **** }
 1223              		.loc 1 494 3 is_stmt 1 view .LVU282
 495:USB_DEVICE/Target/usbd_conf.c **** 
 1224              		.loc 1 495 1 is_stmt 0 view .LVU283
 1225 000e 08BD     		pop	{r3, pc}
 1226              		.cfi_endproc
 1227              	.LFE158:
 1229              		.section	.text.USBD_LL_ClearStallEP,"ax",%progbits
 1230              		.align	1
 1231              		.global	USBD_LL_ClearStallEP
 1232              		.syntax unified
 1233              		.thumb
 1234              		.thumb_func
 1236              	USBD_LL_ClearStallEP:
 1237              	.LVL119:
 1238              	.LFB159:
 504:USB_DEVICE/Target/usbd_conf.c ****   HAL_StatusTypeDef hal_status = HAL_OK;
 1239              		.loc 1 504 1 is_stmt 1 view -0
 1240              		.cfi_startproc
 1241              		@ args = 0, pretend = 0, frame = 0
 1242              		@ frame_needed = 0, uses_anonymous_args = 0
 504:USB_DEVICE/Target/usbd_conf.c ****   HAL_StatusTypeDef hal_status = HAL_OK;
 1243              		.loc 1 504 1 is_stmt 0 view .LVU285
 1244 0000 08B5     		push	{r3, lr}
 1245              	.LCFI26:
 1246              		.cfi_def_cfa_offset 8
 1247              		.cfi_offset 3, -8
 1248              		.cfi_offset 14, -4
 505:USB_DEVICE/Target/usbd_conf.c ****   USBD_StatusTypeDef usb_status = USBD_OK;
 1249              		.loc 1 505 3 is_stmt 1 view .LVU286
 1250              	.LVL120:
 506:USB_DEVICE/Target/usbd_conf.c **** 
 1251              		.loc 1 506 3 view .LVU287
 508:USB_DEVICE/Target/usbd_conf.c **** 
 1252              		.loc 1 508 3 view .LVU288
 508:USB_DEVICE/Target/usbd_conf.c **** 
 1253              		.loc 1 508 16 is_stmt 0 view .LVU289
 1254 0002 D0F8C802 		ldr	r0, [r0, #712]
 1255              	.LVL121:
 508:USB_DEVICE/Target/usbd_conf.c **** 
 1256              		.loc 1 508 16 view .LVU290
 1257 0006 FFF7FEFF 		bl	HAL_PCD_EP_ClrStall
 1258              	.LVL122:
 510:USB_DEVICE/Target/usbd_conf.c **** 
 1259              		.loc 1 510 3 is_stmt 1 view .LVU291
 510:USB_DEVICE/Target/usbd_conf.c **** 
 1260              		.loc 1 510 17 is_stmt 0 view .LVU292
 1261 000a FFF7FEFF 		bl	USBD_Get_USB_Status
 1262              	.LVL123:
 512:USB_DEVICE/Target/usbd_conf.c **** }
 1263              		.loc 1 512 3 is_stmt 1 view .LVU293
 513:USB_DEVICE/Target/usbd_conf.c **** 
ARM GAS  C:\Users\AD\AppData\Local\Temp\ccBSG7N4.s 			page 37


 1264              		.loc 1 513 1 is_stmt 0 view .LVU294
 1265 000e 08BD     		pop	{r3, pc}
 1266              		.cfi_endproc
 1267              	.LFE159:
 1269              		.section	.text.USBD_LL_SetUSBAddress,"ax",%progbits
 1270              		.align	1
 1271              		.global	USBD_LL_SetUSBAddress
 1272              		.syntax unified
 1273              		.thumb
 1274              		.thumb_func
 1276              	USBD_LL_SetUSBAddress:
 1277              	.LVL124:
 1278              	.LFB161:
 542:USB_DEVICE/Target/usbd_conf.c ****   HAL_StatusTypeDef hal_status = HAL_OK;
 1279              		.loc 1 542 1 is_stmt 1 view -0
 1280              		.cfi_startproc
 1281              		@ args = 0, pretend = 0, frame = 0
 1282              		@ frame_needed = 0, uses_anonymous_args = 0
 542:USB_DEVICE/Target/usbd_conf.c ****   HAL_StatusTypeDef hal_status = HAL_OK;
 1283              		.loc 1 542 1 is_stmt 0 view .LVU296
 1284 0000 08B5     		push	{r3, lr}
 1285              	.LCFI27:
 1286              		.cfi_def_cfa_offset 8
 1287              		.cfi_offset 3, -8
 1288              		.cfi_offset 14, -4
 543:USB_DEVICE/Target/usbd_conf.c ****   USBD_StatusTypeDef usb_status = USBD_OK;
 1289              		.loc 1 543 3 is_stmt 1 view .LVU297
 1290              	.LVL125:
 544:USB_DEVICE/Target/usbd_conf.c **** 
 1291              		.loc 1 544 3 view .LVU298
 546:USB_DEVICE/Target/usbd_conf.c **** 
 1292              		.loc 1 546 3 view .LVU299
 546:USB_DEVICE/Target/usbd_conf.c **** 
 1293              		.loc 1 546 16 is_stmt 0 view .LVU300
 1294 0002 D0F8C802 		ldr	r0, [r0, #712]
 1295              	.LVL126:
 546:USB_DEVICE/Target/usbd_conf.c **** 
 1296              		.loc 1 546 16 view .LVU301
 1297 0006 FFF7FEFF 		bl	HAL_PCD_SetAddress
 1298              	.LVL127:
 548:USB_DEVICE/Target/usbd_conf.c **** 
 1299              		.loc 1 548 3 is_stmt 1 view .LVU302
 548:USB_DEVICE/Target/usbd_conf.c **** 
 1300              		.loc 1 548 17 is_stmt 0 view .LVU303
 1301 000a FFF7FEFF 		bl	USBD_Get_USB_Status
 1302              	.LVL128:
 550:USB_DEVICE/Target/usbd_conf.c **** }
 1303              		.loc 1 550 3 is_stmt 1 view .LVU304
 551:USB_DEVICE/Target/usbd_conf.c **** 
 1304              		.loc 1 551 1 is_stmt 0 view .LVU305
 1305 000e 08BD     		pop	{r3, pc}
 1306              		.cfi_endproc
 1307              	.LFE161:
 1309              		.section	.text.USBD_LL_Transmit,"ax",%progbits
 1310              		.align	1
 1311              		.global	USBD_LL_Transmit
 1312              		.syntax unified
ARM GAS  C:\Users\AD\AppData\Local\Temp\ccBSG7N4.s 			page 38


 1313              		.thumb
 1314              		.thumb_func
 1316              	USBD_LL_Transmit:
 1317              	.LVL129:
 1318              	.LFB162:
 562:USB_DEVICE/Target/usbd_conf.c ****   HAL_StatusTypeDef hal_status = HAL_OK;
 1319              		.loc 1 562 1 is_stmt 1 view -0
 1320              		.cfi_startproc
 1321              		@ args = 0, pretend = 0, frame = 0
 1322              		@ frame_needed = 0, uses_anonymous_args = 0
 562:USB_DEVICE/Target/usbd_conf.c ****   HAL_StatusTypeDef hal_status = HAL_OK;
 1323              		.loc 1 562 1 is_stmt 0 view .LVU307
 1324 0000 08B5     		push	{r3, lr}
 1325              	.LCFI28:
 1326              		.cfi_def_cfa_offset 8
 1327              		.cfi_offset 3, -8
 1328              		.cfi_offset 14, -4
 563:USB_DEVICE/Target/usbd_conf.c ****   USBD_StatusTypeDef usb_status = USBD_OK;
 1329              		.loc 1 563 3 is_stmt 1 view .LVU308
 1330              	.LVL130:
 564:USB_DEVICE/Target/usbd_conf.c **** 
 1331              		.loc 1 564 3 view .LVU309
 566:USB_DEVICE/Target/usbd_conf.c **** 
 1332              		.loc 1 566 3 view .LVU310
 566:USB_DEVICE/Target/usbd_conf.c **** 
 1333              		.loc 1 566 16 is_stmt 0 view .LVU311
 1334 0002 D0F8C802 		ldr	r0, [r0, #712]
 1335              	.LVL131:
 566:USB_DEVICE/Target/usbd_conf.c **** 
 1336              		.loc 1 566 16 view .LVU312
 1337 0006 FFF7FEFF 		bl	HAL_PCD_EP_Transmit
 1338              	.LVL132:
 568:USB_DEVICE/Target/usbd_conf.c **** 
 1339              		.loc 1 568 3 is_stmt 1 view .LVU313
 568:USB_DEVICE/Target/usbd_conf.c **** 
 1340              		.loc 1 568 17 is_stmt 0 view .LVU314
 1341 000a FFF7FEFF 		bl	USBD_Get_USB_Status
 1342              	.LVL133:
 570:USB_DEVICE/Target/usbd_conf.c **** }
 1343              		.loc 1 570 3 is_stmt 1 view .LVU315
 571:USB_DEVICE/Target/usbd_conf.c **** 
 1344              		.loc 1 571 1 is_stmt 0 view .LVU316
 1345 000e 08BD     		pop	{r3, pc}
 1346              		.cfi_endproc
 1347              	.LFE162:
 1349              		.section	.text.USBD_LL_PrepareReceive,"ax",%progbits
 1350              		.align	1
 1351              		.global	USBD_LL_PrepareReceive
 1352              		.syntax unified
 1353              		.thumb
 1354              		.thumb_func
 1356              	USBD_LL_PrepareReceive:
 1357              	.LVL134:
 1358              	.LFB163:
 582:USB_DEVICE/Target/usbd_conf.c ****   HAL_StatusTypeDef hal_status = HAL_OK;
 1359              		.loc 1 582 1 is_stmt 1 view -0
 1360              		.cfi_startproc
ARM GAS  C:\Users\AD\AppData\Local\Temp\ccBSG7N4.s 			page 39


 1361              		@ args = 0, pretend = 0, frame = 0
 1362              		@ frame_needed = 0, uses_anonymous_args = 0
 582:USB_DEVICE/Target/usbd_conf.c ****   HAL_StatusTypeDef hal_status = HAL_OK;
 1363              		.loc 1 582 1 is_stmt 0 view .LVU318
 1364 0000 08B5     		push	{r3, lr}
 1365              	.LCFI29:
 1366              		.cfi_def_cfa_offset 8
 1367              		.cfi_offset 3, -8
 1368              		.cfi_offset 14, -4
 583:USB_DEVICE/Target/usbd_conf.c ****   USBD_StatusTypeDef usb_status = USBD_OK;
 1369              		.loc 1 583 3 is_stmt 1 view .LVU319
 1370              	.LVL135:
 584:USB_DEVICE/Target/usbd_conf.c **** 
 1371              		.loc 1 584 3 view .LVU320
 586:USB_DEVICE/Target/usbd_conf.c **** 
 1372              		.loc 1 586 3 view .LVU321
 586:USB_DEVICE/Target/usbd_conf.c **** 
 1373              		.loc 1 586 16 is_stmt 0 view .LVU322
 1374 0002 D0F8C802 		ldr	r0, [r0, #712]
 1375              	.LVL136:
 586:USB_DEVICE/Target/usbd_conf.c **** 
 1376              		.loc 1 586 16 view .LVU323
 1377 0006 FFF7FEFF 		bl	HAL_PCD_EP_Receive
 1378              	.LVL137:
 588:USB_DEVICE/Target/usbd_conf.c **** 
 1379              		.loc 1 588 3 is_stmt 1 view .LVU324
 588:USB_DEVICE/Target/usbd_conf.c **** 
 1380              		.loc 1 588 17 is_stmt 0 view .LVU325
 1381 000a FFF7FEFF 		bl	USBD_Get_USB_Status
 1382              	.LVL138:
 590:USB_DEVICE/Target/usbd_conf.c **** }
 1383              		.loc 1 590 3 is_stmt 1 view .LVU326
 591:USB_DEVICE/Target/usbd_conf.c **** 
 1384              		.loc 1 591 1 is_stmt 0 view .LVU327
 1385 000e 08BD     		pop	{r3, pc}
 1386              		.cfi_endproc
 1387              	.LFE163:
 1389              		.section	.bss.mem.0,"aw",%nobits
 1390              		.align	2
 1393              	mem.0:
 1394 0000 00000000 		.space	544
 1394      00000000 
 1394      00000000 
 1394      00000000 
 1394      00000000 
 1395              		.global	hpcd_USB_OTG_FS
 1396              		.section	.bss.hpcd_USB_OTG_FS,"aw",%nobits
 1397              		.align	2
 1400              	hpcd_USB_OTG_FS:
 1401 0000 00000000 		.space	1252
 1401      00000000 
 1401      00000000 
 1401      00000000 
 1401      00000000 
 1402              		.text
 1403              	.Letext0:
 1404              		.file 2 "Drivers/CMSIS/Device/ST/STM32F4xx/Include/stm32f405xx.h"
ARM GAS  C:\Users\AD\AppData\Local\Temp\ccBSG7N4.s 			page 40


 1405              		.file 3 "C:/Program Files/arm-gnu-toolchain-14.2.rel1-mingw-w64-i686-arm-none-eabi/arm-none-eabi/i
 1406              		.file 4 "C:/Program Files/arm-gnu-toolchain-14.2.rel1-mingw-w64-i686-arm-none-eabi/arm-none-eabi/i
 1407              		.file 5 "Drivers/CMSIS/Include/core_cm4.h"
 1408              		.file 6 "Drivers/CMSIS/Device/ST/STM32F4xx/Include/stm32f4xx.h"
 1409              		.file 7 "Drivers/STM32F4xx_HAL_Driver/Inc/stm32f4xx_hal_def.h"
 1410              		.file 8 "Drivers/STM32F4xx_HAL_Driver/Inc/stm32f4xx_hal_gpio.h"
 1411              		.file 9 "Drivers/STM32F4xx_HAL_Driver/Inc/stm32f4xx_ll_usb.h"
 1412              		.file 10 "Drivers/STM32F4xx_HAL_Driver/Inc/stm32f4xx_hal_pcd.h"
 1413              		.file 11 "Middlewares/ST/STM32_USB_Device_Library/Core/Inc/usbd_def.h"
 1414              		.file 12 "Drivers/STM32F4xx_HAL_Driver/Inc/stm32f4xx_hal_pcd_ex.h"
 1415              		.file 13 "Middlewares/ST/STM32_USB_Device_Library/Core/Inc/usbd_core.h"
 1416              		.file 14 "Drivers/STM32F4xx_HAL_Driver/Inc/stm32f4xx_hal.h"
 1417              		.file 15 "Drivers/STM32F4xx_HAL_Driver/Inc/stm32f4xx_hal_cortex.h"
ARM GAS  C:\Users\AD\AppData\Local\Temp\ccBSG7N4.s 			page 41


DEFINED SYMBOLS
                            *ABS*:00000000 usbd_conf.c
C:\Users\AD\AppData\Local\Temp\ccBSG7N4.s:21     .text.HAL_PCD_MspInit:00000000 $t
C:\Users\AD\AppData\Local\Temp\ccBSG7N4.s:27     .text.HAL_PCD_MspInit:00000000 HAL_PCD_MspInit
C:\Users\AD\AppData\Local\Temp\ccBSG7N4.s:152    .text.HAL_PCD_MspInit:00000080 $d
C:\Users\AD\AppData\Local\Temp\ccBSG7N4.s:158    .text.HAL_PCD_MspDeInit:00000000 $t
C:\Users\AD\AppData\Local\Temp\ccBSG7N4.s:164    .text.HAL_PCD_MspDeInit:00000000 HAL_PCD_MspDeInit
C:\Users\AD\AppData\Local\Temp\ccBSG7N4.s:210    .text.HAL_PCD_MspDeInit:00000028 $d
C:\Users\AD\AppData\Local\Temp\ccBSG7N4.s:216    .text.HAL_PCD_SetupStageCallback:00000000 $t
C:\Users\AD\AppData\Local\Temp\ccBSG7N4.s:222    .text.HAL_PCD_SetupStageCallback:00000000 HAL_PCD_SetupStageCallback
C:\Users\AD\AppData\Local\Temp\ccBSG7N4.s:248    .text.HAL_PCD_DataOutStageCallback:00000000 $t
C:\Users\AD\AppData\Local\Temp\ccBSG7N4.s:254    .text.HAL_PCD_DataOutStageCallback:00000000 HAL_PCD_DataOutStageCallback
C:\Users\AD\AppData\Local\Temp\ccBSG7N4.s:282    .text.HAL_PCD_DataInStageCallback:00000000 $t
C:\Users\AD\AppData\Local\Temp\ccBSG7N4.s:288    .text.HAL_PCD_DataInStageCallback:00000000 HAL_PCD_DataInStageCallback
C:\Users\AD\AppData\Local\Temp\ccBSG7N4.s:316    .text.HAL_PCD_SOFCallback:00000000 $t
C:\Users\AD\AppData\Local\Temp\ccBSG7N4.s:322    .text.HAL_PCD_SOFCallback:00000000 HAL_PCD_SOFCallback
C:\Users\AD\AppData\Local\Temp\ccBSG7N4.s:347    .text.HAL_PCD_ResetCallback:00000000 $t
C:\Users\AD\AppData\Local\Temp\ccBSG7N4.s:353    .text.HAL_PCD_ResetCallback:00000000 HAL_PCD_ResetCallback
C:\Users\AD\AppData\Local\Temp\ccBSG7N4.s:404    .text.HAL_PCD_SuspendCallback:00000000 $t
C:\Users\AD\AppData\Local\Temp\ccBSG7N4.s:410    .text.HAL_PCD_SuspendCallback:00000000 HAL_PCD_SuspendCallback
C:\Users\AD\AppData\Local\Temp\ccBSG7N4.s:455    .text.HAL_PCD_SuspendCallback:0000002c $d
C:\Users\AD\AppData\Local\Temp\ccBSG7N4.s:460    .text.HAL_PCD_ResumeCallback:00000000 $t
C:\Users\AD\AppData\Local\Temp\ccBSG7N4.s:466    .text.HAL_PCD_ResumeCallback:00000000 HAL_PCD_ResumeCallback
C:\Users\AD\AppData\Local\Temp\ccBSG7N4.s:491    .text.HAL_PCD_ISOOUTIncompleteCallback:00000000 $t
C:\Users\AD\AppData\Local\Temp\ccBSG7N4.s:497    .text.HAL_PCD_ISOOUTIncompleteCallback:00000000 HAL_PCD_ISOOUTIncompleteCallback
C:\Users\AD\AppData\Local\Temp\ccBSG7N4.s:522    .text.HAL_PCD_ISOINIncompleteCallback:00000000 $t
C:\Users\AD\AppData\Local\Temp\ccBSG7N4.s:528    .text.HAL_PCD_ISOINIncompleteCallback:00000000 HAL_PCD_ISOINIncompleteCallback
C:\Users\AD\AppData\Local\Temp\ccBSG7N4.s:553    .text.HAL_PCD_ConnectCallback:00000000 $t
C:\Users\AD\AppData\Local\Temp\ccBSG7N4.s:559    .text.HAL_PCD_ConnectCallback:00000000 HAL_PCD_ConnectCallback
C:\Users\AD\AppData\Local\Temp\ccBSG7N4.s:584    .text.HAL_PCD_DisconnectCallback:00000000 $t
C:\Users\AD\AppData\Local\Temp\ccBSG7N4.s:590    .text.HAL_PCD_DisconnectCallback:00000000 HAL_PCD_DisconnectCallback
C:\Users\AD\AppData\Local\Temp\ccBSG7N4.s:615    .text.USBD_LL_Init:00000000 $t
C:\Users\AD\AppData\Local\Temp\ccBSG7N4.s:621    .text.USBD_LL_Init:00000000 USBD_LL_Init
C:\Users\AD\AppData\Local\Temp\ccBSG7N4.s:730    .text.USBD_LL_Init:00000064 $d
C:\Users\AD\AppData\Local\Temp\ccBSG7N4.s:1400   .bss.hpcd_USB_OTG_FS:00000000 hpcd_USB_OTG_FS
C:\Users\AD\AppData\Local\Temp\ccBSG7N4.s:735    .text.USBD_LL_IsStallEP:00000000 $t
C:\Users\AD\AppData\Local\Temp\ccBSG7N4.s:741    .text.USBD_LL_IsStallEP:00000000 USBD_LL_IsStallEP
C:\Users\AD\AppData\Local\Temp\ccBSG7N4.s:789    .text.USBD_LL_GetRxDataSize:00000000 $t
C:\Users\AD\AppData\Local\Temp\ccBSG7N4.s:795    .text.USBD_LL_GetRxDataSize:00000000 USBD_LL_GetRxDataSize
C:\Users\AD\AppData\Local\Temp\ccBSG7N4.s:821    .text.USBD_static_malloc:00000000 $t
C:\Users\AD\AppData\Local\Temp\ccBSG7N4.s:827    .text.USBD_static_malloc:00000000 USBD_static_malloc
C:\Users\AD\AppData\Local\Temp\ccBSG7N4.s:845    .text.USBD_static_malloc:00000004 $d
C:\Users\AD\AppData\Local\Temp\ccBSG7N4.s:1393   .bss.mem.0:00000000 mem.0
C:\Users\AD\AppData\Local\Temp\ccBSG7N4.s:850    .text.USBD_static_free:00000000 $t
C:\Users\AD\AppData\Local\Temp\ccBSG7N4.s:856    .text.USBD_static_free:00000000 USBD_static_free
C:\Users\AD\AppData\Local\Temp\ccBSG7N4.s:870    .text.USBD_LL_Delay:00000000 $t
C:\Users\AD\AppData\Local\Temp\ccBSG7N4.s:876    .text.USBD_LL_Delay:00000000 USBD_LL_Delay
C:\Users\AD\AppData\Local\Temp\ccBSG7N4.s:898    .text.USBD_Get_USB_Status:00000000 $t
C:\Users\AD\AppData\Local\Temp\ccBSG7N4.s:904    .text.USBD_Get_USB_Status:00000000 USBD_Get_USB_Status
C:\Users\AD\AppData\Local\Temp\ccBSG7N4.s:918    .text.USBD_Get_USB_Status:00000008 $d
C:\Users\AD\AppData\Local\Temp\ccBSG7N4.s:922    .text.USBD_Get_USB_Status:0000000c $t
C:\Users\AD\AppData\Local\Temp\ccBSG7N4.s:945    .text.USBD_LL_DeInit:00000000 $t
C:\Users\AD\AppData\Local\Temp\ccBSG7N4.s:951    .text.USBD_LL_DeInit:00000000 USBD_LL_DeInit
C:\Users\AD\AppData\Local\Temp\ccBSG7N4.s:985    .text.USBD_LL_Start:00000000 $t
C:\Users\AD\AppData\Local\Temp\ccBSG7N4.s:991    .text.USBD_LL_Start:00000000 USBD_LL_Start
C:\Users\AD\AppData\Local\Temp\ccBSG7N4.s:1025   .text.USBD_LL_Stop:00000000 $t
C:\Users\AD\AppData\Local\Temp\ccBSG7N4.s:1031   .text.USBD_LL_Stop:00000000 USBD_LL_Stop
ARM GAS  C:\Users\AD\AppData\Local\Temp\ccBSG7N4.s 			page 42


C:\Users\AD\AppData\Local\Temp\ccBSG7N4.s:1065   .text.USBD_LL_OpenEP:00000000 $t
C:\Users\AD\AppData\Local\Temp\ccBSG7N4.s:1071   .text.USBD_LL_OpenEP:00000000 USBD_LL_OpenEP
C:\Users\AD\AppData\Local\Temp\ccBSG7N4.s:1110   .text.USBD_LL_CloseEP:00000000 $t
C:\Users\AD\AppData\Local\Temp\ccBSG7N4.s:1116   .text.USBD_LL_CloseEP:00000000 USBD_LL_CloseEP
C:\Users\AD\AppData\Local\Temp\ccBSG7N4.s:1150   .text.USBD_LL_FlushEP:00000000 $t
C:\Users\AD\AppData\Local\Temp\ccBSG7N4.s:1156   .text.USBD_LL_FlushEP:00000000 USBD_LL_FlushEP
C:\Users\AD\AppData\Local\Temp\ccBSG7N4.s:1190   .text.USBD_LL_StallEP:00000000 $t
C:\Users\AD\AppData\Local\Temp\ccBSG7N4.s:1196   .text.USBD_LL_StallEP:00000000 USBD_LL_StallEP
C:\Users\AD\AppData\Local\Temp\ccBSG7N4.s:1230   .text.USBD_LL_ClearStallEP:00000000 $t
C:\Users\AD\AppData\Local\Temp\ccBSG7N4.s:1236   .text.USBD_LL_ClearStallEP:00000000 USBD_LL_ClearStallEP
C:\Users\AD\AppData\Local\Temp\ccBSG7N4.s:1270   .text.USBD_LL_SetUSBAddress:00000000 $t
C:\Users\AD\AppData\Local\Temp\ccBSG7N4.s:1276   .text.USBD_LL_SetUSBAddress:00000000 USBD_LL_SetUSBAddress
C:\Users\AD\AppData\Local\Temp\ccBSG7N4.s:1310   .text.USBD_LL_Transmit:00000000 $t
C:\Users\AD\AppData\Local\Temp\ccBSG7N4.s:1316   .text.USBD_LL_Transmit:00000000 USBD_LL_Transmit
C:\Users\AD\AppData\Local\Temp\ccBSG7N4.s:1350   .text.USBD_LL_PrepareReceive:00000000 $t
C:\Users\AD\AppData\Local\Temp\ccBSG7N4.s:1356   .text.USBD_LL_PrepareReceive:00000000 USBD_LL_PrepareReceive
C:\Users\AD\AppData\Local\Temp\ccBSG7N4.s:1390   .bss.mem.0:00000000 $d
C:\Users\AD\AppData\Local\Temp\ccBSG7N4.s:1397   .bss.hpcd_USB_OTG_FS:00000000 $d

UNDEFINED SYMBOLS
HAL_GPIO_Init
HAL_NVIC_SetPriority
HAL_NVIC_EnableIRQ
HAL_GPIO_DeInit
HAL_NVIC_DisableIRQ
USBD_LL_SetupStage
USBD_LL_DataOutStage
USBD_LL_DataInStage
USBD_LL_SOF
USBD_LL_SetSpeed
USBD_LL_Reset
Error_Handler
USBD_LL_Suspend
USBD_LL_Resume
USBD_LL_IsoOUTIncomplete
USBD_LL_IsoINIncomplete
USBD_LL_DevConnected
USBD_LL_DevDisconnected
HAL_PCD_Init
HAL_PCDEx_SetRxFiFo
HAL_PCDEx_SetTxFiFo
HAL_PCD_EP_GetRxCount
HAL_Delay
HAL_PCD_DeInit
HAL_PCD_Start
HAL_PCD_Stop
HAL_PCD_EP_Open
HAL_PCD_EP_Close
HAL_PCD_EP_Flush
HAL_PCD_EP_SetStall
HAL_PCD_EP_ClrStall
HAL_PCD_SetAddress
HAL_PCD_EP_Transmit
HAL_PCD_EP_Receive
